image,true_grade,pred_grade,summary,tts_text,audio_path,duration_s,gen_time_s,rtf,transcript,wer,utmos
4095_right,0,0.0,The fundus image shows no signs of diabetic retinopathy. The patient should be monitored regularly to detect any changes.,The fundus image shows no signs of diabetic retinopathy. The patient should be monitored regularly to detect any changes.,/kaggle/working/audio/4095_right.wav,9.37,1.77,0.189, The fundus image shows no signs of diabetic retinopathy. The patient should be monitored regularly to detect any changes.,0.0,4.028966426849365
11527_left,0,2.0,"The image shows microaneurysms and hemorrhages, indicating moderate non-proliferative diabetic retinopathy. Further monitoring is needed to assess for progression.","The image shows microaneurysms and hemorrhages, indicating moderate non proliferative diabetic retinopathy. Further monitoring is needed to assess for progression.",/kaggle/working/audio/11527_left.wav,12.41,2.35,0.19, The image shows microneurisms and hemorrhages indicating moderate non-proliferative diabetic retinopathy. Further monitoring is needed to assess for progression.,0.05,3.87263822555542
35004_right,0,1.0,"The image shows microaneurysms, indicating mild non-proliferative diabetic retinopathy. No other significant findings are present.","The image shows microaneurysms, indicating mild non proliferative diabetic retinopathy. No other significant findings are present.",/kaggle/working/audio/35004_right.wav,10.42,1.97,0.189," The image shows micronarisms, indicating mild non-proliferative diabetic retinopathy. No other significant findings are present.",0.0625,4.306277751922607
25941_left,0,1.0,"The image shows microaneurysms, indicating mild non-proliferative diabetic retinopathy. No other significant findings are present.","The image shows microaneurysms, indicating mild non proliferative diabetic retinopathy. No other significant findings are present.",/kaggle/working/audio/25941_left.wav,10.71,2.05,0.191, The image shows micronurisms indicating mild non-proliferative diabetic retinopathy. No other significant findings are present.,0.0625,4.366151809692383
28774_right,0,2.0,The image shows moderate non-proliferative diabetic retinopathy with microaneurysms. There are no signs of severe features like hemorrhages or neovascularization.,The image shows moderate non proliferative diabetic retinopathy with microaneurysms. There are no signs of severe features like hemorrhages or neovascularization.,/kaggle/working/audio/28774_right.wav,12.66,2.4,0.19," The image shows moderate, non-proliferative, diabetic retinopathy with myconeurisms. There are no signs of severe features like hemorrhages or neovascularization.",0.047619047619047616,4.15236759185791
17561_left,0,0.0,The fundus appears normal with no signs of diabetic retinopathy. No treatment is currently indicated.,The fundus appears normal with no signs of diabetic retinopathy. No treatment is currently indicated.,/kaggle/working/audio/17561_left.wav,7.54,1.39,0.185, The fundus appears normal with no signs of diabetic retinopathy. No treatment is currently indicated.,0.0,4.395192623138428
8316_right,0,0.0,"The fundus appears normal with no signs of diabetic retinopathy. No microaneurysms, hemorrhages, or other abnormalities are present.","The fundus appears normal with no signs of diabetic retinopathy. No microaneurysms, hemorrhages, or other abnormalities are present.",/kaggle/working/audio/8316_right.wav,10.65,1.98,0.186," The fundus appears normal, with no signs of diabetic retinopathy. No micronurisms, hemorrhages, or other abnormalities are present.",0.05555555555555555,4.014569282531738
21539_right,0,0.0,The fundus image shows no signs of diabetic retinopathy. The patient should be monitored regularly to detect any progression.,The fundus image shows no signs of diabetic retinopathy. The patient should be monitored regularly to detect any progression.,/kaggle/working/audio/21539_right.wav,9.4,1.74,0.186, The fundus image shows no signs of diabetic retinopathy. The patient should be monitored regularly to detect any progression.,0.0,4.390236854553223
42485_right,0,0.0,The fundus image shows no signs of diabetic retinopathy. A follow-up examination is recommended in 6 months to monitor for any changes.,The fundus image shows no signs of diabetic retinopathy. A follow up examination is recommended in 6 months to monitor for any changes.,/kaggle/working/audio/42485_right.wav,10.49,1.96,0.187, The fundus image shows no signs of diabetic retinopathy. A follow-up examination is recommended in months to monitor for any changes.,0.043478260869565216,4.345304489135742
32246_right,0,0.0,The image shows no signs of diabetic retinopathy. The fundus appears normal. Regular follow-up is recommended.,The image shows no signs of diabetic retinopathy. The fundus appears normal. Regular follow up is recommended.,/kaggle/working/audio/32246_right.wav,8.71,1.63,0.188, The image shows no signs of diabetic retinopathy. The fundus appears normal. Regular follow-up is recommended.,0.0,3.989140748977661
18923_right,0,0.0,"The image shows no signs of diabetic retinopathy. No microaneurysms, hemorrhages, or other abnormalities are visible.","The image shows no signs of diabetic retinopathy. No microaneurysms, hemorrhages, or other abnormalities are visible.",/kaggle/working/audio/18923_right.wav,9.53,1.78,0.187," The image shows no signs of diabetic retinopathy. No micronurisms, hemorrhages, or other abnormalities are visible.",0.0625,4.239688396453857
42070_left,0,0.0,"The fundus image shows no signs of diabetic retinopathy. No microaneurysms, hemorrhages, or other abnormalities are present.","The fundus image shows no signs of diabetic retinopathy. No microaneurysms, hemorrhages, or other abnormalities are present.",/kaggle/working/audio/42070_left.wav,9.82,1.8,0.183," The fundus image shows no signs of diabetic retinopathy. No microneurisms, hemorrhages, or other abnormalities are present.",0.058823529411764705,4.350764274597168
42515_left,0,1.0,"The image shows microaneurysms, indicating mild non-proliferative diabetic retinopathy. No other significant findings are present.","The image shows microaneurysms, indicating mild non proliferative diabetic retinopathy. No other significant findings are present.",/kaggle/working/audio/42515_left.wav,10.46,1.95,0.187, The image shows microneurisms indicating mild non-proliferative diabetic retinopathy. No other significant findings are present.,0.0625,4.1741766929626465
19627_right,0,0.0,The fundus image shows no signs of diabetic retinopathy. The patient should be monitored regularly to detect any changes.,The fundus image shows no signs of diabetic retinopathy. The patient should be monitored regularly to detect any changes.,/kaggle/working/audio/19627_right.wav,9.37,1.77,0.189, The fundus image shows no signs of diabetic retinopathy. The patient should be monitored regularly to detect any changes.,0.0,4.36661434173584
26020_right,0,1.0,"The image shows microaneurysms, indicating mild non-proliferative diabetic retinopathy. No other significant findings are present.","The image shows microaneurysms, indicating mild non proliferative diabetic retinopathy. No other significant findings are present.",/kaggle/working/audio/26020_right.wav,10.58,1.98,0.187, The image shows micronarisms indicating mild non-proliferative diabetic retinopathy. No other significant findings are present.,0.0625,4.313436508178711
41965_right,0,0.0,The fundus image shows no signs of diabetic retinopathy. The patient should be monitored regularly to detect any changes.,The fundus image shows no signs of diabetic retinopathy. The patient should be monitored regularly to detect any changes.,/kaggle/working/audio/41965_right.wav,9.4,1.78,0.189, The fundus image shows no signs of diabetic retinopathy. The patient should be monitored regularly to detect any changes.,0.0,4.23452615737915
35277_left,0,0.0,The fundus appears normal with no signs of diabetic retinopathy. No treatment is currently indicated.,The fundus appears normal with no signs of diabetic retinopathy. No treatment is currently indicated.,/kaggle/working/audio/35277_left.wav,7.54,1.43,0.189," The fundus appears normal, with no signs of diabetic retinopathy. No treatment is currently indicated.",0.0,4.381394386291504
15644_left,0,0.0,"The image shows no signs of diabetic retinopathy. No microaneurysms, hemorrhages, or other abnormalities are present.","The image shows no signs of diabetic retinopathy. No microaneurysms, hemorrhages, or other abnormalities are present.",/kaggle/working/audio/15644_left.wav,9.37,1.75,0.187," The image shows no signs of diabetic retinopathy, no micronarisms, hemorrhages, or other abnormalities are present.",0.0625,4.219601154327393
40014_left,0,0.0,The image shows no signs of diabetic retinopathy. The patient is currently at low risk for progression.,The image shows no signs of diabetic retinopathy. The patient is currently at low risk for progression.,/kaggle/working/audio/40014_left.wav,7.32,1.36,0.186, the image shows no signs of diabetic retinopathy. The patient is currently at low risk for progression.,0.0,4.283450603485107
13536_right,0,0.0,The fundus image shows no signs of diabetic retinopathy. The patient should be monitored regularly to detect any future changes.,The fundus image shows no signs of diabetic retinopathy. The patient should be monitored regularly to detect any future changes.,/kaggle/working/audio/13536_right.wav,9.69,1.83,0.189, The fundus image shows no signs of diabetic retinopathy. The patient should be monitored regularly to detect any future changes.,0.0,4.330827713012695
27067_left,0,0.0,The fundus image shows no signs of diabetic retinopathy. The patient should be monitored regularly to detect any changes.,The fundus image shows no signs of diabetic retinopathy. The patient should be monitored regularly to detect any changes.,/kaggle/working/audio/27067_left.wav,9.5,1.77,0.186, The fundus image shows no signs of diabetic retinopathy. The patient should be monitored regularly to detect any changes.,0.0,4.373649597167969
7024_right,0,0.0,The fundus appears normal with no signs of diabetic retinopathy. No abnormalities were detected.,The fundus appears normal with no signs of diabetic retinopathy. No abnormalities were detected.,/kaggle/working/audio/7024_right.wav,7.58,1.45,0.192, The fund disappears normal with no signs of diabetic retinopathy. No abnormalities were detected.,0.14285714285714285,4.375148773193359
35298_left,0,1.0,"The image shows microaneurysms, indicating mild non-proliferative diabetic retinopathy. No other significant findings are present.","The image shows microaneurysms, indicating mild non proliferative diabetic retinopathy. No other significant findings are present.",/kaggle/working/audio/35298_left.wav,10.58,2.0,0.189, The image shows micronurisms indicating mild non-proliferative diabetic retinopathy. No other significant findings are present.,0.0625,4.334386825561523
2840_left,0,0.0,The image shows no signs of diabetic retinopathy. A follow-up appointment is recommended to monitor for any changes.,The image shows no signs of diabetic retinopathy. A follow up appointment is recommended to monitor for any changes.,/kaggle/working/audio/2840_left.wav,8.57,1.6,0.187, The image shows no signs of diabetic retinopathy. A follow-up appointment is recommended to monitor for any changes.,0.0,4.364728927612305
11232_left,0,0.0,The fundus image shows no signs of diabetic retinopathy. The patient should be monitored regularly to detect any changes.,The fundus image shows no signs of diabetic retinopathy. The patient should be monitored regularly to detect any changes.,/kaggle/working/audio/11232_left.wav,9.21,1.71,0.186, The fundus image shows no signs of diabetic retinopathy. The patient should be monitored regularly to detect any changes.,0.0,4.388870716094971
14333_right,0,0.0,The fundus image shows no signs of diabetic retinopathy. The patient should be monitored regularly to detect any changes.,The fundus image shows no signs of diabetic retinopathy. The patient should be monitored regularly to detect any changes.,/kaggle/working/audio/14333_right.wav,9.14,1.73,0.189, The fundus image shows no signs of diabetic retinopathy. The patient should be monitored regularly to detect any changes.,0.0,4.202941417694092
23850_left,0,0.0,"The fundus image shows no signs of diabetic retinopathy. No microaneurysms, hemorrhages, or other abnormalities are present.","The fundus image shows no signs of diabetic retinopathy. No microaneurysms, hemorrhages, or other abnormalities are present.",/kaggle/working/audio/23850_left.wav,10.2,1.91,0.187," The fundus image shows no signs of diabetic retinopathy. No microneurisms, hemorrhages, or other abnormalities are present.",0.058823529411764705,4.3582844734191895
41948_right,0,0.0,The fundus appears normal with no signs of diabetic retinopathy. No abnormalities were detected.,The fundus appears normal with no signs of diabetic retinopathy. No abnormalities were detected.,/kaggle/working/audio/41948_right.wav,7.64,1.42,0.186," The fund disappears normal, with no signs of diabetic retinopathy. No abnormalities were detected.",0.14285714285714285,4.187023639678955
4274_left,0,0.0,The fundus appears normal with no signs of diabetic retinopathy. A follow-up examination is recommended in 6 months to monitor for any changes.,The fundus appears normal with no signs of diabetic retinopathy. A follow up examination is recommended in 6 months to monitor for any changes.,/kaggle/working/audio/4274_left.wav,11.19,2.06,0.184, The fund disappears normal with no signs of diabetic retinopathy. A follow-up examination is recommended in months to monitor for any changes.,0.125,3.8818070888519287
8320_left,0,0.0,The fundus image shows no signs of diabetic retinopathy. The patient should be monitored regularly to detect any changes.,The fundus image shows no signs of diabetic retinopathy. The patient should be monitored regularly to detect any changes.,/kaggle/working/audio/8320_left.wav,9.24,1.69,0.183, The fundus image shows no signs of diabetic retinopathy. The patient should be monitored regularly to detect any changes.,0.0,4.36400842666626
13769_left,0,1.0,"The image shows microaneurysms, indicating mild non-proliferative diabetic retinopathy. No other significant findings are present.","The image shows microaneurysms, indicating mild non proliferative diabetic retinopathy. No other significant findings are present.",/kaggle/working/audio/13769_left.wav,10.62,2.05,0.193, The image shows micronurisms indicating mild nonproliferative diabetic retinopathy. No other significant findings are present.,0.1875,3.8473715782165527
27496_left,0,1.0,"The image shows microaneurysms, indicating mild non-proliferative diabetic retinopathy. No other significant findings are present.","The image shows microaneurysms, indicating mild non proliferative diabetic retinopathy. No other significant findings are present.",/kaggle/working/audio/27496_left.wav,10.49,1.99,0.19, The image shows microneurisms indicating mild nonproliferative diabetic retinopathy. No other significant findings are present.,0.1875,4.255281448364258
32089_left,0,1.0,"The image shows microaneurysms, indicating mild non-proliferative diabetic retinopathy. No other significant findings are present.","The image shows microaneurysms, indicating mild non proliferative diabetic retinopathy. No other significant findings are present.",/kaggle/working/audio/32089_left.wav,10.3,2.03,0.198, The image shows microneurisms indicating mild non-proliferative diabetic retinopathy. No other significant findings are present.,0.0625,4.3301615715026855
19180_left,0,1.0,"The image shows microaneurysms, indicating mild non-proliferative diabetic retinopathy. No other significant findings are present.","The image shows microaneurysms, indicating mild non proliferative diabetic retinopathy. No other significant findings are present.",/kaggle/working/audio/19180_left.wav,10.71,2.01,0.188, The image shows microneurisms indicating mild non-proliferative diabetic retinopathy. No other significant findings are present.,0.0625,4.302231788635254
9857_left,0,0.0,The fundus image shows no signs of diabetic retinopathy. The patient should be monitored regularly to detect any changes.,The fundus image shows no signs of diabetic retinopathy. The patient should be monitored regularly to detect any changes.,/kaggle/working/audio/9857_left.wav,9.27,1.7,0.184, The fundus image shows no signs of diabetic retinopathy. The patient should be monitored regularly to detect any changes.,0.0,4.409797191619873
32942_right,0,1.0,"The image shows microaneurysms, indicating mild non-proliferative diabetic retinopathy. There are no other significant findings.","The image shows microaneurysms, indicating mild non proliferative diabetic retinopathy. There are no other significant findings.",/kaggle/working/audio/32942_right.wav,9.94,1.86,0.187," The image shows microneurisms, indicating mild, non-proliferative diabetic retinopathy. There are no other significant findings.",0.0625,4.26902961730957
3758_right,0,1.0,"The image shows microaneurysms, indicating mild non-proliferative diabetic retinopathy. There are no other significant findings.","The image shows microaneurysms, indicating mild non proliferative diabetic retinopathy. There are no other significant findings.",/kaggle/working/audio/3758_right.wav,9.78,1.83,0.187, The image shows microneurisms indicating mild non-proliferative diabetic retinopathy. There are no other significant findings.,0.0625,4.135068416595459
6193_left,0,1.0,"The image shows microaneurysms, indicating mild non-proliferative diabetic retinopathy. No other significant findings are present.","The image shows microaneurysms, indicating mild non proliferative diabetic retinopathy. No other significant findings are present.",/kaggle/working/audio/6193_left.wav,10.62,1.99,0.188, The image shows microneurisms indicating mild non-proliferative diabetic retinopathy. No other significant findings are present.,0.0625,3.8769142627716064
41645_right,0,1.0,"The image shows microaneurysms, indicating mild non-proliferative diabetic retinopathy. No other significant findings are present.","The image shows microaneurysms, indicating mild non proliferative diabetic retinopathy. No other significant findings are present.",/kaggle/working/audio/41645_right.wav,10.33,1.9,0.184, The image shows microneurisms indicating mild non-proliferative diabetic retinopathy. No other significant findings are present.,0.0625,4.12053918838501
6429_left,0,1.0,"The image shows microaneurysms, indicating mild non-proliferative diabetic retinopathy. No other significant findings are present.","The image shows microaneurysms, indicating mild non proliferative diabetic retinopathy. No other significant findings are present.",/kaggle/working/audio/6429_left.wav,10.74,1.98,0.184," The image shows microneurisms, indicating mild, non-proliferative diabetic retinopathy. No other significant findings are present.",0.0625,4.241532325744629
20325_right,0,0.0,"The fundus image shows no signs of diabetic retinopathy. No microaneurysms, hemorrhages, or other abnormalities are present.","The fundus image shows no signs of diabetic retinopathy. No microaneurysms, hemorrhages, or other abnormalities are present.",/kaggle/working/audio/20325_right.wav,10.01,1.84,0.184," The fundus image shows no signs of diabetic retinopathy, no microneurisms, haemorrhages, or other abnormalities are present.",0.11764705882352941,4.293153762817383
14981_right,0,1.0,"The image shows microaneurysms, indicating mild non-proliferative diabetic retinopathy. No other significant findings are present.","The image shows microaneurysms, indicating mild non proliferative diabetic retinopathy. No other significant findings are present.",/kaggle/working/audio/14981_right.wav,10.52,1.94,0.184," The image shows micronurisms, indicating mild non-proliferative diabetic retinopathy. No other significant findings are present.",0.0625,4.358284950256348
29407_right,0,1.0,"The image shows microaneurysms, indicating mild non-proliferative diabetic retinopathy. No other significant findings are present.","The image shows microaneurysms, indicating mild non proliferative diabetic retinopathy. No other significant findings are present.",/kaggle/working/audio/29407_right.wav,10.42,1.95,0.187, The image shows microneurisms indicating mild non-proliferative diabetic retinopathy. No other significant findings are present.,0.0625,4.000885486602783
29043_left,0,0.0,The image shows no signs of diabetic retinopathy. The patient should be monitored regularly to detect any progression.,The image shows no signs of diabetic retinopathy. The patient should be monitored regularly to detect any progression.,/kaggle/working/audio/29043_left.wav,8.92,1.66,0.186, the image shows no signs of diabetic retinopathy. The patient should be monitored regularly to detect any progression.,0.0,4.285022258758545
41287_left,0,1.0,"The image shows microaneurysms, indicating mild non-proliferative diabetic retinopathy. No other significant findings are present.","The image shows microaneurysms, indicating mild non proliferative diabetic retinopathy. No other significant findings are present.",/kaggle/working/audio/41287_left.wav,10.46,1.95,0.186, The image shows micronurisms indicating mild non-proliferative diabetic retinopathy. No other significant findings are present.,0.0625,4.065149307250977
24542_left,0,1.0,"The image shows microaneurysms, indicating mild non-proliferative diabetic retinopathy. No other significant findings are present.","The image shows microaneurysms, indicating mild non proliferative diabetic retinopathy. No other significant findings are present.",/kaggle/working/audio/24542_left.wav,10.52,1.97,0.188," The image shows micronurisms indicating mild, non-proliferative diabetic retinopathy. No other significant findings are present.",0.0625,4.184013366699219
5573_right,0,2.0,"The image shows microaneurysms and hemorrhages, indicating moderate non-proliferative diabetic retinopathy. Further monitoring is needed to assess for progression.","The image shows microaneurysms and hemorrhages, indicating moderate non proliferative diabetic retinopathy. Further monitoring is needed to assess for progression.",/kaggle/working/audio/5573_right.wav,12.09,2.24,0.185, The image shows microneurisms and hemorrhages indicating moderate non-proliferative diabetic retinopathy. Further monitoring is needed to assess for progression.,0.05,4.163232326507568
1394_left,0,1.0,"The image shows microaneurysms, indicating mild non-proliferative diabetic retinopathy. There are no other significant findings.","The image shows microaneurysms, indicating mild non proliferative diabetic retinopathy. There are no other significant findings.",/kaggle/working/audio/1394_left.wav,9.82,1.83,0.186," The image shows microneurisms, indicating mild nonproliferative diabetic retinopathy. There are no other significant findings.",0.1875,3.86423921585083
43816_left,0,0.0,The fundus image shows no signs of diabetic retinopathy. The patient should be monitored regularly to detect any progression.,The fundus image shows no signs of diabetic retinopathy. The patient should be monitored regularly to detect any progression.,/kaggle/working/audio/43816_left.wav,9.56,1.81,0.189, The fundus image shows no signs of diabetic retinopathy. The patient should be monitored regularly to detect any progression.,0.0,4.305909156799316
34526_right,0,3.0,"The image shows significant retinal findings, including microaneurysms, hemorrhages, hard exudates, and cotton wool spots. This indicates a high level of diabetic retinopathy.","The image shows significant retinal findings, including microaneurysms, hemorrhages, hard exudates, and cotton wool spots. This indicates a high level of diabetic retinopathy.",/kaggle/working/audio/34526_right.wav,13.05,2.47,0.189," The image shows significant retinal findings, including microneurisms, hemorrhages, hard exudates and cotton wool spots. This indicates a high level of diabetic retinopathy.",0.043478260869565216,4.310300827026367
41804_left,1,1.0,"The image shows microaneurysms, indicating mild non-proliferative diabetic retinopathy. No other significant findings are present.","The image shows microaneurysms, indicating mild non proliferative diabetic retinopathy. No other significant findings are present.",/kaggle/working/audio/41804_left.wav,10.42,1.96,0.188, The image shows microneurisms indicating mild non-proliferative diabetic retinopathy. No other significant findings are present.,0.0625,4.1481828689575195
20404_right,1,0.0,The fundus image shows no signs of diabetic retinopathy. The patient should be monitored regularly to detect any progression.,The fundus image shows no signs of diabetic retinopathy. The patient should be monitored regularly to detect any progression.,/kaggle/working/audio/20404_right.wav,9.88,1.85,0.187, The fundus image shows no signs of diabetic retinopathy. The patient should be monitored regularly to detect any progression.,0.0,4.210720539093018
17317_left,1,0.0,The fundus image shows no signs of diabetic retinopathy. The patient should be monitored regularly to detect any changes.,The fundus image shows no signs of diabetic retinopathy. The patient should be monitored regularly to detect any changes.,/kaggle/working/audio/17317_left.wav,9.24,1.71,0.185, The fundus image shows no signs of diabetic retinopathy. The patient should be monitored regularly to detect any changes.,0.0,4.417901039123535
40757_right,1,0.0,"The fundus image shows no signs of diabetic retinopathy. No microaneurysms, hemorrhages, or other abnormalities are present.","The fundus image shows no signs of diabetic retinopathy. No microaneurysms, hemorrhages, or other abnormalities are present.",/kaggle/working/audio/40757_right.wav,10.17,1.95,0.192," The fundus image shows no signs of diabetic retinopathy. No microneurisms, hemorrhages, or other abnormalities are present.",0.058823529411764705,4.386574745178223
41863_right,1,2.0,"The image shows moderate non-proliferative diabetic retinopathy with microaneurysms, hemorrhages, hard exudates, and cotton wool spots. The patient should be monitored closely for progression.","The image shows moderate non proliferative diabetic retinopathy with microaneurysms, hemorrhages, hard exudates, and cotton wool spots. The patient should be monitored closely for progression.",/kaggle/working/audio/41863_right.wav,13.72,2.55,0.186," The image shows moderate non-proliferative diabetic retinopathy with microneurisms, hemorrhages, hard exudates, and cotton wool spots. The patient should be monitored closely for progression.",0.04,4.249670505523682
15855_right,1,1.0,"The image shows microaneurysms, indicating mild non-proliferative diabetic retinopathy. No other significant findings are present.","The image shows microaneurysms, indicating mild non proliferative diabetic retinopathy. No other significant findings are present.",/kaggle/working/audio/15855_right.wav,10.74,2.01,0.187, The image shows microneurisms indicating mild non-proliferative diabetic retinopathy. No other significant findings are present.,0.0625,4.255971908569336
8513_right,1,1.0,"The image shows microaneurysms, indicating mild non-proliferative diabetic retinopathy. No other significant findings are present.","The image shows microaneurysms, indicating mild non proliferative diabetic retinopathy. No other significant findings are present.",/kaggle/working/audio/8513_right.wav,10.55,1.96,0.186, The image shows micronarisms indicating mild non-proliferative diabetic retinopathy. No other significant findings are present.,0.0625,3.8475635051727295
8889_left,1,0.0,The fundus image shows no signs of diabetic retinopathy. The patient should be monitored regularly to detect any changes.,The fundus image shows no signs of diabetic retinopathy. The patient should be monitored regularly to detect any changes.,/kaggle/working/audio/8889_left.wav,9.27,1.71,0.184, The fundus image shows no signs of diabetic retinopathy. The patient should be monitored regularly to detect any changes.,0.0,4.413989067077637
38163_left,1,0.0,The fundus image shows no signs of diabetic retinopathy. A follow-up examination is recommended in 6 months to monitor for any changes.,The fundus image shows no signs of diabetic retinopathy. A follow up examination is recommended in 6 months to monitor for any changes.,/kaggle/working/audio/38163_left.wav,10.55,1.98,0.188, The fundus image shows no signs of diabetic retinopathy. A follow-up examination is recommended in months to monitor for any changes.,0.043478260869565216,4.08165168762207
16818_left,1,1.0,"The image shows microaneurysms, indicating mild non-proliferative diabetic retinopathy. No other significant findings are present.","The image shows microaneurysms, indicating mild non proliferative diabetic retinopathy. No other significant findings are present.",/kaggle/working/audio/16818_left.wav,10.46,1.93,0.185, The image shows micronurisms indicating mild nonproliferative diabetic retinopathy. No other significant findings are present.,0.1875,3.9540581703186035
6175_right,1,2.0,"The image shows microaneurysms and hemorrhages, indicating moderate non-proliferative diabetic retinopathy. Further monitoring is recommended to assess for progression.","The image shows microaneurysms and hemorrhages, indicating moderate non proliferative diabetic retinopathy. Further monitoring is recommended to assess for progression.",/kaggle/working/audio/6175_right.wav,12.66,2.36,0.186, The image shows microinerisms and hemorrhages indicating moderate nonproliferative diabetic retinopathy. Further monitoring is recommended to assess for progression.,0.15,4.2543463706970215
13643_right,1,2.0,"The fundus image shows microaneurysms and hemorrhages, indicating moderate non-proliferative diabetic retinopathy. Further monitoring is recommended to assess for progression.","The fundus image shows microaneurysms and hemorrhages, indicating moderate non proliferative diabetic retinopathy. Further monitoring is recommended to assess for progression.",/kaggle/working/audio/13643_right.wav,13.08,2.46,0.188, The fundus image shows microneurisms and hemorrhages indicating moderate nonproliferative diabetic retinopathy. Further monitoring is recommended to assess for progression.,0.14285714285714285,4.204929351806641
43973_right,1,0.0,The fundus image shows no signs of diabetic retinopathy. The patient should be monitored regularly to detect any progression.,The fundus image shows no signs of diabetic retinopathy. The patient should be monitored regularly to detect any progression.,/kaggle/working/audio/43973_right.wav,9.5,1.87,0.197, The fundus image shows no signs of diabetic retinopathy. The patient should be monitored regularly to detect any progression.,0.0,4.354607582092285
19859_right,1,2.0,"The image shows microaneurysms and hemorrhages, indicating moderate non-proliferative diabetic retinopathy. Further monitoring is needed to assess for progression.","The image shows microaneurysms and hemorrhages, indicating moderate non proliferative diabetic retinopathy. Further monitoring is needed to assess for progression.",/kaggle/working/audio/19859_right.wav,12.15,2.43,0.2," The image shows microneurisms and hemorrhages, indicating moderate nonproliferative diabetic retinopathy. Further monitoring is needed to assess for progression.",0.15,4.3436970710754395
25203_left,1,0.0,"The fundus image shows no signs of diabetic retinopathy. No microaneurysms, hemorrhages, or other abnormalities are present.","The fundus image shows no signs of diabetic retinopathy. No microaneurysms, hemorrhages, or other abnormalities are present.",/kaggle/working/audio/25203_left.wav,10.1,1.88,0.186," The fundus image shows no signs of diabetic retinopathy. No microneurisms, hemorrhages, or other abnormalities are present.",0.058823529411764705,4.411409378051758
9959_right,1,1.0,"The image shows microaneurysms, indicating mild non-proliferative diabetic retinopathy. No other significant findings are present.","The image shows microaneurysms, indicating mild non proliferative diabetic retinopathy. No other significant findings are present.",/kaggle/working/audio/9959_right.wav,10.55,1.96,0.185, The image shows microneurisms indicating mild non-proliferative diabetic retinopathy. No other significant findings are present.,0.0625,4.308695316314697
16612_right,1,2.0,The image shows moderate non-proliferative diabetic retinopathy with microaneurysms and hemorrhages. Further monitoring is needed to assess for progression.,The image shows moderate non proliferative diabetic retinopathy with microaneurysms and hemorrhages. Further monitoring is needed to assess for progression.,/kaggle/working/audio/16612_right.wav,11.83,2.23,0.188, The image shows moderate non-proliferative diabetic retinopathy with microneurisms and hemorrhages. Further monitoring is needed to assess for progression.,0.05,4.317902565002441
6772_left,1,2.0,"The image shows microaneurysms and hemorrhages, indicating moderate non-proliferative diabetic retinopathy. Further monitoring is needed to assess for progression.","The image shows microaneurysms and hemorrhages, indicating moderate non proliferative diabetic retinopathy. Further monitoring is needed to assess for progression.",/kaggle/working/audio/6772_left.wav,11.86,2.25,0.19," The image shows microneurisms and hemorrhages, indicating moderate non-proliferative diabetic retinopathy. Further monitoring is needed to assess for progression.",0.05,4.188427448272705
10297_right,1,0.0,The fundus image shows no signs of diabetic retinopathy. The patient should be monitored regularly to detect any changes.,The fundus image shows no signs of diabetic retinopathy. The patient should be monitored regularly to detect any changes.,/kaggle/working/audio/10297_right.wav,9.27,1.71,0.184, The fundus image shows no signs of diabetic retinopathy. The patient should be monitored regularly to detect any changes.,0.0,4.422022819519043
1932_right,1,1.0,"The image shows microaneurysms, indicating mild non-proliferative diabetic retinopathy. No other significant findings are present.","The image shows microaneurysms, indicating mild non proliferative diabetic retinopathy. No other significant findings are present.",/kaggle/working/audio/1932_right.wav,10.46,1.93,0.185, The image shows microneurisms indicating mild non-proliferative diabetic retinopathy. No other significant findings are present.,0.0625,4.35037088394165
4885_right,1,2.0,"The image shows microaneurysms and hemorrhages, indicating moderate non-proliferative diabetic retinopathy. Further monitoring is needed to assess for progression.","The image shows microaneurysms and hemorrhages, indicating moderate non proliferative diabetic retinopathy. Further monitoring is needed to assess for progression.",/kaggle/working/audio/4885_right.wav,12.02,2.21,0.183," The image shows microneurisms and hemorrhages, indicating moderate non-proliferative diabetic retinopathy. Further monitoring is needed to assess for progression.",0.05,4.11172342300415
20019_left,1,2.0,"The image shows microaneurysms and hemorrhages, indicating moderate non-proliferative diabetic retinopathy. Further monitoring is needed to assess for progression.","The image shows microaneurysms and hemorrhages, indicating moderate non proliferative diabetic retinopathy. Further monitoring is needed to assess for progression.",/kaggle/working/audio/20019_left.wav,12.34,2.32,0.188," The image shows microneurisms and hemorrhages, indicating moderate non-proliferative diabetic retinopathy. Further monitoring is needed to assess for progression.",0.05,3.958277463912964
32307_left,1,2.0,The image shows moderate non-proliferative diabetic retinopathy with microaneurysms and hemorrhages. Further evaluation is needed to assess for progression.,The image shows moderate non proliferative diabetic retinopathy with microaneurysms and hemorrhages. Further evaluation is needed to assess for progression.,/kaggle/working/audio/32307_left.wav,12.09,2.35,0.195, The image shows moderate non-proliferative diabetic retinopathy with microneurisms and hemorrhages. Further evaluation is needed to assess for progression.,0.05,4.168028354644775
19849_right,1,1.0,"The image shows microaneurysms, indicating mild non-proliferative diabetic retinopathy. No other significant findings are present.","The image shows microaneurysms, indicating mild non proliferative diabetic retinopathy. No other significant findings are present.",/kaggle/working/audio/19849_right.wav,10.52,1.97,0.187, The image shows microneurisms indicating mild non-proliferative diabetic retinopathy. No other significant findings are present.,0.0625,3.996514320373535
42615_left,1,2.0,"The image shows microaneurysms, indicating moderate non-proliferative diabetic retinopathy. No other significant findings are present.","The image shows microaneurysms, indicating moderate non proliferative diabetic retinopathy. No other significant findings are present.",/kaggle/working/audio/42615_left.wav,10.55,1.98,0.188, The image shows microneurisms indicating moderate non-proliferative diabetic retinopathy. No other significant findings are present.,0.0625,4.318573951721191
28455_right,1,1.0,"The image shows microaneurysms, indicating mild non-proliferative diabetic retinopathy. No other significant findings are present.","The image shows microaneurysms, indicating mild non proliferative diabetic retinopathy. No other significant findings are present.",/kaggle/working/audio/28455_right.wav,10.58,1.93,0.182, The image shows microneurisms indicating mild non-proliferative diabetic retinopathy. No other significant findings are present.,0.0625,3.9667930603027344
12070_right,1,0.0,The fundus appears normal. No signs of diabetic retinopathy are present.,The fundus appears normal. No signs of diabetic retinopathy are present.,/kaggle/working/audio/12070_right.wav,6.1,1.1,0.18, The fundus appears normal. No signs of diabetic retinopathy are present.,0.0,4.3660569190979
5994_right,1,1.0,"The image shows microaneurysms, indicating mild non-proliferative diabetic retinopathy. No other significant findings are present.","The image shows microaneurysms, indicating mild non proliferative diabetic retinopathy. No other significant findings are present.",/kaggle/working/audio/5994_right.wav,10.49,1.99,0.19, The image shows microneurisms indicating mild non-proliferative diabetic retinopathy. No other significant findings are present.,0.0625,4.065286636352539
14825_right,1,0.0,The fundus image shows no signs of diabetic retinopathy. A follow-up appointment is recommended to monitor for any future development of diabetic retinopathy.,The fundus image shows no signs of diabetic retinopathy. A follow up appointment is recommended to monitor for any future development of diabetic retinopathy.,/kaggle/working/audio/14825_right.wav,12.89,2.38,0.185, The fundus image shows no signs of diabetic retinopathy. A follow-up appointment is recommended to monitor for any future development of diabetic retinopathy.,0.0,4.293489933013916
21294_right,1,1.0,"The image shows microaneurysms, indicating mild non-proliferative diabetic retinopathy. No other significant findings are present.","The image shows microaneurysms, indicating mild non proliferative diabetic retinopathy. No other significant findings are present.",/kaggle/working/audio/21294_right.wav,10.71,1.97,0.184," The image shows microneurisms, indicating mild, non-proliferative diabetic retinopathy. No other significant findings are present.",0.0625,4.215682029724121
2034_left,1,2.0,The image shows moderate non-proliferative diabetic retinopathy with microaneurysms and hemorrhages. Further monitoring is needed to assess for progression.,The image shows moderate non proliferative diabetic retinopathy with microaneurysms and hemorrhages. Further monitoring is needed to assess for progression.,/kaggle/working/audio/2034_left.wav,11.7,2.18,0.186, The image shows moderate non-proliferative diabetic retinopathy with microneurisms and hemorrhages. Further monitoring is needed to assess for progression.,0.05,4.375709533691406
43291_left,1,0.0,The image shows no signs of diabetic retinopathy. The patient should be monitored regularly to detect any changes.,The image shows no signs of diabetic retinopathy. The patient should be monitored regularly to detect any changes.,/kaggle/working/audio/43291_left.wav,8.6,1.57,0.183, The image shows no signs of diabetic retinopathy. The patient should be monitored regularly to detect any changes.,0.0,4.350632190704346
24668_right,1,2.0,The image shows moderate non-proliferative diabetic retinopathy with microaneurysms and hemorrhages. Further monitoring is recommended to assess for progression.,The image shows moderate non proliferative diabetic retinopathy with microaneurysms and hemorrhages. Further monitoring is recommended to assess for progression.,/kaggle/working/audio/24668_right.wav,12.38,2.37,0.191, The image shows moderate non-proliferative diabetic retinopathy with micronurisms and hemorrhages. Further monitoring is recommended to assess for progression.,0.05,4.318918704986572
27534_right,1,1.0,"The image shows microaneurysms, indicating mild non-proliferative diabetic retinopathy. There are no other significant findings.","The image shows microaneurysms, indicating mild non proliferative diabetic retinopathy. There are no other significant findings.",/kaggle/working/audio/27534_right.wav,9.88,1.81,0.183," The image shows micronurisms, indicating mild non-proliferative diabetic retinopathy. There are no other significant findings.",0.0625,4.188303470611572
3587_right,1,2.0,"The image shows microaneurysms and hemorrhages, indicating moderate non-proliferative diabetic retinopathy. Further monitoring is needed to assess for progression.","The image shows microaneurysms and hemorrhages, indicating moderate non proliferative diabetic retinopathy. Further monitoring is needed to assess for progression.",/kaggle/working/audio/3587_right.wav,12.25,2.23,0.182," The image shows micronarisms and hemorrhages, indicating moderate non-proliferative diabetic retinopathy. Further monitoring is needed to assess for progression.",0.05,4.299465656280518
17732_right,1,1.0,"The image shows microaneurysms, indicating mild non-proliferative diabetic retinopathy. No other significant findings are present.","The image shows microaneurysms, indicating mild non proliferative diabetic retinopathy. No other significant findings are present.",/kaggle/working/audio/17732_right.wav,10.46,1.93,0.184, The image shows microneurisms indicating mild non-proliferative diabetic retinopathy. No other significant findings are present.,0.0625,4.347097396850586
21513_right,1,2.0,The image shows moderate non-proliferative diabetic retinopathy with microaneurysms and hemorrhages. No signs of severe features or neovascularization are present.,The image shows moderate non proliferative diabetic retinopathy with microaneurysms and hemorrhages. No signs of severe features or neovascularization are present.,/kaggle/working/audio/21513_right.wav,13.02,2.37,0.182, The image shows moderate non-proliferative diabetic retinopathy with microneurisms and hemorrhages. No signs of severe features or neovascularization are present.,0.047619047619047616,4.123398780822754
24299_left,1,2.0,The image shows moderate non-proliferative diabetic retinopathy with microaneurysms and hemorrhages. Further evaluation is needed to assess for progression.,The image shows moderate non proliferative diabetic retinopathy with microaneurysms and hemorrhages. Further evaluation is needed to assess for progression.,/kaggle/working/audio/24299_left.wav,11.93,2.22,0.186, The image shows moderate non-proliferative diabetic retinopathy with micro-neurisms and hemorrhages. Further evaluation is needed to assess for progression.,0.1,4.233428001403809
28905_left,1,1.0,"The image shows microaneurysms, indicating mild non-proliferative diabetic retinopathy. No other significant findings are present.","The image shows microaneurysms, indicating mild non proliferative diabetic retinopathy. No other significant findings are present.",/kaggle/working/audio/28905_left.wav,10.65,1.96,0.184, The image shows microneurisms indicating mild non-proliferative diabetic retinopathy. No other significant findings are present.,0.0625,4.115458965301514
25458_left,1,1.0,"The image shows microaneurysms, indicating mild non-proliferative diabetic retinopathy. No other significant findings are present.","The image shows microaneurysms, indicating mild non proliferative diabetic retinopathy. No other significant findings are present.",/kaggle/working/audio/25458_left.wav,10.71,1.99,0.186, The image shows micronurisms indicating mild nonproliferative diabetic retinopathy. No other significant findings are present.,0.1875,4.261539936065674
4524_right,1,0.0,The image shows no signs of diabetic retinopathy. The patient should be monitored regularly to detect any changes.,The image shows no signs of diabetic retinopathy. The patient should be monitored regularly to detect any changes.,/kaggle/working/audio/4524_right.wav,8.82,1.61,0.182, The image shows no signs of diabetic retinopathy. The patient should be monitored regularly to detect any changes.,0.0,4.4130964279174805
13333_right,1,3.0,"The image shows a fundus with numerous microaneurysms, indicating severe non-proliferative diabetic retinopathy. There are no signs of neovascularization or significant hemorrhages.","The image shows a fundus with numerous microaneurysms, indicating severe non proliferative diabetic retinopathy. There are no signs of neovascularization or significant hemorrhages.",/kaggle/working/audio/13333_right.wav,14.58,2.8,0.192," The image shows a fundus with numerous micronurisms indicating severe, non-proliferative diabetic retinopathy. There are no signs of neovascularization or significant hemorrhages.",0.043478260869565216,4.314942836761475
26319_right,1,2.0,The image shows moderate non-proliferative diabetic retinopathy with microaneurysms and hemorrhages. Further monitoring is recommended to assess for progression.,The image shows moderate non proliferative diabetic retinopathy with microaneurysms and hemorrhages. Further monitoring is recommended to assess for progression.,/kaggle/working/audio/26319_right.wav,12.34,2.26,0.183, The image shows moderate non-proliferative diabetic retinopathy with micronurisms and hemorrhages. Further monitoring is recommended to assess for progression.,0.05,4.281712532043457
30146_right,1,0.0,The fundus image shows no signs of diabetic retinopathy. The patient should be monitored regularly to detect any progression.,The fundus image shows no signs of diabetic retinopathy. The patient should be monitored regularly to detect any progression.,/kaggle/working/audio/30146_right.wav,9.37,1.71,0.182, The fundus image shows no signs of diabetic retinopathy. The patient should be monitored regularly to detect any progression.,0.0,3.9856491088867188
26487_right,1,1.0,"The image shows microaneurysms, indicating mild non-proliferative diabetic retinopathy. No other significant findings are present.","The image shows microaneurysms, indicating mild non proliferative diabetic retinopathy. No other significant findings are present.",/kaggle/working/audio/26487_right.wav,10.58,1.97,0.186, The image shows micronurisms indicating mild non-proliferative diabetic retinopathy. No other significant findings are present.,0.0625,3.964785575866699
20784_left,1,1.0,"The image shows microaneurysms, indicating mild non-proliferative diabetic retinopathy. There are no other significant findings.","The image shows microaneurysms, indicating mild non proliferative diabetic retinopathy. There are no other significant findings.",/kaggle/working/audio/20784_left.wav,9.72,1.82,0.187, The image shows microneurisms indicating mild non-proliferative diabetic retinopathy. There are no other significant findings.,0.0625,4.248624801635742
37675_right,1,0.0,The image shows no signs of diabetic retinopathy. The fundus appears normal. A follow-up exam is recommended to monitor for any future changes.,The image shows no signs of diabetic retinopathy. The fundus appears normal. A follow up exam is recommended to monitor for any future changes.,/kaggle/working/audio/37675_right.wav,11.24,2.12,0.189, The image shows no signs of diabetic retinopathy. The fundus appears normal. A follow-up exam is recommended to monitor for any future changes.,0.0,4.3766655921936035
27223_left,1,2.0,The image shows moderate non-proliferative diabetic retinopathy with microaneurysms and hemorrhages. Further evaluation is needed to assess for progression.,The image shows moderate non proliferative diabetic retinopathy with microaneurysms and hemorrhages. Further evaluation is needed to assess for progression.,/kaggle/working/audio/27223_left.wav,12.02,2.22,0.185, The image shows moderate non-proliferative diabetic retinopathy with microneurisms and hemorrhages. Further evaluation is needed to assess for progression.,0.05,4.343634605407715
12547_right,1,2.0,"The image shows microaneurysms, indicating moderate non-proliferative diabetic retinopathy. There are no other significant findings.","The image shows microaneurysms, indicating moderate non proliferative diabetic retinopathy. There are no other significant findings.",/kaggle/working/audio/12547_right.wav,9.91,1.83,0.185, The image shows microneurisms indicating moderate non-proliferative diabetic retinopathy. There are no other significant findings.,0.0625,4.2953338623046875
19075_right,1,2.0,"The image shows microaneurysms and hemorrhages, indicating moderate non-proliferative diabetic retinopathy. Further monitoring is needed to assess for progression.","The image shows microaneurysms and hemorrhages, indicating moderate non proliferative diabetic retinopathy. Further monitoring is needed to assess for progression.",/kaggle/working/audio/19075_right.wav,12.25,2.35,0.192, The image shows microneurisms and hemorrhages indicating moderate non-proliferative diabetic retinopathy. Further monitoring is needed to assess for progression.,0.05,4.327883243560791
4698_right,2,2.0,The image shows moderate non-proliferative diabetic retinopathy with microaneurysms and hemorrhages. No signs of severe features or neovascularization are present.,The image shows moderate non proliferative diabetic retinopathy with microaneurysms and hemorrhages. No signs of severe features or neovascularization are present.,/kaggle/working/audio/4698_right.wav,13.27,2.47,0.186, The image shows moderate non-proliferative diabetic retinopathy with microneurisms and hemorrhages. No signs of severe features or neovascularization are present.,0.047619047619047616,4.271324157714844
17139_left,2,2.0,"The image shows microaneurysms and hemorrhages, indicating moderate non-proliferative diabetic retinopathy. Further monitoring is needed to assess for progression.","The image shows microaneurysms and hemorrhages, indicating moderate non proliferative diabetic retinopathy. Further monitoring is needed to assess for progression.",/kaggle/working/audio/17139_left.wav,12.02,2.27,0.189, The image shows microneurisms and hemorrhages indicating moderate nonproliferative diabetic retinopathy. Further monitoring is needed to assess for progression.,0.15,4.348358154296875
31568_right,2,3.0,"The image shows significant diabetic retinopathy with microaneurysms, hemorrhages, hard exudates, cotton wool spots, and venous beading. This indicates a high risk of progression.","The image shows significant diabetic retinopathy with microaneurysms, hemorrhages, hard exudates, cotton wool spots, and venous beading. This indicates a high risk of progression.",/kaggle/working/audio/31568_right.wav,13.43,2.52,0.188," The image shows significant diabetic retinopathy with microneurisms, hemorrhages, hard exudates, cotton wool spots, and venous beading. This indicates a high risk of progression.",0.041666666666666664,4.337174892425537
33323_left,2,4.0,"The image shows significant diabetic retinopathy with neovascularization, hemorrhages, and exudates. This indicates a high risk for vision loss and requires prompt specialist attention.","The image shows significant diabetic retinopathy with neovascularization, hemorrhages, and exudates. This indicates a high risk for vision loss and requires prompt specialist attention.",/kaggle/working/audio/33323_left.wav,14.33,2.69,0.188," The image shows significant diabetic retinopathy with neovascularization, hemorrhages, and exudates. This indicates a high risk for vision loss and requires prompt specialist attention.",0.0,4.2432966232299805
2011_left,2,2.0,"The image shows microaneurysms and hemorrhages, indicating moderate non-proliferative diabetic retinopathy. Further monitoring is recommended to assess for progression.","The image shows microaneurysms and hemorrhages, indicating moderate non proliferative diabetic retinopathy. Further monitoring is recommended to assess for progression.",/kaggle/working/audio/2011_left.wav,12.63,2.35,0.186," The image shows microneurisms and hemorrhages, indicating moderate nonproliferative diabetic retinopathy. Further monitoring is recommended to assess for progression.",0.15,3.9416093826293945
12536_left,2,2.0,The image shows moderate non-proliferative diabetic retinopathy with microaneurysms and hemorrhages. No signs of severe features or neovascularization are present.,The image shows moderate non proliferative diabetic retinopathy with microaneurysms and hemorrhages. No signs of severe features or neovascularization are present.,/kaggle/working/audio/12536_left.wav,13.37,2.6,0.194, The image shows moderate non-proliferative diabetic retinopathy with microneurisms and hemorrhages. No signs of severe features or neovascularization are present.,0.047619047619047616,4.1996750831604
40980_left,2,2.0,"The image shows moderate non-proliferative diabetic retinopathy with microaneurysms, hemorrhages, and cotton wool spots. Further evaluation is needed to assess for progression.","The image shows moderate non proliferative diabetic retinopathy with microaneurysms, hemorrhages, and cotton wool spots. Further evaluation is needed to assess for progression.",/kaggle/working/audio/40980_left.wav,13.21,2.49,0.188," The image shows moderate non-proliferative diabetic retinopathy with microneurisms, hemorrhages, and cotton wool spots. Further evaluation is needed to assess for progression.",0.043478260869565216,4.210920810699463
39192_left,2,2.0,"The image shows moderate non-proliferative diabetic retinopathy with microaneurysms, hemorrhages, hard exudates, and cotton wool spots. The patient should be monitored closely for progression.","The image shows moderate non proliferative diabetic retinopathy with microaneurysms, hemorrhages, hard exudates, and cotton wool spots. The patient should be monitored closely for progression.",/kaggle/working/audio/39192_left.wav,13.85,2.61,0.188," The image shows moderate non-proliferative diabetic retinopathy with mycorhneurisms, hemorrhages, hard exudates, and cotton wool spots. The patient should be monitored closely for progression.",0.04,4.165374279022217
40213_right,2,4.0,"This image shows significant retinal findings, including microaneurysms, hemorrhages, cotton wool spots, venous beading, and neovascularization. This indicates a high-risk diabetic retinopathy.","This image shows significant retinal findings, including microaneurysms, hemorrhages, cotton wool spots, venous beading, and neovascularization. This indicates a high risk diabetic retinopathy.",/kaggle/working/audio/40213_right.wav,14.46,2.72,0.188," This image shows significant retinal findings, including microneurisms, hemorrhages, cotton wool spots, venous beading, and neovascularization. This indicates a high-risk diabetic retinopathy.",0.043478260869565216,4.03205680847168
40622_left,2,2.0,"The image shows microaneurysms, indicating moderate non-proliferative diabetic retinopathy. No other significant findings are present.","The image shows microaneurysms, indicating moderate non proliferative diabetic retinopathy. No other significant findings are present.",/kaggle/working/audio/40622_left.wav,10.62,2.09,0.197, The image shows microneurisms indicating moderate non-proliferative diabetic retinopathy. No other significant findings are present.,0.0625,4.359672546386719
27379_left,2,1.0,"The image shows microaneurysms, indicating mild non-proliferative diabetic retinopathy. No other significant findings are present.","The image shows microaneurysms, indicating mild non proliferative diabetic retinopathy. No other significant findings are present.",/kaggle/working/audio/27379_left.wav,10.62,2.0,0.188," The image shows micronurisms indicating mild, nonproliferative diabetic retinopathy. No other significant findings are present.",0.1875,4.287638187408447
16038_left,2,2.0,"The image shows moderate non-proliferative diabetic retinopathy with microaneurysms, hemorrhages, and hard exudates. Further evaluation is needed to monitor for progression.","The image shows moderate non proliferative diabetic retinopathy with microaneurysms, hemorrhages, and hard exudates. Further evaluation is needed to monitor for progression.",/kaggle/working/audio/16038_left.wav,13.69,2.59,0.189," The image shows moderate non-proliferative diabetic retinopathy with microneurisms, hemorrhages, and hard exudates. Further evaluation is needed to monitor for progression.",0.045454545454545456,4.332732677459717
22043_left,2,4.0,"This image shows significant retinal hemorrhages, cotton wool spots, and venous beading, indicating a high level of diabetic retinopathy. The presence of neovascularization suggests a proliferative stage.","This image shows significant retinal hemorrhages, cotton wool spots, and venous beading, indicating a high level of diabetic retinopathy. The presence of neovascularization suggests a proliferative stage.",/kaggle/working/audio/22043_left.wav,14.81,2.75,0.186," This image shows significant retinal hemorrhages, cotton wool spots, and venous beading indicating a high level of diabetic retinopathy. The presence of neovascularization suggests a proliferative stage.",0.0,4.323832035064697
9528_right,2,3.0,"The image shows significant microaneurysms, hemorrhages, hard exudates, cotton wool spots, and venous beading. This indicates severe non-proliferative diabetic retinopathy.","The image shows significant microaneurysms, hemorrhages, hard exudates, cotton wool spots, and venous beading. This indicates severe non proliferative diabetic retinopathy.",/kaggle/working/audio/9528_right.wav,13.05,2.47,0.19," The image shows significant microneurisms, hemorrhages, hard exudates, cotton wool spots and venous beading. This indicates severe, non-proliferative diabetic retinopathy.",0.047619047619047616,4.276557445526123
6276_right,2,2.0,"The image shows moderate non-proliferative diabetic retinopathy with microaneurysms, hemorrhages, hard exudates, and cotton wool spots. Further monitoring is needed to assess for progression.","The image shows moderate non proliferative diabetic retinopathy with microaneurysms, hemorrhages, hard exudates, and cotton wool spots. Further monitoring is needed to assess for progression.",/kaggle/working/audio/6276_right.wav,14.14,2.65,0.188," The image shows moderate non-proliferative diabetic retinopathy with micronurisms, hemorrhages, hard exudates, and cotton wool spots. Further monitoring is needed to assess for progression.",0.04,4.3034348487854
42392_left,2,2.0,"The image shows moderate non-proliferative diabetic retinopathy with microaneurysms, hemorrhages, hard exudates, and cotton wool spots. Further monitoring is needed to assess for progression.","The image shows moderate non proliferative diabetic retinopathy with microaneurysms, hemorrhages, hard exudates, and cotton wool spots. Further monitoring is needed to assess for progression.",/kaggle/working/audio/42392_left.wav,14.23,2.66,0.187," The image shows moderate non-proliferative diabetic retinopathy with microneurisms, hemorrhages, hard exudates, and cotton wool spots. Further monitoring is needed to assess for progression.",0.04,4.310373306274414
21192_left,2,2.0,"The image shows microaneurysms and hemorrhages, indicating moderate non-proliferative diabetic retinopathy. Further monitoring is needed to assess for progression.","The image shows microaneurysms and hemorrhages, indicating moderate non proliferative diabetic retinopathy. Further monitoring is needed to assess for progression.",/kaggle/working/audio/21192_left.wav,12.31,2.31,0.187, The image shows microneurisms and hemorrhages indicating moderate non-proliferative diabetic retinopathy. Further monitoring is needed to assess for progression.,0.05,4.309077739715576
9232_left,2,0.0,The fundus image shows no signs of diabetic retinopathy. A follow-up examination is recommended in 6 months to monitor for any changes.,The fundus image shows no signs of diabetic retinopathy. A follow up examination is recommended in 6 months to monitor for any changes.,/kaggle/working/audio/9232_left.wav,10.65,2.08,0.196, The fundus image shows no signs of diabetic retinopathy. A follow-up examination is recommended in months to monitor for any changes.,0.043478260869565216,4.215130805969238
38935_left,2,2.0,The image shows moderate non-proliferative diabetic retinopathy with microaneurysms and hemorrhages. Further monitoring is recommended to assess for progression.,The image shows moderate non proliferative diabetic retinopathy with microaneurysms and hemorrhages. Further monitoring is recommended to assess for progression.,/kaggle/working/audio/38935_left.wav,12.22,2.28,0.186, The image shows moderate non-proliferative diabetic retinopathy with microneurisms and hemorrhages. Further monitoring is recommended to assess for progression.,0.05,4.347874164581299
15074_left,2,2.0,"The image shows moderate non-proliferative diabetic retinopathy with microaneurysms, hemorrhages, and hard exudates. Further monitoring is recommended to assess for progression.","The image shows moderate non proliferative diabetic retinopathy with microaneurysms, hemorrhages, and hard exudates. Further monitoring is recommended to assess for progression.",/kaggle/working/audio/15074_left.wav,13.82,2.56,0.185," The image shows moderate non-proliferative diabetic retinopathy with mycorhneurisms, hemorrhages, and hard exudates. Further monitoring is recommended to assess for progression.",0.045454545454545456,4.246537208557129
28387_right,2,2.0,"The image shows microaneurysms, hemorrhages, and hard exudates, indicating moderate non-proliferative diabetic retinopathy. Further evaluation is needed to assess the progression of the disease.","The image shows microaneurysms, hemorrhages, and hard exudates, indicating moderate non proliferative diabetic retinopathy. Further evaluation is needed to assess the progression of the disease.",/kaggle/working/audio/28387_right.wav,15.13,2.83,0.187," The image shows microneurisms, hemorrhages, and hard exudates, indicating moderate non-proliferative diabetic retinopathy. Further evaluation is needed to assess the progression of the disease.",0.04,4.335460662841797
39981_right,2,4.0,"This image shows significant retinal findings consistent with proliferative diabetic retinopathy. There are numerous microaneurysms, hemorrhages, hard exudates, cotton wool spots, venous beading, and vitreous hemorrhage.","This image shows significant retinal findings consistent with proliferative diabetic retinopathy. There are numerous microaneurysms, hemorrhages, hard exudates, cotton wool spots, venous beading, and vitreous hemorrhage.",/kaggle/working/audio/39981_right.wav,16.12,3.04,0.189," This image shows significant retinal findings consistent with proliferative diabetic retinopathy. There are numerous microneurisms, hemorrhages, hard exudates, cotton wool spots, venous beading and vitreous hemorrhage.",0.038461538461538464,3.9905474185943604
35270_right,2,2.0,"The image shows microaneurysms and hemorrhages, indicating moderate non-proliferative diabetic retinopathy. Further monitoring is needed to assess for progression.","The image shows microaneurysms and hemorrhages, indicating moderate non proliferative diabetic retinopathy. Further monitoring is needed to assess for progression.",/kaggle/working/audio/35270_right.wav,12.28,2.26,0.184," The image shows microneurisms and hemorrhages, indicating moderate nonproliferative diabetic retinopathy. Further monitoring is needed to assess for progression.",0.15,4.050492763519287
28344_right,2,2.0,"The image shows moderate non-proliferative diabetic retinopathy with microaneurysms, hemorrhages, hard exudates, and cotton wool spots. Further evaluation is needed to monitor for progression.","The image shows moderate non proliferative diabetic retinopathy with microaneurysms, hemorrhages, hard exudates, and cotton wool spots. Further evaluation is needed to monitor for progression.",/kaggle/working/audio/28344_right.wav,14.65,2.72,0.186," The image shows moderate non-proliferative diabetic retinopathy with micronarisms, hemorrhages, hard exudates, and cotton wool spots. Further evaluation is needed to monitor for progression.",0.04,4.2398200035095215
35936_right,2,1.0,"The image shows microaneurysms, indicating mild non-proliferative diabetic retinopathy. There are no other significant findings.","The image shows microaneurysms, indicating mild non proliferative diabetic retinopathy. There are no other significant findings.",/kaggle/working/audio/35936_right.wav,9.78,1.81,0.185," The image shows microneurisms, indicating mild non-proliferative diabetic retinopathy. There are no other significant findings.",0.0625,4.212291717529297
43363_left,2,2.0,The image shows moderate non-proliferative diabetic retinopathy with microaneurysms and hemorrhages. Further evaluation is needed to assess for progression.,The image shows moderate non proliferative diabetic retinopathy with microaneurysms and hemorrhages. Further evaluation is needed to assess for progression.,/kaggle/working/audio/43363_left.wav,12.06,2.26,0.188, The image shows moderate non-proliferative diabetic retinopathy with microneurisms and hemorrhages. Further evaluation is needed to assess for progression.,0.05,4.251805305480957
24221_left,2,2.0,"The image shows moderate non-proliferative diabetic retinopathy with microaneurysms, hemorrhages, hard exudates, cotton wool spots, and venous beading.","The image shows moderate non proliferative diabetic retinopathy with microaneurysms, hemorrhages, hard exudates, cotton wool spots, and venous beading.",/kaggle/working/audio/24221_left.wav,11.24,2.13,0.189," The image shows moderate, non-proliferative diabetic retinopathy with microneurisms, hemorrhages, hard exudates, cotton wool spots, and venous beading.",0.05263157894736842,4.2024149894714355
34476_right,2,2.0,The image shows moderate non-proliferative diabetic retinopathy with microaneurysms and hemorrhages. Further evaluation is needed to assess for progression.,The image shows moderate non proliferative diabetic retinopathy with microaneurysms and hemorrhages. Further evaluation is needed to assess for progression.,/kaggle/working/audio/34476_right.wav,12.06,2.26,0.187, The image shows moderate non-proliferative diabetic retinopathy with microneurisms and hemorrhages. Further evaluation is needed to assess for progression.,0.05,4.347328186035156
32216_left,2,3.0,"The image shows significant retinal findings, including microaneurysms, hemorrhages, hard exudates, cotton wool spots, and venous beading. This indicates a high level of diabetic retinopathy.","The image shows significant retinal findings, including microaneurysms, hemorrhages, hard exudates, cotton wool spots, and venous beading. This indicates a high level of diabetic retinopathy.",/kaggle/working/audio/32216_left.wav,14.39,2.69,0.187," The image shows significant retinal findings, including microneurisms, hemorrhages, hard exudates, cotton wool spots, and venous beading. This indicates a high level of diabetic retinopathy.",0.04,4.289603233337402
26366_right,2,2.0,"The image shows moderate non-proliferative diabetic retinopathy with microaneurysms, hemorrhages, hard exudates, and cotton wool spots. Further monitoring is needed to assess for progression.","The image shows moderate non proliferative diabetic retinopathy with microaneurysms, hemorrhages, hard exudates, and cotton wool spots. Further monitoring is needed to assess for progression.",/kaggle/working/audio/26366_right.wav,14.14,2.66,0.188," The image shows moderate non-proliferative diabetic retinopathy with microneurisms, hemorrhages, hard exudates, and cotton wool spots. Further monitoring is needed to assess for progression.",0.04,4.299386024475098
24092_right,2,2.0,"The image shows moderate non-proliferative diabetic retinopathy with microaneurysms, hemorrhages, hard exudates, and cotton wool spots. Further monitoring is needed to assess for progression.","The image shows moderate non proliferative diabetic retinopathy with microaneurysms, hemorrhages, hard exudates, and cotton wool spots. Further monitoring is needed to assess for progression.",/kaggle/working/audio/24092_right.wav,14.3,2.63,0.184," The image shows moderate non-proliferative diabetic retinopathy with microneurisms, hemorrhages, hard exudates, and cotton wool spots. Further monitoring is needed to assess for progression.",0.04,4.174288272857666
2424_left,2,1.0,"The image shows microaneurysms, indicating mild non-proliferative diabetic retinopathy. No other significant findings are present.","The image shows microaneurysms, indicating mild non proliferative diabetic retinopathy. No other significant findings are present.",/kaggle/working/audio/2424_left.wav,10.52,1.95,0.186," The image shows micronurisms, indicating mild, non-proliferative diabetic retinopathy. No other significant findings are present.",0.0625,4.277468681335449
18970_right,2,3.0,"The image shows significant retinal findings, including microaneurysms, hemorrhages, hard exudates, and cotton wool spots. This indicates a high level of diabetic retinopathy.","The image shows significant retinal findings, including microaneurysms, hemorrhages, hard exudates, and cotton wool spots. This indicates a high level of diabetic retinopathy.",/kaggle/working/audio/18970_right.wav,13.18,2.43,0.185," The image shows significant retinal findings, including microneurisms, hemorrhages, hard exudates, and cotton wool spots. This indicates a high level of diabetic retinopathy.",0.043478260869565216,4.3568196296691895
2613_right,2,2.0,"The image shows moderate non-proliferative diabetic retinopathy with microaneurysms, hemorrhages, and hard exudates. The patient should be monitored for progression.","The image shows moderate non proliferative diabetic retinopathy with microaneurysms, hemorrhages, and hard exudates. The patient should be monitored for progression.",/kaggle/working/audio/2613_right.wav,12.54,2.4,0.192," The image shows moderate non-proliferative diabetic retinopathy with microneurisms, hemorrhages, and hard exudates. The patient should be monitored for progression.",0.047619047619047616,3.9604811668395996
38670_left,2,2.0,"The image shows moderate non-proliferative diabetic retinopathy with microaneurysms, hemorrhages, and cotton wool spots. Further evaluation is needed to assess for progression.","The image shows moderate non proliferative diabetic retinopathy with microaneurysms, hemorrhages, and cotton wool spots. Further evaluation is needed to assess for progression.",/kaggle/working/audio/38670_left.wav,13.3,2.47,0.185," The image shows moderate non-proliferative diabetic retinopathy with micronurisms, hemorrhages, and cotton wool spots. Further evaluation is needed to assess for progression.",0.043478260869565216,4.1576080322265625
3418_right,2,2.0,The image shows moderate non-proliferative diabetic retinopathy with microaneurysms and hemorrhages. Further evaluation is needed to assess for progression.,The image shows moderate non proliferative diabetic retinopathy with microaneurysms and hemorrhages. Further evaluation is needed to assess for progression.,/kaggle/working/audio/3418_right.wav,11.86,2.18,0.184, The image shows moderate non-proliferative diabetic retinopathy with microneurisms and hemorrhages. Further evaluation is needed to assess for progression.,0.05,4.369235038757324
21024_left,2,2.0,The image shows moderate non-proliferative diabetic retinopathy with microaneurysms and hemorrhages. Further monitoring is needed to assess for progression.,The image shows moderate non proliferative diabetic retinopathy with microaneurysms and hemorrhages. Further monitoring is needed to assess for progression.,/kaggle/working/audio/21024_left.wav,11.86,2.17,0.183, The image shows moderate non-proliferative diabetic retinopathy with micronurisms and hemorrhages. Further monitoring is needed to assess for progression.,0.05,4.062871932983398
9177_left,2,2.0,"The image shows moderate non-proliferative diabetic retinopathy with microaneurysms, hemorrhages, and hard exudates. Further evaluation is needed to assess the progression of the disease.","The image shows moderate non proliferative diabetic retinopathy with microaneurysms, hemorrhages, and hard exudates. Further evaluation is needed to assess the progression of the disease.",/kaggle/working/audio/9177_left.wav,14.81,2.79,0.189," The image shows moderate non-proliferative diabetic retinopathy with microneurisms, hemorrhages, and hard exudates. Further evaluation is needed to assess the progression of the disease.",0.04,4.3285956382751465
22712_left,2,3.0,"The image shows significant diabetic retinopathy with microaneurysms, hemorrhages, hard exudates, cotton wool spots, and venous beading. This indicates a high level of diabetic retinopathy.","The image shows significant diabetic retinopathy with microaneurysms, hemorrhages, hard exudates, cotton wool spots, and venous beading. This indicates a high level of diabetic retinopathy.",/kaggle/working/audio/22712_left.wav,14.26,2.65,0.186," The image shows significant diabetic retinopathy with microneurisms, hemorrhages, hard exudates, cotton wool spots, and venous beading. This indicates a high level of diabetic retinopathy.",0.04,4.241019248962402
6624_right,2,1.0,"The image shows microaneurysms, indicating mild non-proliferative diabetic retinopathy. No other significant findings are present.","The image shows microaneurysms, indicating mild non proliferative diabetic retinopathy. No other significant findings are present.",/kaggle/working/audio/6624_right.wav,10.49,1.95,0.186, The image shows microneurisms indicating mild nonproliferative diabetic retinopathy. No other significant findings are present.,0.1875,4.028614044189453
5213_right,2,2.0,"The image shows microaneurysms and hemorrhages, indicating moderate non-proliferative diabetic retinopathy. Further monitoring is needed to assess for progression.","The image shows microaneurysms and hemorrhages, indicating moderate non proliferative diabetic retinopathy. Further monitoring is needed to assess for progression.",/kaggle/working/audio/5213_right.wav,12.34,2.29,0.185, The image shows micronurisms and hemorrhages indicating moderate nonproliferative diabetic retinopathy. Further monitoring is needed to assess for progression.,0.15,4.347552299499512
1178_right,2,3.0,"The image shows signs of severe non-proliferative diabetic retinopathy with microaneurysms, hemorrhages, hard exudates, cotton wool spots, and venous beading. This indicates a significant level of diabetic retinopathy.","The image shows signs of severe non proliferative diabetic retinopathy with microaneurysms, hemorrhages, hard exudates, cotton wool spots, and venous beading. This indicates a significant level of diabetic retinopathy.",/kaggle/working/audio/1178_right.wav,16.98,3.23,0.19," The image shows signs of severe, non-proliferative diabetic retinopathy with microneurisms, hemorrhages, hard exudates, cotton wool spots, and venous beading. This indicates a significant level of diabetic retinopathy.",0.034482758620689655,4.063409328460693
8455_right,2,2.0,"The image shows moderate non-proliferative diabetic retinopathy with microaneurysms, hemorrhages, hard exudates, and cotton wool spots. Further evaluation is needed to monitor for progression.","The image shows moderate non proliferative diabetic retinopathy with microaneurysms, hemorrhages, hard exudates, and cotton wool spots. Further evaluation is needed to monitor for progression.",/kaggle/working/audio/8455_right.wav,14.52,2.8,0.193," The image shows moderate non-proliferative diabetic retinopathy with microneurisms, hemorrhages, hard exudates, and cotton wool spots. Further evaluation is needed to monitor for progression.",0.04,4.310677528381348
15696_left,2,4.0,"This image shows significant retinal findings consistent with proliferative diabetic retinopathy, including neovascularization, hemorrhages, and cotton wool spots. The patient needs urgent evaluation and treatment by a retinal specialist.","This image shows significant retinal findings consistent with proliferative diabetic retinopathy, including neovascularization, hemorrhages, and cotton wool spots. The patient needs urgent evaluation and treatment by a retinal specialist.",/kaggle/working/audio/15696_left.wav,17.14,3.2,0.187," This image shows significant retinal findings consistent with proliferative diabetic retinopathy, including neovascularization, hemorrhages, and cotton wool spots. The patient needs urgent evaluation and treatment by a retinal specialist.",0.0,4.291384220123291
4403_left,2,3.0,"The image shows signs of diabetic retinopathy, including microaneurysms, hemorrhages, hard exudates, cotton wool spots, and venous beading. The severity is considered severe non-proliferative diabetic retinopathy.","The image shows signs of diabetic retinopathy, including microaneurysms, hemorrhages, hard exudates, cotton wool spots, and venous beading. The severity is considered severe non proliferative diabetic retinopathy.",/kaggle/working/audio/4403_left.wav,16.57,3.13,0.189," The image shows signs of diabetic retinopathy, including microneurisms, hemorrhages, hard exudates, cotton wool spots, and venous beading. The severity is considered severe, non-proliferative diabetic retinopathy.",0.037037037037037035,4.2863850593566895
33876_left,2,2.0,The image shows moderate non-proliferative diabetic retinopathy with microaneurysms and hemorrhages. Further monitoring is needed to assess for progression.,The image shows moderate non proliferative diabetic retinopathy with microaneurysms and hemorrhages. Further monitoring is needed to assess for progression.,/kaggle/working/audio/33876_left.wav,11.93,2.24,0.188, The image shows moderate non-proliferative diabetic retinopathy with microneurisms and hemorrhages. Further monitoring is needed to assess for progression.,0.05,4.299510955810547
26108_right,2,2.0,The image shows moderate non-proliferative diabetic retinopathy with microaneurysms and hemorrhages. Further monitoring is recommended to assess for progression.,The image shows moderate non proliferative diabetic retinopathy with microaneurysms and hemorrhages. Further monitoring is recommended to assess for progression.,/kaggle/working/audio/26108_right.wav,12.31,2.29,0.186, The image shows moderate non-proliferative diabetic retinopathy with microneurisms and hemorrhages. Further monitoring is recommended to assess for progression.,0.05,4.351294040679932
10112_left,2,2.0,"The image shows moderate non-proliferative diabetic retinopathy with microaneurysms, hemorrhages, hard exudates, and cotton wool spots. Further monitoring is needed to assess for progression.","The image shows moderate non proliferative diabetic retinopathy with microaneurysms, hemorrhages, hard exudates, and cotton wool spots. Further monitoring is needed to assess for progression.",/kaggle/working/audio/10112_left.wav,14.2,2.64,0.186," The image shows moderate non-proliferative diabetic retinopathy with microneurisms, hemorrhages, hard exudates, and cotton wool spots. Further monitoring is needed to assess for progression.",0.04,4.353289604187012
15914_left,2,2.0,"The image shows moderate non-proliferative diabetic retinopathy with microaneurysms, hemorrhages, hard exudates, and cotton wool spots. Further evaluation is needed to monitor for progression.","The image shows moderate non proliferative diabetic retinopathy with microaneurysms, hemorrhages, hard exudates, and cotton wool spots. Further evaluation is needed to monitor for progression.",/kaggle/working/audio/15914_left.wav,14.46,2.7,0.187," The image shows moderate non-proliferative diabetic retinopathy with microneurisms, hemorrhages, hard exudates, and cotton wool spots. Further evaluation is needed to monitor for progression.",0.04,4.170912265777588
9452_left,2,2.0,"The image shows moderate non-proliferative diabetic retinopathy with microaneurysms, hemorrhages, hard exudates, and cotton wool spots. The patient should be monitored for progression.","The image shows moderate non proliferative diabetic retinopathy with microaneurysms, hemorrhages, hard exudates, and cotton wool spots. The patient should be monitored for progression.",/kaggle/working/audio/9452_left.wav,13.75,2.62,0.191," The image shows moderate non-proliferative diabetic retinopathy with microneurisms, hemorrhages, hard exudates, and cotton wool spots. The patient should be monitored for progression.",0.041666666666666664,4.301623821258545
99_right,3,3.0,"The image shows significant retinal findings, including microaneurysms, hemorrhages, hard exudates, cotton wool spots, and venous beading. This indicates a high level of diabetic retinopathy.","The image shows significant retinal findings, including microaneurysms, hemorrhages, hard exudates, cotton wool spots, and venous beading. This indicates a high level of diabetic retinopathy.",/kaggle/working/audio/99_right.wav,14.14,2.67,0.189," The image shows significant retinal findings, including microneurisms, hemorrhages, hard exudates, cotton wool spots and venous beading. This indicates a high level of diabetic retinopathy.",0.04,4.357606410980225
20905_left,3,4.0,"This image shows significant retinal hemorrhages, cotton wool spots, and venous beading, indicating a high level of diabetic retinopathy. The presence of neovascularization suggests a proliferative stage.","This image shows significant retinal hemorrhages, cotton wool spots, and venous beading, indicating a high level of diabetic retinopathy. The presence of neovascularization suggests a proliferative stage.",/kaggle/working/audio/20905_left.wav,14.94,2.8,0.187," This image shows significant retinal hemorrhages, cotton wool spots, and venous beading indicating a high level of diabetic retinopathy. The presence of neovascularization suggests a proliferative stage.",0.0,4.3469672203063965
29097_left,3,3.0,"This image shows significant retinal hemorrhages, cotton wool spots, and venous beading, indicating severe non-proliferative diabetic retinopathy. The patient requires prompt ophthalmological attention.","This image shows significant retinal hemorrhages, cotton wool spots, and venous beading, indicating severe non proliferative diabetic retinopathy. The patient requires prompt ophthalmological attention.",/kaggle/working/audio/29097_left.wav,15.19,2.83,0.186," This image shows significant retinal hemorrhages, cotton wool spots, and venous beading, indicating severe nonproliferative diabetic retinopathy. The patient requires prompt, ophthalmological attention.",0.08333333333333333,4.007992744445801
36130_left,3,4.0,The image shows significant retinal findings consistent with proliferative diabetic retinopathy. The presence of neovascularization and extensive hemorrhages indicates a high risk of vision loss.,The image shows significant retinal findings consistent with proliferative diabetic retinopathy. The presence of neovascularization and extensive hemorrhages indicates a high risk of vision loss.,/kaggle/working/audio/36130_left.wav,14.87,2.81,0.189, The image shows significant retinal findings consistent with proliferative diabetic retinopathy. The presence of neovascularization and extensive hemorrhages indicates a high risk of vision loss.,0.0,4.3694891929626465
32062_right,3,3.0,"The image shows significant retinal findings, including microaneurysms, hemorrhages, hard exudates, cotton wool spots, and venous beading. This indicates a high level of diabetic retinopathy.","The image shows significant retinal findings, including microaneurysms, hemorrhages, hard exudates, cotton wool spots, and venous beading. This indicates a high level of diabetic retinopathy.",/kaggle/working/audio/32062_right.wav,14.17,2.64,0.186," The image shows significant retinal findings, including microneurisms, hemorrhages, hard exudates, cotton wool spots, and venous beading. This indicates a high level of diabetic retinopathy.",0.04,4.307300567626953
7623_right,3,4.0,"This image shows significant diabetic retinopathy with extensive hemorrhages, hard exudates, cotton wool spots, and venous beading. The presence of neovascularization indicates proliferative diabetic retinopathy.","This image shows significant diabetic retinopathy with extensive hemorrhages, hard exudates, cotton wool spots, and venous beading. The presence of neovascularization indicates proliferative diabetic retinopathy.",/kaggle/working/audio/7623_right.wav,16.5,3.08,0.187," This image shows significant diabetic retinopathy with extensive hemorrhages, hard exudates, cotton wool spots, and venous beading. The presence of neovascularization indicates proliferative diabetic retinopathy.",0.0,4.208945274353027
2275_left,3,3.0,"This image shows significant retinal hemorrhages, microaneurysms, cotton wool spots, and venous beading, indicating severe non-proliferative diabetic retinopathy. Further evaluation is needed to monitor for progression.","This image shows significant retinal hemorrhages, microaneurysms, cotton wool spots, and venous beading, indicating severe non proliferative diabetic retinopathy. Further evaluation is needed to monitor for progression.",/kaggle/working/audio/2275_left.wav,16.7,3.24,0.194," This image shows significant retinal hemorrhages, microneurisms, cotton wool spots, and venous beading, indicating severe non-proliferative diabetic retinopathy. Further evaluation is needed to monitor for progression.",0.037037037037037035,4.275834560394287
3444_right,3,4.0,"This fundus image shows significant retinal hemorrhages, exudates, and cotton wool spots, indicating proliferative diabetic retinopathy. The presence of neovascularization suggests a high risk of vision loss.","This fundus image shows significant retinal hemorrhages, exudates, and cotton wool spots, indicating proliferative diabetic retinopathy. The presence of neovascularization suggests a high risk of vision loss.",/kaggle/working/audio/3444_right.wav,15.61,2.91,0.187," This fundus image shows significant retinal hemorrhages, exudates, and cotton wool spots, indicating proliferative diabetic retinopathy. The presence of neovascularization suggests a high risk of vision loss.",0.0,4.323953628540039
2577_right,3,2.0,The image shows moderate non-proliferative diabetic retinopathy with microaneurysms and hemorrhages. Further monitoring is needed to assess for progression.,The image shows moderate non proliferative diabetic retinopathy with microaneurysms and hemorrhages. Further monitoring is needed to assess for progression.,/kaggle/working/audio/2577_right.wav,11.86,2.19,0.184, The image shows moderate non-proliferative diabetic retinopathy with microneurisms and hemorrhages. Further monitoring is needed to assess for progression.,0.05,4.239368438720703
14109_left,3,4.0,"This image shows significant retinal findings consistent with proliferative diabetic retinopathy. There are numerous microaneurysms, hemorrhages, hard exudates, cotton wool spots, and venous beading.","This image shows significant retinal findings consistent with proliferative diabetic retinopathy. There are numerous microaneurysms, hemorrhages, hard exudates, cotton wool spots, and venous beading.",/kaggle/working/audio/14109_left.wav,14.58,2.75,0.189," This image shows significant retinal findings consistent with proliferative diabetic retinopathy. There are numerous microneurisms, hemorrhages, hard exudates, cotton wool spots and venous beading.",0.041666666666666664,4.239269256591797
10153_left,3,3.0,"This image shows significant retinal findings, including microaneurysms, hemorrhages, cotton wool spots, and venous beading. The severity is considered severe non-proliferative diabetic retinopathy.","This image shows significant retinal findings, including microaneurysms, hemorrhages, cotton wool spots, and venous beading. The severity is considered severe non proliferative diabetic retinopathy.",/kaggle/working/audio/10153_left.wav,15.16,2.86,0.189," This image shows significant retinal findings, including microneurisms, hemorrhages, cotton wool spots, and venous beading. The severity is considered severe, non-proliferative diabetic retinopathy.",0.041666666666666664,4.030989646911621
43008_right,3,3.0,"The image shows signs of severe non-proliferative diabetic retinopathy with microaneurysms, hemorrhages, hard exudates, and cotton wool spots. The patient should be monitored closely for progression.","The image shows signs of severe non proliferative diabetic retinopathy with microaneurysms, hemorrhages, hard exudates, and cotton wool spots. The patient should be monitored closely for progression.",/kaggle/working/audio/43008_right.wav,14.65,2.75,0.188," The image shows signs of severe, non-proliferative diabetic retinopathy with microneurisms, hemorrhages, hard exudates, and cotton wool spots. The patient should be monitored closely for progression.",0.037037037037037035,4.354130268096924
23787_right,3,2.0,"The image shows microaneurysms, hemorrhages, and hard exudates, indicating moderate non-proliferative diabetic retinopathy. Further monitoring is needed to assess for progression.","The image shows microaneurysms, hemorrhages, and hard exudates, indicating moderate non proliferative diabetic retinopathy. Further monitoring is needed to assess for progression.",/kaggle/working/audio/23787_right.wav,13.66,2.54,0.186," The image shows microneurisms, hemorrhages, and hard exudates indicating moderate non-proliferative diabetic retinopathy. Further monitoring is needed to assess for progression.",0.045454545454545456,4.350345611572266
16025_left,3,1.0,"The image shows microaneurysms, indicating mild non-proliferative diabetic retinopathy. No other significant findings are present.","The image shows microaneurysms, indicating mild non proliferative diabetic retinopathy. No other significant findings are present.",/kaggle/working/audio/16025_left.wav,10.42,2.04,0.196, The image shows micronurisms indicating mild nonproliferative diabetic retinopathy. No other significant findings are present.,0.1875,4.026222229003906
20858_left,3,4.0,This image shows significant retinal findings consistent with proliferative diabetic retinopathy. The presence of neovascularization and hemorrhages indicates a high risk of vision loss. A comprehensive ophthalmologic evaluation is necessary to determine the best course of treatment.,This image shows significant retinal findings consistent with proliferative diabetic retinopathy. The presence of neovascularization and hemorrhages indicates a high risk of vision loss. A comprehensive ophthalmologic evaluation is necessary to determine the best course of treatment.,/kaggle/working/audio/20858_left.wav,21.48,4.1,0.191, This image shows significant retinal findings consistent with proliferative diabetic retinopathy. The presence of neovascularization and hemorrhages indicates a high risk of vision loss. Comprehensive ophthalmologic evaluation is necessary to determine the best course of treatment.,0.02702702702702703,4.006204605102539
23245_left,3,3.0,"The image shows significant retinal findings, including microaneurysms, hemorrhages, hard exudates, cotton wool spots, and venous beading. This indicates a high level of diabetic retinopathy.","The image shows significant retinal findings, including microaneurysms, hemorrhages, hard exudates, cotton wool spots, and venous beading. This indicates a high level of diabetic retinopathy.",/kaggle/working/audio/23245_left.wav,14.01,2.61,0.186," The image shows significant retinal findings, including microneurisms, hemorrhages, heart exudates, cotton wool spots, and venous beading. This indicates a high level of diabetic retinopathy.",0.08,4.000209808349609
8699_left,3,3.0,"The image shows significant retinal findings, including microaneurysms, hemorrhages, hard exudates, cotton wool spots, and venous beading. This indicates severe non-proliferative diabetic retinopathy.","The image shows significant retinal findings, including microaneurysms, hemorrhages, hard exudates, cotton wool spots, and venous beading. This indicates severe non proliferative diabetic retinopathy.",/kaggle/working/audio/8699_left.wav,15.13,2.83,0.187," The image shows significant retinal findings, including microneurisms, hemorrhages, hard exudates, cotton wool spots, and venous beading. This indicates severe, non-proliferative diabetic retinopathy.",0.041666666666666664,4.0266618728637695
32064_right,3,1.0,"The image shows microaneurysms, indicating mild non-proliferative diabetic retinopathy. No other significant findings are present.","The image shows microaneurysms, indicating mild non proliferative diabetic retinopathy. No other significant findings are present.",/kaggle/working/audio/32064_right.wav,10.58,2.0,0.189, The image shows microneurisms indicating mild non-proliferative diabetic retinopathy. No other significant findings are present.,0.0625,4.301784515380859
31962_right,3,2.0,"The image shows moderate non-proliferative diabetic retinopathy with microaneurysms, hemorrhages, hard exudates, and cotton wool spots. Further monitoring is needed to assess for progression.","The image shows moderate non proliferative diabetic retinopathy with microaneurysms, hemorrhages, hard exudates, and cotton wool spots. Further monitoring is needed to assess for progression.",/kaggle/working/audio/31962_right.wav,14.36,2.81,0.196," The image shows moderate, non-proliferative diabetic retinopathy with microneurisms, hemorrhages, hard exudates, and cotton wool spots. Further monitoring is needed to assess for progression.",0.04,4.071537971496582
14482_left,3,3.0,"The fundus image shows significant retinal findings, including microaneurysms, hemorrhages, hard exudates, cotton wool spots, and venous beading. This indicates severe non-proliferative diabetic retinopathy.","The fundus image shows significant retinal findings, including microaneurysms, hemorrhages, hard exudates, cotton wool spots, and venous beading. This indicates severe non proliferative diabetic retinopathy.",/kaggle/working/audio/14482_left.wav,15.58,2.98,0.192," The fundus image shows significant retinal findings, including microinirisms, hemorrhages, hard exudates, cotton wool spots, and venous beading. This indicates severe, non-proliferative diabetic retinopathy.",0.04,4.275956630706787
36213_right,3,3.0,"The image shows significant diabetic retinopathy with microaneurysms, hemorrhages, hard exudates, cotton wool spots, and venous beading. This indicates a high risk of progression.","The image shows significant diabetic retinopathy with microaneurysms, hemorrhages, hard exudates, cotton wool spots, and venous beading. This indicates a high risk of progression.",/kaggle/working/audio/36213_right.wav,13.56,2.57,0.19," The image shows significant diabetic retinopathy with microneurisms, hemorrhages, hard exudates, cotton wool spots and venous beading. This indicates a high risk of progression.",0.041666666666666664,4.323936939239502
12881_left,3,4.0,"This image shows significant retinal findings, including microaneurysms, hemorrhages, hard exudates, cotton wool spots, venous beading, and neovascularization. This indicates a high-risk diabetic retinopathy.","This image shows significant retinal findings, including microaneurysms, hemorrhages, hard exudates, cotton wool spots, venous beading, and neovascularization. This indicates a high risk diabetic retinopathy.",/kaggle/working/audio/12881_left.wav,15.93,3.05,0.192," This image shows significant retinal findings, including microneurisms, hemorrhages, hard exudates, cotton wool spots, venous beading, and neovascularization. This indicates a high-risk diabetic retinopathy.",0.04,4.308746337890625
2577_left,3,3.0,"The image shows significant retinal findings, including microaneurysms, hemorrhages, hard exudates, cotton wool spots, and venous beading. This indicates a high level of diabetic retinopathy.","The image shows significant retinal findings, including microaneurysms, hemorrhages, hard exudates, cotton wool spots, and venous beading. This indicates a high level of diabetic retinopathy.",/kaggle/working/audio/2577_left.wav,14.3,2.71,0.19," The image shows significant retinal findings, including microneurisms, hemorrhages, hard exudates, cotton wool spots and venous beading. This indicates a high level of diabetic retinopathy.",0.04,4.254917621612549
3748_right,3,4.0,"This image shows significant retinal findings, including microaneurysms, hemorrhages, hard exudates, cotton wool spots, venous beading, neovascularization, and vitreous hemorrhage. This indicates a high-severity diabetic retinopathy requiring prompt management.","This image shows significant retinal findings, including microaneurysms, hemorrhages, hard exudates, cotton wool spots, venous beading, neovascularization, and vitreous hemorrhage. This indicates a high severity diabetic retinopathy requiring prompt management.",/kaggle/working/audio/3748_right.wav,19.96,3.85,0.193," This image shows significant retinal findings, including microneurisms, hemorrhages, hard exudates, cotton wool spots, venous beading, neovascularization, and vitreous hemorrhage. This indicates a high severity diabetic retinopathy requiring prompt management.",0.03333333333333333,3.9053244590759277
18046_left,3,4.0,"This image shows significant diabetic retinopathy with neovascularization, hemorrhages, and exudates. The patient requires prompt referral to a retinal specialist for comprehensive management.","This image shows significant diabetic retinopathy with neovascularization, hemorrhages, and exudates. The patient requires prompt referral to a retinal specialist for comprehensive management.",/kaggle/working/audio/18046_left.wav,14.58,2.75,0.188," This image shows significant diabetic retinopathy with neovascularization, hemorrhages, and exudates. The patient requires prompt referral to a retinal specialist for comprehensive management.",0.0,4.162113666534424
21233_left,3,3.0,"The image shows significant retinal findings, including microaneurysms, hemorrhages, hard exudates, cotton wool spots, and venous beading. This indicates a high level of diabetic retinopathy.","The image shows significant retinal findings, including microaneurysms, hemorrhages, hard exudates, cotton wool spots, and venous beading. This indicates a high level of diabetic retinopathy.",/kaggle/working/audio/21233_left.wav,14.01,2.63,0.188," The image shows significant retinal findings, including microneurisms, hemorrhages, hard exudates, cotton wool spots and venous beading. This indicates a high level of diabetic retinopathy.",0.04,4.322551727294922
18350_right,3,3.0,"The image shows significant retinal findings, including microaneurysms, hemorrhages, hard exudates, cotton wool spots, and venous beading. This indicates a high level of diabetic retinopathy.","The image shows significant retinal findings, including microaneurysms, hemorrhages, hard exudates, cotton wool spots, and venous beading. This indicates a high level of diabetic retinopathy.",/kaggle/working/audio/18350_right.wav,14.1,2.7,0.192," The image shows significant retinal findings, including microneurisms, hemorrhages, hard exudates, cotton wool spots, and venous beading. This indicates a high level of diabetic retinopathy.",0.04,4.330758571624756
16759_left,3,4.0,This image shows significant retinal findings consistent with proliferative diabetic retinopathy. The presence of neovascularization and hemorrhages indicates a high risk of vision loss.,This image shows significant retinal findings consistent with proliferative diabetic retinopathy. The presence of neovascularization and hemorrhages indicates a high risk of vision loss.,/kaggle/working/audio/16759_left.wav,14.04,2.73,0.195, This image shows significant retinal findings consistent with proliferative diabetic retinopathy. The presence of neovascularization and hemorrhages indicates a high risk of vision loss.,0.0,4.316239356994629
15450_left,3,4.0,"This image shows significant retinal hemorrhages, cotton wool spots, and venous beading, indicating a high level of diabetic retinopathy. The presence of neovascularization suggests a proliferative stage.","This image shows significant retinal hemorrhages, cotton wool spots, and venous beading, indicating a high level of diabetic retinopathy. The presence of neovascularization suggests a proliferative stage.",/kaggle/working/audio/15450_left.wav,15.19,3.11,0.204," This image shows significant retinal hemorrhages, cotton wool spots, and venous beading indicating a high level of diabetic retinopathy. The presence of neovascularization suggests a proliferative stage.",0.0,4.342966079711914
15954_left,3,3.0,"The fundus image shows significant microaneurysms, hemorrhages, hard exudates, cotton wool spots, and venous beading. This indicates severe non-proliferative diabetic retinopathy.","The fundus image shows significant microaneurysms, hemorrhages, hard exudates, cotton wool spots, and venous beading. This indicates severe non proliferative diabetic retinopathy.",/kaggle/working/audio/15954_left.wav,14.04,2.65,0.188," The fundus image shows significant micronarisms, hemorrhages, hard exudates, cotton wool spots, and venous beading. This indicates severe, non-proliferative diabetic retinopathy.",0.045454545454545456,4.316166400909424
29604_right,3,2.0,"The image shows moderate non-proliferative diabetic retinopathy with microaneurysms, hemorrhages, hard exudates, and cotton wool spots. The patient should be monitored regularly to prevent progression to proliferative diabetic retinopathy.","The image shows moderate non proliferative diabetic retinopathy with microaneurysms, hemorrhages, hard exudates, and cotton wool spots. The patient should be monitored regularly to prevent progression to proliferative diabetic retinopathy.",/kaggle/working/audio/29604_right.wav,18.17,3.43,0.189," The image shows moderate non-proliferative diabetic retinopathy with microneurisms, hemorrhages, hard exudates, and cotton wool spots. The patient should be monitored regularly to prevent progression to proliferative diabetic retinopathy.",0.03333333333333333,3.946272373199463
33374_left,3,3.0,"The image shows signs of diabetic retinopathy with microaneurysms, hemorrhages, hard exudates, cotton wool spots, and venous beading. This indicates a severe non-proliferative diabetic retinopathy.","The image shows signs of diabetic retinopathy with microaneurysms, hemorrhages, hard exudates, cotton wool spots, and venous beading. This indicates a severe non proliferative diabetic retinopathy.",/kaggle/working/audio/33374_left.wav,15.61,2.96,0.19," The image shows signs of diabetic retinopathy with microneurisms, hemorrhages, hard exudates, cotton wool spots, and venous beading. This indicates a severe, non-proliferative diabetic retinopathy.",0.038461538461538464,4.316593170166016
27773_right,3,2.0,The image shows moderate non-proliferative diabetic retinopathy with microaneurysms and hemorrhages. Further monitoring is needed to assess for progression.,The image shows moderate non proliferative diabetic retinopathy with microaneurysms and hemorrhages. Further monitoring is needed to assess for progression.,/kaggle/working/audio/27773_right.wav,12.06,2.26,0.188, The image shows moderate non-proliferative diabetic retinopathy with microneurisms and hemorrhages. Further monitoring is needed to assess for progression.,0.05,4.011984825134277
14129_right,3,4.0,"This image shows significant retinal findings, including neovascularization, hemorrhages, and cotton wool spots. This indicates a high-risk proliferative diabetic retinopathy.","This image shows significant retinal findings, including neovascularization, hemorrhages, and cotton wool spots. This indicates a high risk proliferative diabetic retinopathy.",/kaggle/working/audio/14129_right.wav,13.02,2.43,0.187," This image shows significant retinal findings, including neovascularization, hemorrhages, and cotton wool spots. This indicates a high-risk proliferative diabetic retinopathy.",0.0,4.314021587371826
12014_left,3,4.0,"This image shows significant retinal findings consistent with proliferative diabetic retinopathy. The presence of neovascularization, hemorrhages, and other signs indicates a high risk for vision loss. Prompt ophthalmological intervention is crucial.","This image shows significant retinal findings consistent with proliferative diabetic retinopathy. The presence of neovascularization, hemorrhages, and other signs indicates a high risk for vision loss. Prompt ophthalmological intervention is crucial.",/kaggle/working/audio/12014_left.wav,18.79,3.63,0.193," This image shows significant retinal findings consistent with proliferative diabetic retinopathy. The presence of neovascularization, hemorrhages, and other signs indicates a high risk for vision loss. Prompt off-thomological intervention is crucial.",0.06451612903225806,4.301850318908691
32821_left,3,3.0,"This image shows significant retinal findings, including microaneurysms, hemorrhages, hard exudates, cotton wool spots, and venous beading. This indicates severe non-proliferative diabetic retinopathy.","This image shows significant retinal findings, including microaneurysms, hemorrhages, hard exudates, cotton wool spots, and venous beading. This indicates severe non proliferative diabetic retinopathy.",/kaggle/working/audio/32821_left.wav,15.51,2.91,0.188," This image shows significant retinal findings, including microneurisms, hemorrhages, hard exudates, cotton wool spots, and venous beading. This indicates severe, non-proliferative diabetic retinopathy.",0.041666666666666664,4.297168254852295
3343_right,3,2.0,"The image shows moderate non-proliferative diabetic retinopathy with microaneurysms, hemorrhages, hard exudates, and cotton wool spots. Further evaluation is needed to assess the progression of the disease.","The image shows moderate non proliferative diabetic retinopathy with microaneurysms, hemorrhages, hard exudates, and cotton wool spots. Further evaluation is needed to assess the progression of the disease.",/kaggle/working/audio/3343_right.wav,15.61,3.0,0.192," The image shows moderate non-proliferative diabetic retinopathy with microneurisms, hemorrhages, hard exudates, and cotton wool spots. Further evaluation is needed to assess the progression of the disease.",0.03571428571428571,4.310486793518066
34445_right,3,4.0,"This image shows significant retinal hemorrhages, exudates, and cotton wool spots, indicating a high level of diabetic retinopathy. The presence of neovascularization confirms proliferative diabetic retinopathy.","This image shows significant retinal hemorrhages, exudates, and cotton wool spots, indicating a high level of diabetic retinopathy. The presence of neovascularization confirms proliferative diabetic retinopathy.",/kaggle/working/audio/34445_right.wav,15.9,3.15,0.198," This image shows significant retinal hemorrhages, exudates, and cotton wool spots indicating a high level of diabetic retinopathy. The presence of neovascularization confirms proliferative diabetic retinopathy.",0.0,4.069376468658447
18819_right,3,4.0,"The image shows significant retinal findings, including microaneurysms, hemorrhages, hard exudates, cotton wool spots, venous beading, neovascularization, and vitreous hemorrhage. This indicates a high-severity diabetic retinopathy requiring prompt specialist attention.","The image shows significant retinal findings, including microaneurysms, hemorrhages, hard exudates, cotton wool spots, venous beading, neovascularization, and vitreous hemorrhage. This indicates a high severity diabetic retinopathy requiring prompt specialist attention.",/kaggle/working/audio/18819_right.wav,20.92,3.97,0.19," The image shows significant retinal findings, including microneurisms, hemorrhages, hard exudates, cotton wool spots, venous beading, neovascularization, and vitreous hemorrhage. This indicates a high severity diabetic retinopathy requiring prompt specialist attention.",0.03225806451612903,4.024206161499023
36740_right,3,3.0,"The image shows significant diabetic retinopathy with microaneurysms, hemorrhages, hard exudates, cotton wool spots, and venous beading. This indicates a high risk of progression.","The image shows significant diabetic retinopathy with microaneurysms, hemorrhages, hard exudates, cotton wool spots, and venous beading. This indicates a high risk of progression.",/kaggle/working/audio/36740_right.wav,13.18,2.48,0.188," The image shows significant diabetic retinopathy with microneurisms, hemorrhages, hard exudates, cotton wool spots, and venous beading. This indicates a high risk of progression.",0.041666666666666664,4.309103012084961
40731_left,3,4.0,This image shows significant retinal findings consistent with proliferative diabetic retinopathy. The presence of neovascularization and extensive hemorrhages indicates a high risk for vision loss. Prompt referral to a retinal specialist is crucial for further evaluation and management.,This image shows significant retinal findings consistent with proliferative diabetic retinopathy. The presence of neovascularization and extensive hemorrhages indicates a high risk for vision loss. Prompt referral to a retinal specialist is crucial for further evaluation and management.,/kaggle/working/audio/40731_left.wav,21.35,4.09,0.191, This image shows significant retinal findings consistent with proliferative diabetic retinopathy. The presence of neovascularization and extensive hemorrhages indicates a high risk for vision loss. Prompt referral to a retinal specialist is crucial for further evaluation and management.,0.0,4.271744728088379
3422_right,3,4.0,"This image shows extensive retinal hemorrhages, cotton wool spots, venous beading, and neovascularization, indicating proliferative diabetic retinopathy. The patient requires urgent evaluation and treatment by a retinal specialist.","This image shows extensive retinal hemorrhages, cotton wool spots, venous beading, and neovascularization, indicating proliferative diabetic retinopathy. The patient requires urgent evaluation and treatment by a retinal specialist.",/kaggle/working/audio/3422_right.wav,17.21,3.29,0.191," This image shows extensive retinal hemorrhages, cotton wool spots, venous beading, and neovascularization, indicating proliferative diabetic retinopathy. The patient requires urgent evaluation and treatment by a retinal specialist.",0.0,4.313100337982178
4366_right,3,4.0,"The image shows significant diabetic retinopathy with extensive hemorrhages, hard exudates, cotton wool spots, and venous beading. This indicates a high risk of vision loss.","The image shows significant diabetic retinopathy with extensive hemorrhages, hard exudates, cotton wool spots, and venous beading. This indicates a high risk of vision loss.",/kaggle/working/audio/4366_right.wav,12.89,2.46,0.191," The image shows significant diabetic retinopathy with extensive hemorrhages, hard exudates, cotton wool spots, and venous beading. This indicates a high risk of vision loss.",0.0,4.347103118896484
22930_left,3,4.0,"The image shows significant diabetic retinopathy with neovascularization, hemorrhages, and other signs of advanced disease. This requires urgent ophthalmological intervention.","The image shows significant diabetic retinopathy with neovascularization, hemorrhages, and other signs of advanced disease. This requires urgent ophthalmological intervention.",/kaggle/working/audio/22930_left.wav,13.66,2.58,0.189," The image shows significant diabetic retinopathy with neovascularization, hemorrhages, and other signs of advanced disease. This requires urgent ophthalmological intervention.",0.0,4.2298078536987305
15319_left,3,2.0,The image shows moderate non-proliferative diabetic retinopathy with microaneurysms and hemorrhages. Further evaluation is needed to assess for progression.,The image shows moderate non proliferative diabetic retinopathy with microaneurysms and hemorrhages. Further evaluation is needed to assess for progression.,/kaggle/working/audio/15319_left.wav,11.96,2.27,0.19, The image shows moderate non-proliferative diabetic retinopathy with microneurisms and hemorrhages. Further evaluation is needed to assess for progression.,0.05,4.299078464508057
40366_right,3,2.0,"The image shows moderate non-proliferative diabetic retinopathy with microaneurysms, hemorrhages, hard exudates, and cotton wool spots. Further monitoring is needed to assess for progression.","The image shows moderate non proliferative diabetic retinopathy with microaneurysms, hemorrhages, hard exudates, and cotton wool spots. Further monitoring is needed to assess for progression.",/kaggle/working/audio/40366_right.wav,14.36,2.69,0.188," The image shows moderate non-proliferative diabetic retinopathy with microneurisms, hemorrhages, hard exudates, and cotton wool spots. Further monitoring is needed to assess for progression.",0.04,3.903285026550293
35850_right,3,2.0,"The image shows moderate non-proliferative diabetic retinopathy with microaneurysms, hemorrhages, and cotton wool spots. Further evaluation is needed to assess the progression of the disease.","The image shows moderate non proliferative diabetic retinopathy with microaneurysms, hemorrhages, and cotton wool spots. Further evaluation is needed to assess the progression of the disease.",/kaggle/working/audio/35850_right.wav,14.55,2.77,0.19," The image shows moderate non-proliferative diabetic retinopathy with microneurisms, hemorrhages, and cotton wool spots. Further evaluation is needed to assess the progression of the disease.",0.038461538461538464,4.273599624633789
8678_left,3,4.0,"This image shows significant retinal findings, including microaneurysms, hemorrhages, hard exudates, cotton wool spots, venous beading, and vitreous hemorrhage. The presence of neovascularization indicates proliferative diabetic retinopathy.","This image shows significant retinal findings, including microaneurysms, hemorrhages, hard exudates, cotton wool spots, venous beading, and vitreous hemorrhage. The presence of neovascularization indicates proliferative diabetic retinopathy.",/kaggle/working/audio/8678_left.wav,18.68,3.66,0.196," This image shows significant retinal findings, including microneurisms, hemorrhages, hard exudates, cotton wool spots, venous beading, and vitreous hemorrhage. The presence of neovascularization indicates proliferative diabetic retinopathy.",0.037037037037037035,4.3413987159729
11267_left,3,3.0,"The image shows significant microaneurysms, hemorrhages, hard exudates, and cotton wool spots, indicating severe non-proliferative diabetic retinopathy. Further monitoring is needed to assess for progression.","The image shows significant microaneurysms, hemorrhages, hard exudates, and cotton wool spots, indicating severe non proliferative diabetic retinopathy. Further monitoring is needed to assess for progression.",/kaggle/working/audio/11267_left.wav,16.02,3.03,0.189," The image shows significant micronurisms, hemorrhages, hard exudates, and cotton wool spots, indicating severe non-proliferative diabetic retinopathy. Further monitoring is needed to assess for progression.",0.038461538461538464,4.306231498718262
8302_left,3,3.0,"The image shows signs of severe non-proliferative diabetic retinopathy with microaneurysms, hemorrhages, hard exudates, cotton wool spots, and venous beading. This indicates a significant level of diabetic retinopathy.","The image shows signs of severe non proliferative diabetic retinopathy with microaneurysms, hemorrhages, hard exudates, cotton wool spots, and venous beading. This indicates a significant level of diabetic retinopathy.",/kaggle/working/audio/8302_left.wav,17.05,3.22,0.189," The image shows signs of severe, non-proliferative diabetic retinopathy with microneurisms, hemorrhages, hard exudates, cotton wool spots, and venous beading. This indicates a significant level of diabetic retinopathy.",0.034482758620689655,3.7681586742401123
9598_right,4,4.0,"The image shows significant retinal findings, including microaneurysms, hemorrhages, hard exudates, cotton wool spots, venous beading, and neovascularization. This indicates a high level of diabetic retinopathy.","The image shows significant retinal findings, including microaneurysms, hemorrhages, hard exudates, cotton wool spots, venous beading, and neovascularization. This indicates a high level of diabetic retinopathy.",/kaggle/working/audio/9598_right.wav,15.93,2.98,0.187," The image shows significant retinal findings, including microneurysms, hemorrhages, hard exudates, cotton wool spots, venous beading, and neovascularization. This indicates a high level of diabetic retinopathy.",0.038461538461538464,4.327090740203857
4688_right,4,4.0,"The image shows significant retinal findings, including microaneurysms, hemorrhages, hard exudates, cotton wool spots, and venous beading. This indicates a high level of diabetic retinopathy.","The image shows significant retinal findings, including microaneurysms, hemorrhages, hard exudates, cotton wool spots, and venous beading. This indicates a high level of diabetic retinopathy.",/kaggle/working/audio/4688_right.wav,14.04,2.67,0.19," The image shows significant retinal findings, including microneurisms, hemorrhages, hard exudates, cotton wool spots and venous beading. This indicates a high level of diabetic retinopathy.",0.04,4.341179847717285
20432_right,4,2.0,"The image shows moderate non-proliferative diabetic retinopathy with microaneurysms, hemorrhages, hard exudates, and cotton wool spots. The patient should be monitored for progression.","The image shows moderate non proliferative diabetic retinopathy with microaneurysms, hemorrhages, hard exudates, and cotton wool spots. The patient should be monitored for progression.",/kaggle/working/audio/20432_right.wav,13.72,2.59,0.188," The image shows moderate non-proliferative diabetic retinopathy with microneurisms, hemorrhages, hard exudates, and cotton wool spots. The patient should be monitored for progression.",0.041666666666666664,4.278421401977539
43050_left,4,4.0,"This image shows significant retinal hemorrhages, cotton wool spots, and neovascularization, indicating a high-severity diabetic retinopathy. Immediate referral to a retinal specialist is crucial.","This image shows significant retinal hemorrhages, cotton wool spots, and neovascularization, indicating a high severity diabetic retinopathy. Immediate referral to a retinal specialist is crucial.",/kaggle/working/audio/43050_left.wav,14.62,2.77,0.189," This image shows significant retinal hemorrhages, cotton wool spots, and neovascularization, indicating a high severity diabetic retinopathy. Immediate referral to a retinal specialist is crucial.",0.0,4.265238285064697
17749_left,4,2.0,"The image shows moderate non-proliferative diabetic retinopathy with microaneurysms, hemorrhages, hard exudates, and cotton wool spots. The patient should be monitored closely for progression.","The image shows moderate non proliferative diabetic retinopathy with microaneurysms, hemorrhages, hard exudates, and cotton wool spots. The patient should be monitored closely for progression.",/kaggle/working/audio/17749_left.wav,14.07,2.74,0.195," The image shows moderate non-proliferative diabetic retinopathy with microneurisms, hemorrhages, hard exudates, and cotton wool spots. The patient should be monitored closely for progression.",0.04,4.27140998840332
20144_right,4,4.0,"This image shows significant retinal findings, including microaneurysms, hemorrhages, hard exudates, cotton wool spots, and venous beading. The presence of neovascularization indicates proliferative diabetic retinopathy.","This image shows significant retinal findings, including microaneurysms, hemorrhages, hard exudates, cotton wool spots, and venous beading. The presence of neovascularization indicates proliferative diabetic retinopathy.",/kaggle/working/audio/20144_right.wav,16.86,3.21,0.191," This image shows significant retinal findings, including microanirisms, hemorrhages, hard exudates, cotton wool spots, and venous beading. The presence of neovascularization indicates proliferative diabetic retinopathy.",0.04,4.305110454559326
41339_right,4,3.0,"The image shows significant microaneurysms and hemorrhages, indicating severe non-proliferative diabetic retinopathy. There are no signs of neovascularization or significant vitreous hemorrhage.","The image shows significant microaneurysms and hemorrhages, indicating severe non proliferative diabetic retinopathy. There are no signs of neovascularization or significant vitreous hemorrhage.",/kaggle/working/audio/41339_right.wav,15.38,2.91,0.189, The image shows significant microneurisms and hemorrhages indicating severe nonproliferative diabetic retinopathy. There are no signs of neovascularization or significant vitreous hemorrhage.,0.13043478260869565,4.123661994934082
9682_left,4,4.0,"The image shows significant retinal findings, including microaneurysms, hemorrhages, hard exudates, cotton wool spots, venous beading, neovascularization, and vitreous hemorrhage. This indicates a high-risk proliferative diabetic retinopathy.","The image shows significant retinal findings, including microaneurysms, hemorrhages, hard exudates, cotton wool spots, venous beading, neovascularization, and vitreous hemorrhage. This indicates a high risk proliferative diabetic retinopathy.",/kaggle/working/audio/9682_left.wav,18.71,3.71,0.198," The image shows significant retinal findings, including microinirisms, hemorrhages, hard exudates, cotton wool spots, venous beading neovascularization, and vitreous hemorrhage. This indicates a high-risk proliferative diabetic retinopathy.",0.03571428571428571,4.326140880584717
11492_left,4,4.0,"The image shows extensive retinal findings, including microaneurysms, hemorrhages, hard exudates, cotton wool spots, venous beading, neovascularization, and vitreous hemorrhage. This indicates proliferative diabetic retinopathy.","The image shows extensive retinal findings, including microaneurysms, hemorrhages, hard exudates, cotton wool spots, venous beading, neovascularization, and vitreous hemorrhage. This indicates proliferative diabetic retinopathy.",/kaggle/working/audio/11492_left.wav,17.53,3.33,0.19," The image shows extensive retinal findings, including micronurisms, hemorrhages, hard exudates, cotton wool spots, venous beading neovascularization, and vitreous hemorrhage. This indicates proliferative diabetic retinopathy.",0.04,4.302751541137695
11854_left,4,4.0,"This image shows significant retinal abnormalities, including neovascularization, hemorrhages, and cotton wool spots. The presence of these findings indicates a high-risk proliferative diabetic retinopathy.","This image shows significant retinal abnormalities, including neovascularization, hemorrhages, and cotton wool spots. The presence of these findings indicates a high risk proliferative diabetic retinopathy.",/kaggle/working/audio/11854_left.wav,15.06,2.87,0.19," This image shows significant retinal abnormalities, including neovascularization, hemorrhages, and cotton wool spots. The presence of these findings indicates a high-risk proliferative diabetic retinopathy.",0.0,4.316649436950684
37232_left,4,4.0,The image shows significant retinal findings consistent with proliferative diabetic retinopathy. The presence of neovascularization and other signs of advanced disease warrants prompt referral to a specialist.,The image shows significant retinal findings consistent with proliferative diabetic retinopathy. The presence of neovascularization and other signs of advanced disease warrants prompt referral to a specialist.,/kaggle/working/audio/37232_left.wav,14.9,2.8,0.188, The image shows significant retinal findings consistent with proliferative diabetic retinopathy. The presence of neovascularization and other signs of advanced disease warrants prompt referral to a specialist.,0.0,4.324942111968994
35861_left,4,2.0,"The image shows microaneurysms and hemorrhages, indicating moderate non-proliferative diabetic retinopathy. Further evaluation is needed to assess for progression.","The image shows microaneurysms and hemorrhages, indicating moderate non proliferative diabetic retinopathy. Further evaluation is needed to assess for progression.",/kaggle/working/audio/35861_left.wav,12.22,2.34,0.191," The image shows microneurisms and hemorrhages, indicating moderate non-proliferative diabetic retinopathy. Further evaluation is needed to assess for progression.",0.05,4.138428688049316
27251_left,4,4.0,"This image shows significant retinal findings consistent with proliferative diabetic retinopathy. There is extensive retinal vascular damage, including microaneurysms, hemorrhages, and cotton wool spots. Neovascularization is not present, but the overall picture indicates a high risk of vision loss.","This image shows significant retinal findings consistent with proliferative diabetic retinopathy. There is extensive retinal vascular damage, including microaneurysms, hemorrhages, and cotton wool spots. Neovascularization is not present, but the overall picture indicates a high risk of vision loss.",/kaggle/working/audio/27251_left.wav,22.08,4.15,0.188," This image shows significant retinal findings consistent with proliferative diabetic retinopathy. There is extensive retinal vascular damage, including microneurisms, hemorrhages, and cotton wool spots. Neovascularization is not present, but the overall picture indicates a high risk of vision loss.",0.02564102564102564,4.177016735076904
41174_right,4,4.0,"This image shows extensive retinal findings consistent with proliferative diabetic retinopathy. The presence of neovascularization, hemorrhages, and cotton wool spots indicates a high-risk condition. Prompt ophthalmological evaluation is crucial.","This image shows extensive retinal findings consistent with proliferative diabetic retinopathy. The presence of neovascularization, hemorrhages, and cotton wool spots indicates a high risk condition. Prompt ophthalmological evaluation is crucial.",/kaggle/working/audio/41174_right.wav,18.44,3.44,0.187," This image shows extensive retinal findings consistent with proliferative diabetic retinopathy. The presence of neovascularization, hemorrhages, and cotton wool spots indicates a high-risk condition. Prompt of thomological evaluation is crucial.",0.06666666666666667,4.055670738220215
9353_right,4,4.0,"The image shows significant retinal findings, including microaneurysms, hemorrhages, hard exudates, cotton wool spots, venous beading, neovascularization, and vitreous hemorrhage. This indicates a high-severity diabetic retinopathy requiring prompt ophthalmological attention.","The image shows significant retinal findings, including microaneurysms, hemorrhages, hard exudates, cotton wool spots, venous beading, neovascularization, and vitreous hemorrhage. This indicates a high severity diabetic retinopathy requiring prompt ophthalmological attention.",/kaggle/working/audio/9353_right.wav,21.4,4.03,0.188," The image shows significant retinal findings, including microneurisms, hemorrhages, hard exudates, cotton wool spots, venous beading, neovascularization, and vitreous hemorrhage. This indicates a high severity diabetic retinopathy requiring prompt off-thomological attention.",0.0967741935483871,3.92155122756958
17489_right,4,4.0,"This image shows extensive retinal hemorrhages, microaneurysms, hard exudates, cotton wool spots, venous beading, neovascularization, and vitreous hemorrhage. This indicates proliferative diabetic retinopathy.","This image shows extensive retinal hemorrhages, microaneurysms, hard exudates, cotton wool spots, venous beading, neovascularization, and vitreous hemorrhage. This indicates proliferative diabetic retinopathy.",/kaggle/working/audio/17489_right.wav,16.28,3.06,0.188," This image shows extensive retinal hemorrhages, microneurisms, hard exudates, cotton wool spots, venous-beading neovascularization, and vitreous hemorrhage. This indicates proliferative diabetic retinopathy.",0.043478260869565216,4.305720329284668
19061_left,4,4.0,The image shows significant retinal findings consistent with proliferative diabetic retinopathy. The presence of neovascularization and other features indicates a high risk for vision loss.,The image shows significant retinal findings consistent with proliferative diabetic retinopathy. The presence of neovascularization and other features indicates a high risk for vision loss.,/kaggle/working/audio/19061_left.wav,13.98,2.61,0.186, The image shows significant retinal findings consistent with proliferative diabetic retinopathy. The presence of neovascularization and other features indicates a high risk for vision loss.,0.0,4.351136207580566
17453_left,4,2.0,"The image shows microaneurysms, indicating moderate non-proliferative diabetic retinopathy. No other significant findings are present.","The image shows microaneurysms, indicating moderate non proliferative diabetic retinopathy. No other significant findings are present.",/kaggle/working/audio/17453_left.wav,10.71,2.05,0.192, The image shows microneurisms indicating moderate non-proliferative diabetic retinopathy. No other significant findings are present.,0.0625,4.311639785766602
14844_left,4,4.0,"This image shows extensive retinal abnormalities, including microaneurysms, hemorrhages, hard exudates, cotton wool spots, venous beading, neovascularization, and vitreous hemorrhage. This indicates a high-severity diabetic retinopathy requiring immediate specialist attention.","This image shows extensive retinal abnormalities, including microaneurysms, hemorrhages, hard exudates, cotton wool spots, venous beading, neovascularization, and vitreous hemorrhage. This indicates a high severity diabetic retinopathy requiring immediate specialist attention.",/kaggle/working/audio/14844_left.wav,21.59,4.14,0.192," This image shows extensive retinal abnormalities, including microneurisms, hemorrhages, hard exudates, cotton wool spots, venous beating, neovascularization, and vitreous hemorrhage. This indicates a high severity, diabetic retinopathy, requiring immediate specialist attention.",0.06451612903225806,4.105149745941162
28929_right,4,4.0,"This fundus image shows significant diabetic retinopathy with neovascularization, hemorrhages, and other signs of severe disease. The patient needs urgent specialist care.","This fundus image shows significant diabetic retinopathy with neovascularization, hemorrhages, and other signs of severe disease. The patient needs urgent specialist care.",/kaggle/working/audio/28929_right.wav,13.4,2.54,0.19," This fundus image shows significant diabetic retinopathy with neovascularization, hemorrhages, and other signs of severe disease. The patient needs urgent specialist care.",0.0,4.330898284912109
13938_left,4,4.0,"The image shows extensive retinal hemorrhages, hard exudates, and cotton wool spots, indicating proliferative diabetic retinopathy. This requires prompt referral to a retinal specialist for comprehensive management.","The image shows extensive retinal hemorrhages, hard exudates, and cotton wool spots, indicating proliferative diabetic retinopathy. This requires prompt referral to a retinal specialist for comprehensive management.",/kaggle/working/audio/13938_left.wav,15.58,2.94,0.189," The image shows extensive retinal hemorrhages, hard exudates, and cotton wool spots, indicating proliferative diabetic retinopathy. This requires prompt referral to a retinal specialist for comprehensive management.",0.0,4.0456223487854
13308_right,4,4.0,"This image shows significant retinal findings consistent with proliferative diabetic retinopathy. The presence of neovascularization, hemorrhages, and cotton wool spots indicates a high risk of vision loss. Immediate ophthalmological consultation is necessary.","This image shows significant retinal findings consistent with proliferative diabetic retinopathy. The presence of neovascularization, hemorrhages, and cotton wool spots indicates a high risk of vision loss. Immediate ophthalmological consultation is necessary.",/kaggle/working/audio/13308_right.wav,19.72,3.7,0.188," This image shows significant retinal findings consistent with proliferative diabetic retinopathy. The presence of neovascularization, hemorrhages, and cotton wool spots indicates a high risk of vision loss. Immediate off-thomological consultation is necessary.",0.0625,4.169188976287842
7945_left,4,2.0,"The image shows moderate non-proliferative diabetic retinopathy with microaneurysms, hemorrhages, hard exudates, and cotton wool spots. Further evaluation is needed to assess the progression of the disease.","The image shows moderate non proliferative diabetic retinopathy with microaneurysms, hemorrhages, hard exudates, and cotton wool spots. Further evaluation is needed to assess the progression of the disease.",/kaggle/working/audio/7945_left.wav,15.51,2.93,0.189," The image shows moderate non-proliferative diabetic retinopathy with microneurisms, hemorrhages, hard exudates, and cotton wool spots. Further evaluation is needed to assess the progression of the disease.",0.03571428571428571,4.070797920227051
28948_left,4,4.0,"This image shows significant diabetic retinopathy with neovascularization, hemorrhages, and cotton wool spots. The patient requires prompt evaluation and management.","This image shows significant diabetic retinopathy with neovascularization, hemorrhages, and cotton wool spots. The patient requires prompt evaluation and management.",/kaggle/working/audio/28948_left.wav,12.22,2.3,0.189," This image shows significant diabetic retinopathy with neovascularization, hemorrhages, and cotton wool spots. The patient requires prompt evaluation and management.",0.0,4.282693386077881
15038_left,4,2.0,"The image shows microaneurysms, indicating moderate non-proliferative diabetic retinopathy. There are no signs of more severe features like hemorrhages or neovascularization.","The image shows microaneurysms, indicating moderate non proliferative diabetic retinopathy. There are no signs of more severe features like hemorrhages or neovascularization.",/kaggle/working/audio/15038_left.wav,13.27,2.52,0.19, The image shows microneurisms indicating moderate non-proliferative diabetic retinopathy. There are no signs of more severe features like hemorrhages or neovascularization.,0.045454545454545456,4.30623722076416
27251_right,4,4.0,"This image shows significant retinal findings, including microaneurysms, hemorrhages, hard exudates, cotton wool spots, venous beading, and vitreous hemorrhage. This indicates a high level of diabetic retinopathy.","This image shows significant retinal findings, including microaneurysms, hemorrhages, hard exudates, cotton wool spots, venous beading, and vitreous hemorrhage. This indicates a high level of diabetic retinopathy.",/kaggle/working/audio/27251_right.wav,15.9,2.97,0.187," This image shows significant retinal findings, including microneurisms, hemorrhages, hard exudates, cotton wool spots, venous beading and vitreous hemorrhage. This indicates a high level of diabetic retinopathy.",0.037037037037037035,4.051041603088379
26772_left,4,4.0,"The image shows significant retinal findings, including microaneurysms, hemorrhages, hard exudates, cotton wool spots, venous beading, and neovascularization. This indicates a high level of diabetic retinopathy.","The image shows significant retinal findings, including microaneurysms, hemorrhages, hard exudates, cotton wool spots, venous beading, and neovascularization. This indicates a high level of diabetic retinopathy.",/kaggle/working/audio/26772_left.wav,16.09,3.03,0.188," The image shows significant retinal findings, including microneurisms, hemorrhages, hard exudates, cotton wool spots, venous beading, and neovascularization. This indicates a high level of diabetic retinopathy.",0.038461538461538464,4.346529960632324
24019_right,4,4.0,"This image shows significant proliferative diabetic retinopathy with neovascularization, hemorrhages, and cotton wool spots. The patient requires prompt evaluation and management to prevent further vision loss.","This image shows significant proliferative diabetic retinopathy with neovascularization, hemorrhages, and cotton wool spots. The patient requires prompt evaluation and management to prevent further vision loss.",/kaggle/working/audio/24019_right.wav,16.09,3.02,0.188," This image shows significant proliferative diabetic retinopathy with neovascularization, hemorrhages, and cotton wool spots. The patient requires prompt evaluation and management to prevent further vision loss.",0.0,4.339622974395752
21373_right,4,0.0,The fundus image shows no signs of diabetic retinopathy. The patient should be monitored regularly to detect any progression.,The fundus image shows no signs of diabetic retinopathy. The patient should be monitored regularly to detect any progression.,/kaggle/working/audio/21373_right.wav,9.59,1.82,0.19, The fundus image shows no signs of diabetic retinopathy. The patient should be monitored regularly to detect any progression.,0.0,4.404789447784424
37332_right,4,4.0,This image shows significant retinal findings consistent with proliferative diabetic retinopathy. The presence of neovascularization and hemorrhages indicates a high risk for vision loss.,This image shows significant retinal findings consistent with proliferative diabetic retinopathy. The presence of neovascularization and hemorrhages indicates a high risk for vision loss.,/kaggle/working/audio/37332_right.wav,14.04,2.61,0.186, This image shows significant retinal findings consistent with proliferative diabetic retinopathy. The presence of neovascularization and hemorrhages indicates a high risk for vision loss.,0.0,4.356495380401611
34901_left,4,4.0,"This image shows extensive retinal findings consistent with proliferative diabetic retinopathy. The presence of neovascularization, hemorrhages, and cotton wool spots indicates a high risk of vision loss.","This image shows extensive retinal findings consistent with proliferative diabetic retinopathy. The presence of neovascularization, hemorrhages, and cotton wool spots indicates a high risk of vision loss.",/kaggle/working/audio/34901_left.wav,14.94,2.77,0.186," This image shows extensive retinal findings consistent with proliferative diabetic retinopathy. The presence of neovascularization, hemorrhages, and cotton wool spots indicates a high risk of vision loss.",0.0,4.272481918334961
34708_left,4,4.0,"This image shows significant retinal findings consistent with proliferative diabetic retinopathy. The presence of neovascularization, hemorrhages, and cotton wool spots indicates a high risk of vision loss.","This image shows significant retinal findings consistent with proliferative diabetic retinopathy. The presence of neovascularization, hemorrhages, and cotton wool spots indicates a high risk of vision loss.",/kaggle/working/audio/34708_left.wav,15.13,2.93,0.193," This image shows significant retinal findings consistent with proliferative diabetic retinopathy. The presence of neovascularization, hemorrhages, and cotton wool spots indicates a high risk of vision loss.",0.0,4.1315460205078125
15870_right,4,2.0,"The image shows moderate non-proliferative diabetic retinopathy with microaneurysms, hemorrhages, hard exudates, and cotton wool spots. Further evaluation is needed to assess the progression of the disease.","The image shows moderate non proliferative diabetic retinopathy with microaneurysms, hemorrhages, hard exudates, and cotton wool spots. Further evaluation is needed to assess the progression of the disease.",/kaggle/working/audio/15870_right.wav,15.64,2.93,0.187," The image shows moderate, non-proliferative diabetic retinopathy with microneurisms, hemorrhages, hard exudates, and cotton wool spots. Further evaluation is needed to assess the progression of the disease.",0.03571428571428571,4.352382183074951
10904_right,4,4.0,"The image shows significant neovascularization and hemorrhages, indicating proliferative diabetic retinopathy. This requires prompt ophthalmological attention.","The image shows significant neovascularization and hemorrhages, indicating proliferative diabetic retinopathy. This requires prompt ophthalmological attention.",/kaggle/working/audio/10904_right.wav,12.63,2.34,0.185," The image shows significant neovascularization and hemorrhages, indicating proliferative diabetic retinopathy. This requires prompt ophthalmological attention.",0.0,4.252706527709961
13022_right,4,4.0,This image shows significant retinal findings consistent with proliferative diabetic retinopathy. The presence of neovascularization and vitreous hemorrhage indicates a high risk for vision loss. Prompt referral to a retinal specialist is crucial.,This image shows significant retinal findings consistent with proliferative diabetic retinopathy. The presence of neovascularization and vitreous hemorrhage indicates a high risk for vision loss. Prompt referral to a retinal specialist is crucial.,/kaggle/working/audio/13022_right.wav,18.24,3.43,0.188, This image shows significant retinal findings consistent with proliferative diabetic retinopathy. The presence of neovascularization and vitreous hemorrhage indicates a high risk for vision loss. Prompt referral to a retinal specialist is crucial.,0.0,4.092855453491211
14495_right,4,4.0,"The image shows extensive retinal hemorrhages, hard exudates, and cotton wool spots, indicating proliferative diabetic retinopathy. Further evaluation and management are necessary.","The image shows extensive retinal hemorrhages, hard exudates, and cotton wool spots, indicating proliferative diabetic retinopathy. Further evaluation and management are necessary.",/kaggle/working/audio/14495_right.wav,13.66,2.53,0.185," The image shows extensive retinal hemorrhages, hard exudates, and cotton wool spots, indicating proliferative diabetic retinopathy. Further evaluation and management are necessary.",0.0,4.269399642944336
1663_left,4,4.0,"This image shows significant retinal findings, including microaneurysms, hemorrhages, hard exudates, cotton wool spots, venous beading, neovascularization, and vitreous hemorrhage. This indicates a high-severity diabetic retinopathy requiring urgent intervention.","This image shows significant retinal findings, including microaneurysms, hemorrhages, hard exudates, cotton wool spots, venous beading, neovascularization, and vitreous hemorrhage. This indicates a high severity diabetic retinopathy requiring urgent intervention.",/kaggle/working/audio/1663_left.wav,20.54,3.88,0.189," This image shows significant retinal findings, including microneurisms, hemorrhages, hard exudates, cotton wool spots, venous beading neovascularization, and vitreous hemorrhage. This indicates a high severity diabetic retinopathy requiring urgent intervention.",0.03333333333333333,4.140946388244629
28077_right,4,4.0,"The image shows significant retinal findings consistent with proliferative diabetic retinopathy, including neovascularization, hemorrhages, and cotton wool spots. This requires urgent ophthalmological attention.","The image shows significant retinal findings consistent with proliferative diabetic retinopathy, including neovascularization, hemorrhages, and cotton wool spots. This requires urgent ophthalmological attention.",/kaggle/working/audio/28077_right.wav,15.67,2.93,0.187," The image shows significant retinal findings consistent with proliferative diabetic retinopathy, including neovascularization, hemorrhages, and cotton wool spots. This requires urgent, off-thonological attention.",0.08695652173913043,4.271706581115723
6707_right,4,4.0,"The image shows extensive retinal changes, including microaneurysms, hemorrhages, and hard exudates. These findings indicate proliferative diabetic retinopathy.","The image shows extensive retinal changes, including microaneurysms, hemorrhages, and hard exudates. These findings indicate proliferative diabetic retinopathy.",/kaggle/working/audio/6707_right.wav,12.31,2.33,0.189," The image shows extensive retinal changes, including microneurisms, hemorrhages, and hard exudates. These findings indicate proliferative diabetic retinopathy.",0.05555555555555555,4.324191093444824
33358_right,4,4.0,"This image shows extensive retinal abnormalities, including microaneurysms, hemorrhages, hard exudates, cotton wool spots, venous beading, neovascularization, and vitreous hemorrhage. This indicates a high-severity diabetic retinopathy requiring immediate attention.","This image shows extensive retinal abnormalities, including microaneurysms, hemorrhages, hard exudates, cotton wool spots, venous beading, neovascularization, and vitreous hemorrhage. This indicates a high severity diabetic retinopathy requiring immediate attention.",/kaggle/working/audio/33358_right.wav,20.73,3.91,0.189," This image shows extensive retinal abnormalities, including microneurisms, hemorrhages, hard exudates, cotton wool spots, venous beading neovascularization, and vitreous hemorrhage. This indicates a high severity diabetic retinopathy requiring immediate attention.",0.03333333333333333,4.300490379333496
9863_left,4,2.0,The image shows moderate non-proliferative diabetic retinopathy with microaneurysms and hemorrhages. Further evaluation is needed to assess for progression.,The image shows moderate non proliferative diabetic retinopathy with microaneurysms and hemorrhages. Further evaluation is needed to assess for progression.,/kaggle/working/audio/9863_left.wav,11.99,2.24,0.187, The image shows moderate non-proliferative diabetic retinopathy with micro-neurisms and hemorrhages. Further evaluation is needed to assess for progression.,0.1,4.311030864715576
18017_left,4,0.0,The fundus image shows no signs of diabetic retinopathy. The patient should be monitored regularly to detect any changes.,The fundus image shows no signs of diabetic retinopathy. The patient should be monitored regularly to detect any changes.,/kaggle/working/audio/18017_left.wav,9.4,1.73,0.184, The fundus image shows no signs of diabetic retinopathy. The patient should be monitored regularly to detect any changes.,0.0,4.3073625564575195
12108_left,4,4.0,"The image shows extensive retinal abnormalities, including microaneurysms, hemorrhages, hard exudates, cotton wool spots, venous beading, and neovascularization. This indicates proliferative diabetic retinopathy.","The image shows extensive retinal abnormalities, including microaneurysms, hemorrhages, hard exudates, cotton wool spots, venous beading, and neovascularization. This indicates proliferative diabetic retinopathy.",/kaggle/working/audio/12108_left.wav,16.44,3.13,0.19," The image shows extensive retinal abnormalities, including microneurisms, hemorrhages, hard exudates, cotton wool spots, venous beading, and neovascularization. This indicates proliferative diabetic retinopathy.",0.043478260869565216,3.9853222370147705
24773_left,4,4.0,"This image shows significant retinal findings, including microaneurysms, hemorrhages, cotton wool spots, venous beading, and vitreous hemorrhage. The presence of neovascularization indicates proliferative diabetic retinopathy.","This image shows significant retinal findings, including microaneurysms, hemorrhages, cotton wool spots, venous beading, and vitreous hemorrhage. The presence of neovascularization indicates proliferative diabetic retinopathy.",/kaggle/working/audio/24773_left.wav,17.18,3.24,0.189," This image shows significant retinal findings, including microneurisms, hemorrhages, cotton wool spots, venous beading, and vitreous hemorrhage. The presence of neovascularization indicates proliferative diabetic retinopathy.",0.04,4.136425495147705
20752_right,4,4.0,"This image shows extensive retinal abnormalities, including neovascularization, hemorrhages, and exudates. This indicates a high-risk proliferative diabetic retinopathy.","This image shows extensive retinal abnormalities, including neovascularization, hemorrhages, and exudates. This indicates a high risk proliferative diabetic retinopathy.",/kaggle/working/audio/20752_right.wav,13.21,2.48,0.188," This image shows extensive retinal abnormalities, including neovascularization, hemorrhages, and exudates. This indicates a high-risk proliferative diabetic retinopathy.",0.0,4.339925289154053
13066_right,4,3.0,"The image shows signs of severe non-proliferative diabetic retinopathy, including microaneurysms, hemorrhages, hard exudates, cotton wool spots, and venous beading. This requires prompt ophthalmological attention.","The image shows signs of severe non proliferative diabetic retinopathy, including microaneurysms, hemorrhages, hard exudates, cotton wool spots, and venous beading. This requires prompt ophthalmological attention.",/kaggle/working/audio/13066_right.wav,16.02,3.15,0.197," The image shows signs of severe, non-proliferative diabetic retinopathy, including microneurisms, hemorrhages, hard exudates, cotton wool spots, and venous beading. This requires prompt, off-thomological attention.",0.11538461538461539,4.070136070251465
31461_right,4,4.0,"This image shows significant retinal findings consistent with proliferative diabetic retinopathy. The presence of neovascularization, hemorrhages, and exudates indicates a high risk of vision loss. Prompt treatment is necessary to prevent further complications.","This image shows significant retinal findings consistent with proliferative diabetic retinopathy. The presence of neovascularization, hemorrhages, and exudates indicates a high risk of vision loss. Prompt treatment is necessary to prevent further complications.",/kaggle/working/audio/31461_right.wav,19.3,3.6,0.186," This image shows significant retinal findings consistent with proliferative diabetic retinopathy. The presence of neovascularization, hemorrhages, and exudates indicates a high-risk vision loss. Prompt treatment is necessary to prevent further complications.",0.030303030303030304,4.0516533851623535
16392_left,4,4.0,"The fundus image shows extensive retinal hemorrhages, neovascularization, and other signs of proliferative diabetic retinopathy. This indicates a high risk of vision loss and requires urgent specialist attention.","The fundus image shows extensive retinal hemorrhages, neovascularization, and other signs of proliferative diabetic retinopathy. This indicates a high risk of vision loss and requires urgent specialist attention.",/kaggle/working/audio/16392_left.wav,15.99,2.98,0.187," The fundus image shows extensive retinal hemorrhages, neovascularization, and other signs of proliferative diabetic retinopathy. This indicates a high risk of vision loss and requires urgent specialist attention.",0.0,3.831730842590332
38064_left,4,4.0,This image shows extensive retinal findings consistent with proliferative diabetic retinopathy. The presence of neovascularization and other signs of advanced disease warrants prompt specialist referral.,This image shows extensive retinal findings consistent with proliferative diabetic retinopathy. The presence of neovascularization and other signs of advanced disease warrants prompt specialist referral.,/kaggle/working/audio/38064_left.wav,15.0,2.83,0.189, This image shows extensive retinal findings consistent with proliferative diabetic retinopathy. The presence of neovascularization and other signs of advanced disease warrants prompt specialist referral.,0.0,4.230581283569336
7853_right,4,4.0,"This image shows significant retinal findings consistent with proliferative diabetic retinopathy. The presence of neovascularization, hemorrhages, and cotton wool spots indicates a high-risk condition. A specialist consultation is necessary for appropriate treatment planning.","This image shows significant retinal findings consistent with proliferative diabetic retinopathy. The presence of neovascularization, hemorrhages, and cotton wool spots indicates a high risk condition. A specialist consultation is necessary for appropriate treatment planning.",/kaggle/working/audio/7853_right.wav,20.32,3.79,0.187," This image shows significant retinal findings consistent with proliferative diabetic retinopathy. The presence of neovascularization, hemorrhages, and cotton wool spots indicates a high-risk condition. A specialist consultation is necessary for appropriate treatment planning.",0.0,4.297347545623779
