image,true_grade,pred_grade,summary,tts_text,audio_path,duration_s,gen_time_s,rtf
4095_right,0,0.0,The fundus image shows no signs of diabetic retinopathy. The patient should be monitored regularly to detect any changes.,The fundus image shows no signs of diabetic retinopathy. The patient should be monitored regularly to detect any changes.,/kaggle/working/audio/4095_right.wav,9.37,1.77,0.189
11527_left,0,2.0,"The image shows microaneurysms and hemorrhages, indicating moderate non-proliferative diabetic retinopathy. Further monitoring is needed to assess for progression.","The image shows microaneurysms and hemorrhages, indicating moderate non proliferative diabetic retinopathy. Further monitoring is needed to assess for progression.",/kaggle/working/audio/11527_left.wav,12.41,2.35,0.19
35004_right,0,1.0,"The image shows microaneurysms, indicating mild non-proliferative diabetic retinopathy. No other significant findings are present.","The image shows microaneurysms, indicating mild non proliferative diabetic retinopathy. No other significant findings are present.",/kaggle/working/audio/35004_right.wav,10.42,1.97,0.189
25941_left,0,1.0,"The image shows microaneurysms, indicating mild non-proliferative diabetic retinopathy. No other significant findings are present.","The image shows microaneurysms, indicating mild non proliferative diabetic retinopathy. No other significant findings are present.",/kaggle/working/audio/25941_left.wav,10.71,2.05,0.191
28774_right,0,2.0,The image shows moderate non-proliferative diabetic retinopathy with microaneurysms. There are no signs of severe features like hemorrhages or neovascularization.,The image shows moderate non proliferative diabetic retinopathy with microaneurysms. There are no signs of severe features like hemorrhages or neovascularization.,/kaggle/working/audio/28774_right.wav,12.66,2.4,0.19
17561_left,0,0.0,The fundus appears normal with no signs of diabetic retinopathy. No treatment is currently indicated.,The fundus appears normal with no signs of diabetic retinopathy. No treatment is currently indicated.,/kaggle/working/audio/17561_left.wav,7.54,1.39,0.185
8316_right,0,0.0,"The fundus appears normal with no signs of diabetic retinopathy. No microaneurysms, hemorrhages, or other abnormalities are present.","The fundus appears normal with no signs of diabetic retinopathy. No microaneurysms, hemorrhages, or other abnormalities are present.",/kaggle/working/audio/8316_right.wav,10.65,1.98,0.186
21539_right,0,0.0,The fundus image shows no signs of diabetic retinopathy. The patient should be monitored regularly to detect any progression.,The fundus image shows no signs of diabetic retinopathy. The patient should be monitored regularly to detect any progression.,/kaggle/working/audio/21539_right.wav,9.4,1.74,0.186
42485_right,0,0.0,The fundus image shows no signs of diabetic retinopathy. A follow-up examination is recommended in 6 months to monitor for any changes.,The fundus image shows no signs of diabetic retinopathy. A follow up examination is recommended in 6 months to monitor for any changes.,/kaggle/working/audio/42485_right.wav,10.49,1.96,0.187
32246_right,0,0.0,The image shows no signs of diabetic retinopathy. The fundus appears normal. Regular follow-up is recommended.,The image shows no signs of diabetic retinopathy. The fundus appears normal. Regular follow up is recommended.,/kaggle/working/audio/32246_right.wav,8.71,1.63,0.188
18923_right,0,0.0,"The image shows no signs of diabetic retinopathy. No microaneurysms, hemorrhages, or other abnormalities are visible.","The image shows no signs of diabetic retinopathy. No microaneurysms, hemorrhages, or other abnormalities are visible.",/kaggle/working/audio/18923_right.wav,9.53,1.78,0.187
42070_left,0,0.0,"The fundus image shows no signs of diabetic retinopathy. No microaneurysms, hemorrhages, or other abnormalities are present.","The fundus image shows no signs of diabetic retinopathy. No microaneurysms, hemorrhages, or other abnormalities are present.",/kaggle/working/audio/42070_left.wav,9.82,1.8,0.183
42515_left,0,1.0,"The image shows microaneurysms, indicating mild non-proliferative diabetic retinopathy. No other significant findings are present.","The image shows microaneurysms, indicating mild non proliferative diabetic retinopathy. No other significant findings are present.",/kaggle/working/audio/42515_left.wav,10.46,1.95,0.187
19627_right,0,0.0,The fundus image shows no signs of diabetic retinopathy. The patient should be monitored regularly to detect any changes.,The fundus image shows no signs of diabetic retinopathy. The patient should be monitored regularly to detect any changes.,/kaggle/working/audio/19627_right.wav,9.37,1.77,0.189
26020_right,0,1.0,"The image shows microaneurysms, indicating mild non-proliferative diabetic retinopathy. No other significant findings are present.","The image shows microaneurysms, indicating mild non proliferative diabetic retinopathy. No other significant findings are present.",/kaggle/working/audio/26020_right.wav,10.58,1.98,0.187
41965_right,0,0.0,The fundus image shows no signs of diabetic retinopathy. The patient should be monitored regularly to detect any changes.,The fundus image shows no signs of diabetic retinopathy. The patient should be monitored regularly to detect any changes.,/kaggle/working/audio/41965_right.wav,9.4,1.78,0.189
35277_left,0,0.0,The fundus appears normal with no signs of diabetic retinopathy. No treatment is currently indicated.,The fundus appears normal with no signs of diabetic retinopathy. No treatment is currently indicated.,/kaggle/working/audio/35277_left.wav,7.54,1.43,0.189
15644_left,0,0.0,"The image shows no signs of diabetic retinopathy. No microaneurysms, hemorrhages, or other abnormalities are present.","The image shows no signs of diabetic retinopathy. No microaneurysms, hemorrhages, or other abnormalities are present.",/kaggle/working/audio/15644_left.wav,9.37,1.75,0.187
40014_left,0,0.0,The image shows no signs of diabetic retinopathy. The patient is currently at low risk for progression.,The image shows no signs of diabetic retinopathy. The patient is currently at low risk for progression.,/kaggle/working/audio/40014_left.wav,7.32,1.36,0.186
13536_right,0,0.0,The fundus image shows no signs of diabetic retinopathy. The patient should be monitored regularly to detect any future changes.,The fundus image shows no signs of diabetic retinopathy. The patient should be monitored regularly to detect any future changes.,/kaggle/working/audio/13536_right.wav,9.69,1.83,0.189
27067_left,0,0.0,The fundus image shows no signs of diabetic retinopathy. The patient should be monitored regularly to detect any changes.,The fundus image shows no signs of diabetic retinopathy. The patient should be monitored regularly to detect any changes.,/kaggle/working/audio/27067_left.wav,9.5,1.77,0.186
7024_right,0,0.0,The fundus appears normal with no signs of diabetic retinopathy. No abnormalities were detected.,The fundus appears normal with no signs of diabetic retinopathy. No abnormalities were detected.,/kaggle/working/audio/7024_right.wav,7.58,1.45,0.192
35298_left,0,1.0,"The image shows microaneurysms, indicating mild non-proliferative diabetic retinopathy. No other significant findings are present.","The image shows microaneurysms, indicating mild non proliferative diabetic retinopathy. No other significant findings are present.",/kaggle/working/audio/35298_left.wav,10.58,2.0,0.189
2840_left,0,0.0,The image shows no signs of diabetic retinopathy. A follow-up appointment is recommended to monitor for any changes.,The image shows no signs of diabetic retinopathy. A follow up appointment is recommended to monitor for any changes.,/kaggle/working/audio/2840_left.wav,8.57,1.6,0.187
11232_left,0,0.0,The fundus image shows no signs of diabetic retinopathy. The patient should be monitored regularly to detect any changes.,The fundus image shows no signs of diabetic retinopathy. The patient should be monitored regularly to detect any changes.,/kaggle/working/audio/11232_left.wav,9.21,1.71,0.186
14333_right,0,0.0,The fundus image shows no signs of diabetic retinopathy. The patient should be monitored regularly to detect any changes.,The fundus image shows no signs of diabetic retinopathy. The patient should be monitored regularly to detect any changes.,/kaggle/working/audio/14333_right.wav,9.14,1.73,0.189
23850_left,0,0.0,"The fundus image shows no signs of diabetic retinopathy. No microaneurysms, hemorrhages, or other abnormalities are present.","The fundus image shows no signs of diabetic retinopathy. No microaneurysms, hemorrhages, or other abnormalities are present.",/kaggle/working/audio/23850_left.wav,10.2,1.91,0.187
41948_right,0,0.0,The fundus appears normal with no signs of diabetic retinopathy. No abnormalities were detected.,The fundus appears normal with no signs of diabetic retinopathy. No abnormalities were detected.,/kaggle/working/audio/41948_right.wav,7.64,1.42,0.186
4274_left,0,0.0,The fundus appears normal with no signs of diabetic retinopathy. A follow-up examination is recommended in 6 months to monitor for any changes.,The fundus appears normal with no signs of diabetic retinopathy. A follow up examination is recommended in 6 months to monitor for any changes.,/kaggle/working/audio/4274_left.wav,11.19,2.06,0.184
8320_left,0,0.0,The fundus image shows no signs of diabetic retinopathy. The patient should be monitored regularly to detect any changes.,The fundus image shows no signs of diabetic retinopathy. The patient should be monitored regularly to detect any changes.,/kaggle/working/audio/8320_left.wav,9.24,1.69,0.183
13769_left,0,1.0,"The image shows microaneurysms, indicating mild non-proliferative diabetic retinopathy. No other significant findings are present.","The image shows microaneurysms, indicating mild non proliferative diabetic retinopathy. No other significant findings are present.",/kaggle/working/audio/13769_left.wav,10.62,2.05,0.193
27496_left,0,1.0,"The image shows microaneurysms, indicating mild non-proliferative diabetic retinopathy. No other significant findings are present.","The image shows microaneurysms, indicating mild non proliferative diabetic retinopathy. No other significant findings are present.",/kaggle/working/audio/27496_left.wav,10.49,1.99,0.19
32089_left,0,1.0,"The image shows microaneurysms, indicating mild non-proliferative diabetic retinopathy. No other significant findings are present.","The image shows microaneurysms, indicating mild non proliferative diabetic retinopathy. No other significant findings are present.",/kaggle/working/audio/32089_left.wav,10.3,2.03,0.198
19180_left,0,1.0,"The image shows microaneurysms, indicating mild non-proliferative diabetic retinopathy. No other significant findings are present.","The image shows microaneurysms, indicating mild non proliferative diabetic retinopathy. No other significant findings are present.",/kaggle/working/audio/19180_left.wav,10.71,2.01,0.188
9857_left,0,0.0,The fundus image shows no signs of diabetic retinopathy. The patient should be monitored regularly to detect any changes.,The fundus image shows no signs of diabetic retinopathy. The patient should be monitored regularly to detect any changes.,/kaggle/working/audio/9857_left.wav,9.27,1.7,0.184
32942_right,0,1.0,"The image shows microaneurysms, indicating mild non-proliferative diabetic retinopathy. There are no other significant findings.","The image shows microaneurysms, indicating mild non proliferative diabetic retinopathy. There are no other significant findings.",/kaggle/working/audio/32942_right.wav,9.94,1.86,0.187
3758_right,0,1.0,"The image shows microaneurysms, indicating mild non-proliferative diabetic retinopathy. There are no other significant findings.","The image shows microaneurysms, indicating mild non proliferative diabetic retinopathy. There are no other significant findings.",/kaggle/working/audio/3758_right.wav,9.78,1.83,0.187
6193_left,0,1.0,"The image shows microaneurysms, indicating mild non-proliferative diabetic retinopathy. No other significant findings are present.","The image shows microaneurysms, indicating mild non proliferative diabetic retinopathy. No other significant findings are present.",/kaggle/working/audio/6193_left.wav,10.62,1.99,0.188
41645_right,0,1.0,"The image shows microaneurysms, indicating mild non-proliferative diabetic retinopathy. No other significant findings are present.","The image shows microaneurysms, indicating mild non proliferative diabetic retinopathy. No other significant findings are present.",/kaggle/working/audio/41645_right.wav,10.33,1.9,0.184
6429_left,0,1.0,"The image shows microaneurysms, indicating mild non-proliferative diabetic retinopathy. No other significant findings are present.","The image shows microaneurysms, indicating mild non proliferative diabetic retinopathy. No other significant findings are present.",/kaggle/working/audio/6429_left.wav,10.74,1.98,0.184
20325_right,0,0.0,"The fundus image shows no signs of diabetic retinopathy. No microaneurysms, hemorrhages, or other abnormalities are present.","The fundus image shows no signs of diabetic retinopathy. No microaneurysms, hemorrhages, or other abnormalities are present.",/kaggle/working/audio/20325_right.wav,10.01,1.84,0.184
14981_right,0,1.0,"The image shows microaneurysms, indicating mild non-proliferative diabetic retinopathy. No other significant findings are present.","The image shows microaneurysms, indicating mild non proliferative diabetic retinopathy. No other significant findings are present.",/kaggle/working/audio/14981_right.wav,10.52,1.94,0.184
29407_right,0,1.0,"The image shows microaneurysms, indicating mild non-proliferative diabetic retinopathy. No other significant findings are present.","The image shows microaneurysms, indicating mild non proliferative diabetic retinopathy. No other significant findings are present.",/kaggle/working/audio/29407_right.wav,10.42,1.95,0.187
29043_left,0,0.0,The image shows no signs of diabetic retinopathy. The patient should be monitored regularly to detect any progression.,The image shows no signs of diabetic retinopathy. The patient should be monitored regularly to detect any progression.,/kaggle/working/audio/29043_left.wav,8.92,1.66,0.186
41287_left,0,1.0,"The image shows microaneurysms, indicating mild non-proliferative diabetic retinopathy. No other significant findings are present.","The image shows microaneurysms, indicating mild non proliferative diabetic retinopathy. No other significant findings are present.",/kaggle/working/audio/41287_left.wav,10.46,1.95,0.186
24542_left,0,1.0,"The image shows microaneurysms, indicating mild non-proliferative diabetic retinopathy. No other significant findings are present.","The image shows microaneurysms, indicating mild non proliferative diabetic retinopathy. No other significant findings are present.",/kaggle/working/audio/24542_left.wav,10.52,1.97,0.188
5573_right,0,2.0,"The image shows microaneurysms and hemorrhages, indicating moderate non-proliferative diabetic retinopathy. Further monitoring is needed to assess for progression.","The image shows microaneurysms and hemorrhages, indicating moderate non proliferative diabetic retinopathy. Further monitoring is needed to assess for progression.",/kaggle/working/audio/5573_right.wav,12.09,2.24,0.185
1394_left,0,1.0,"The image shows microaneurysms, indicating mild non-proliferative diabetic retinopathy. There are no other significant findings.","The image shows microaneurysms, indicating mild non proliferative diabetic retinopathy. There are no other significant findings.",/kaggle/working/audio/1394_left.wav,9.82,1.83,0.186
43816_left,0,0.0,The fundus image shows no signs of diabetic retinopathy. The patient should be monitored regularly to detect any progression.,The fundus image shows no signs of diabetic retinopathy. The patient should be monitored regularly to detect any progression.,/kaggle/working/audio/43816_left.wav,9.56,1.81,0.189
34526_right,0,3.0,"The image shows significant retinal findings, including microaneurysms, hemorrhages, hard exudates, and cotton wool spots. This indicates a high level of diabetic retinopathy.","The image shows significant retinal findings, including microaneurysms, hemorrhages, hard exudates, and cotton wool spots. This indicates a high level of diabetic retinopathy.",/kaggle/working/audio/34526_right.wav,13.05,2.47,0.189
41804_left,1,1.0,"The image shows microaneurysms, indicating mild non-proliferative diabetic retinopathy. No other significant findings are present.","The image shows microaneurysms, indicating mild non proliferative diabetic retinopathy. No other significant findings are present.",/kaggle/working/audio/41804_left.wav,10.42,1.96,0.188
20404_right,1,0.0,The fundus image shows no signs of diabetic retinopathy. The patient should be monitored regularly to detect any progression.,The fundus image shows no signs of diabetic retinopathy. The patient should be monitored regularly to detect any progression.,/kaggle/working/audio/20404_right.wav,9.88,1.85,0.187
17317_left,1,0.0,The fundus image shows no signs of diabetic retinopathy. The patient should be monitored regularly to detect any changes.,The fundus image shows no signs of diabetic retinopathy. The patient should be monitored regularly to detect any changes.,/kaggle/working/audio/17317_left.wav,9.24,1.71,0.185
40757_right,1,0.0,"The fundus image shows no signs of diabetic retinopathy. No microaneurysms, hemorrhages, or other abnormalities are present.","The fundus image shows no signs of diabetic retinopathy. No microaneurysms, hemorrhages, or other abnormalities are present.",/kaggle/working/audio/40757_right.wav,10.17,1.95,0.192
41863_right,1,2.0,"The image shows moderate non-proliferative diabetic retinopathy with microaneurysms, hemorrhages, hard exudates, and cotton wool spots. The patient should be monitored closely for progression.","The image shows moderate non proliferative diabetic retinopathy with microaneurysms, hemorrhages, hard exudates, and cotton wool spots. The patient should be monitored closely for progression.",/kaggle/working/audio/41863_right.wav,13.72,2.55,0.186
15855_right,1,1.0,"The image shows microaneurysms, indicating mild non-proliferative diabetic retinopathy. No other significant findings are present.","The image shows microaneurysms, indicating mild non proliferative diabetic retinopathy. No other significant findings are present.",/kaggle/working/audio/15855_right.wav,10.74,2.01,0.187
8513_right,1,1.0,"The image shows microaneurysms, indicating mild non-proliferative diabetic retinopathy. No other significant findings are present.","The image shows microaneurysms, indicating mild non proliferative diabetic retinopathy. No other significant findings are present.",/kaggle/working/audio/8513_right.wav,10.55,1.96,0.186
8889_left,1,0.0,The fundus image shows no signs of diabetic retinopathy. The patient should be monitored regularly to detect any changes.,The fundus image shows no signs of diabetic retinopathy. The patient should be monitored regularly to detect any changes.,/kaggle/working/audio/8889_left.wav,9.27,1.71,0.184
38163_left,1,0.0,The fundus image shows no signs of diabetic retinopathy. A follow-up examination is recommended in 6 months to monitor for any changes.,The fundus image shows no signs of diabetic retinopathy. A follow up examination is recommended in 6 months to monitor for any changes.,/kaggle/working/audio/38163_left.wav,10.55,1.98,0.188
16818_left,1,1.0,"The image shows microaneurysms, indicating mild non-proliferative diabetic retinopathy. No other significant findings are present.","The image shows microaneurysms, indicating mild non proliferative diabetic retinopathy. No other significant findings are present.",/kaggle/working/audio/16818_left.wav,10.46,1.93,0.185
6175_right,1,2.0,"The image shows microaneurysms and hemorrhages, indicating moderate non-proliferative diabetic retinopathy. Further monitoring is recommended to assess for progression.","The image shows microaneurysms and hemorrhages, indicating moderate non proliferative diabetic retinopathy. Further monitoring is recommended to assess for progression.",/kaggle/working/audio/6175_right.wav,12.66,2.36,0.186
13643_right,1,2.0,"The fundus image shows microaneurysms and hemorrhages, indicating moderate non-proliferative diabetic retinopathy. Further monitoring is recommended to assess for progression.","The fundus image shows microaneurysms and hemorrhages, indicating moderate non proliferative diabetic retinopathy. Further monitoring is recommended to assess for progression.",/kaggle/working/audio/13643_right.wav,13.08,2.46,0.188
43973_right,1,0.0,The fundus image shows no signs of diabetic retinopathy. The patient should be monitored regularly to detect any progression.,The fundus image shows no signs of diabetic retinopathy. The patient should be monitored regularly to detect any progression.,/kaggle/working/audio/43973_right.wav,9.5,1.87,0.197
19859_right,1,2.0,"The image shows microaneurysms and hemorrhages, indicating moderate non-proliferative diabetic retinopathy. Further monitoring is needed to assess for progression.","The image shows microaneurysms and hemorrhages, indicating moderate non proliferative diabetic retinopathy. Further monitoring is needed to assess for progression.",/kaggle/working/audio/19859_right.wav,12.15,2.43,0.2
25203_left,1,0.0,"The fundus image shows no signs of diabetic retinopathy. No microaneurysms, hemorrhages, or other abnormalities are present.","The fundus image shows no signs of diabetic retinopathy. No microaneurysms, hemorrhages, or other abnormalities are present.",/kaggle/working/audio/25203_left.wav,10.1,1.88,0.186
9959_right,1,1.0,"The image shows microaneurysms, indicating mild non-proliferative diabetic retinopathy. No other significant findings are present.","The image shows microaneurysms, indicating mild non proliferative diabetic retinopathy. No other significant findings are present.",/kaggle/working/audio/9959_right.wav,10.55,1.96,0.185
16612_right,1,2.0,The image shows moderate non-proliferative diabetic retinopathy with microaneurysms and hemorrhages. Further monitoring is needed to assess for progression.,The image shows moderate non proliferative diabetic retinopathy with microaneurysms and hemorrhages. Further monitoring is needed to assess for progression.,/kaggle/working/audio/16612_right.wav,11.83,2.23,0.188
6772_left,1,2.0,"The image shows microaneurysms and hemorrhages, indicating moderate non-proliferative diabetic retinopathy. Further monitoring is needed to assess for progression.","The image shows microaneurysms and hemorrhages, indicating moderate non proliferative diabetic retinopathy. Further monitoring is needed to assess for progression.",/kaggle/working/audio/6772_left.wav,11.86,2.25,0.19
10297_right,1,0.0,The fundus image shows no signs of diabetic retinopathy. The patient should be monitored regularly to detect any changes.,The fundus image shows no signs of diabetic retinopathy. The patient should be monitored regularly to detect any changes.,/kaggle/working/audio/10297_right.wav,9.27,1.71,0.184
1932_right,1,1.0,"The image shows microaneurysms, indicating mild non-proliferative diabetic retinopathy. No other significant findings are present.","The image shows microaneurysms, indicating mild non proliferative diabetic retinopathy. No other significant findings are present.",/kaggle/working/audio/1932_right.wav,10.46,1.93,0.185
4885_right,1,2.0,"The image shows microaneurysms and hemorrhages, indicating moderate non-proliferative diabetic retinopathy. Further monitoring is needed to assess for progression.","The image shows microaneurysms and hemorrhages, indicating moderate non proliferative diabetic retinopathy. Further monitoring is needed to assess for progression.",/kaggle/working/audio/4885_right.wav,12.02,2.21,0.183
20019_left,1,2.0,"The image shows microaneurysms and hemorrhages, indicating moderate non-proliferative diabetic retinopathy. Further monitoring is needed to assess for progression.","The image shows microaneurysms and hemorrhages, indicating moderate non proliferative diabetic retinopathy. Further monitoring is needed to assess for progression.",/kaggle/working/audio/20019_left.wav,12.34,2.32,0.188
32307_left,1,2.0,The image shows moderate non-proliferative diabetic retinopathy with microaneurysms and hemorrhages. Further evaluation is needed to assess for progression.,The image shows moderate non proliferative diabetic retinopathy with microaneurysms and hemorrhages. Further evaluation is needed to assess for progression.,/kaggle/working/audio/32307_left.wav,12.09,2.35,0.195
19849_right,1,1.0,"The image shows microaneurysms, indicating mild non-proliferative diabetic retinopathy. No other significant findings are present.","The image shows microaneurysms, indicating mild non proliferative diabetic retinopathy. No other significant findings are present.",/kaggle/working/audio/19849_right.wav,10.52,1.97,0.187
42615_left,1,2.0,"The image shows microaneurysms, indicating moderate non-proliferative diabetic retinopathy. No other significant findings are present.","The image shows microaneurysms, indicating moderate non proliferative diabetic retinopathy. No other significant findings are present.",/kaggle/working/audio/42615_left.wav,10.55,1.98,0.188
28455_right,1,1.0,"The image shows microaneurysms, indicating mild non-proliferative diabetic retinopathy. No other significant findings are present.","The image shows microaneurysms, indicating mild non proliferative diabetic retinopathy. No other significant findings are present.",/kaggle/working/audio/28455_right.wav,10.58,1.93,0.182
12070_right,1,0.0,The fundus appears normal. No signs of diabetic retinopathy are present.,The fundus appears normal. No signs of diabetic retinopathy are present.,/kaggle/working/audio/12070_right.wav,6.1,1.1,0.18
5994_right,1,1.0,"The image shows microaneurysms, indicating mild non-proliferative diabetic retinopathy. No other significant findings are present.","The image shows microaneurysms, indicating mild non proliferative diabetic retinopathy. No other significant findings are present.",/kaggle/working/audio/5994_right.wav,10.49,1.99,0.19
14825_right,1,0.0,The fundus image shows no signs of diabetic retinopathy. A follow-up appointment is recommended to monitor for any future development of diabetic retinopathy.,The fundus image shows no signs of diabetic retinopathy. A follow up appointment is recommended to monitor for any future development of diabetic retinopathy.,/kaggle/working/audio/14825_right.wav,12.89,2.38,0.185
21294_right,1,1.0,"The image shows microaneurysms, indicating mild non-proliferative diabetic retinopathy. No other significant findings are present.","The image shows microaneurysms, indicating mild non proliferative diabetic retinopathy. No other significant findings are present.",/kaggle/working/audio/21294_right.wav,10.71,1.97,0.184
2034_left,1,2.0,The image shows moderate non-proliferative diabetic retinopathy with microaneurysms and hemorrhages. Further monitoring is needed to assess for progression.,The image shows moderate non proliferative diabetic retinopathy with microaneurysms and hemorrhages. Further monitoring is needed to assess for progression.,/kaggle/working/audio/2034_left.wav,11.7,2.18,0.186
43291_left,1,0.0,The image shows no signs of diabetic retinopathy. The patient should be monitored regularly to detect any changes.,The image shows no signs of diabetic retinopathy. The patient should be monitored regularly to detect any changes.,/kaggle/working/audio/43291_left.wav,8.6,1.57,0.183
24668_right,1,2.0,The image shows moderate non-proliferative diabetic retinopathy with microaneurysms and hemorrhages. Further monitoring is recommended to assess for progression.,The image shows moderate non proliferative diabetic retinopathy with microaneurysms and hemorrhages. Further monitoring is recommended to assess for progression.,/kaggle/working/audio/24668_right.wav,12.38,2.37,0.191
27534_right,1,1.0,"The image shows microaneurysms, indicating mild non-proliferative diabetic retinopathy. There are no other significant findings.","The image shows microaneurysms, indicating mild non proliferative diabetic retinopathy. There are no other significant findings.",/kaggle/working/audio/27534_right.wav,9.88,1.81,0.183
3587_right,1,2.0,"The image shows microaneurysms and hemorrhages, indicating moderate non-proliferative diabetic retinopathy. Further monitoring is needed to assess for progression.","The image shows microaneurysms and hemorrhages, indicating moderate non proliferative diabetic retinopathy. Further monitoring is needed to assess for progression.",/kaggle/working/audio/3587_right.wav,12.25,2.23,0.182
17732_right,1,1.0,"The image shows microaneurysms, indicating mild non-proliferative diabetic retinopathy. No other significant findings are present.","The image shows microaneurysms, indicating mild non proliferative diabetic retinopathy. No other significant findings are present.",/kaggle/working/audio/17732_right.wav,10.46,1.93,0.184
21513_right,1,2.0,The image shows moderate non-proliferative diabetic retinopathy with microaneurysms and hemorrhages. No signs of severe features or neovascularization are present.,The image shows moderate non proliferative diabetic retinopathy with microaneurysms and hemorrhages. No signs of severe features or neovascularization are present.,/kaggle/working/audio/21513_right.wav,13.02,2.37,0.182
24299_left,1,2.0,The image shows moderate non-proliferative diabetic retinopathy with microaneurysms and hemorrhages. Further evaluation is needed to assess for progression.,The image shows moderate non proliferative diabetic retinopathy with microaneurysms and hemorrhages. Further evaluation is needed to assess for progression.,/kaggle/working/audio/24299_left.wav,11.93,2.22,0.186
28905_left,1,1.0,"The image shows microaneurysms, indicating mild non-proliferative diabetic retinopathy. No other significant findings are present.","The image shows microaneurysms, indicating mild non proliferative diabetic retinopathy. No other significant findings are present.",/kaggle/working/audio/28905_left.wav,10.65,1.96,0.184
25458_left,1,1.0,"The image shows microaneurysms, indicating mild non-proliferative diabetic retinopathy. No other significant findings are present.","The image shows microaneurysms, indicating mild non proliferative diabetic retinopathy. No other significant findings are present.",/kaggle/working/audio/25458_left.wav,10.71,1.99,0.186
4524_right,1,0.0,The image shows no signs of diabetic retinopathy. The patient should be monitored regularly to detect any changes.,The image shows no signs of diabetic retinopathy. The patient should be monitored regularly to detect any changes.,/kaggle/working/audio/4524_right.wav,8.82,1.61,0.182
13333_right,1,3.0,"The image shows a fundus with numerous microaneurysms, indicating severe non-proliferative diabetic retinopathy. There are no signs of neovascularization or significant hemorrhages.","The image shows a fundus with numerous microaneurysms, indicating severe non proliferative diabetic retinopathy. There are no signs of neovascularization or significant hemorrhages.",/kaggle/working/audio/13333_right.wav,14.58,2.8,0.192
26319_right,1,2.0,The image shows moderate non-proliferative diabetic retinopathy with microaneurysms and hemorrhages. Further monitoring is recommended to assess for progression.,The image shows moderate non proliferative diabetic retinopathy with microaneurysms and hemorrhages. Further monitoring is recommended to assess for progression.,/kaggle/working/audio/26319_right.wav,12.34,2.26,0.183
30146_right,1,0.0,The fundus image shows no signs of diabetic retinopathy. The patient should be monitored regularly to detect any progression.,The fundus image shows no signs of diabetic retinopathy. The patient should be monitored regularly to detect any progression.,/kaggle/working/audio/30146_right.wav,9.37,1.71,0.182
26487_right,1,1.0,"The image shows microaneurysms, indicating mild non-proliferative diabetic retinopathy. No other significant findings are present.","The image shows microaneurysms, indicating mild non proliferative diabetic retinopathy. No other significant findings are present.",/kaggle/working/audio/26487_right.wav,10.58,1.97,0.186
20784_left,1,1.0,"The image shows microaneurysms, indicating mild non-proliferative diabetic retinopathy. There are no other significant findings.","The image shows microaneurysms, indicating mild non proliferative diabetic retinopathy. There are no other significant findings.",/kaggle/working/audio/20784_left.wav,9.72,1.82,0.187
37675_right,1,0.0,The image shows no signs of diabetic retinopathy. The fundus appears normal. A follow-up exam is recommended to monitor for any future changes.,The image shows no signs of diabetic retinopathy. The fundus appears normal. A follow up exam is recommended to monitor for any future changes.,/kaggle/working/audio/37675_right.wav,11.24,2.12,0.189
27223_left,1,2.0,The image shows moderate non-proliferative diabetic retinopathy with microaneurysms and hemorrhages. Further evaluation is needed to assess for progression.,The image shows moderate non proliferative diabetic retinopathy with microaneurysms and hemorrhages. Further evaluation is needed to assess for progression.,/kaggle/working/audio/27223_left.wav,12.02,2.22,0.185
12547_right,1,2.0,"The image shows microaneurysms, indicating moderate non-proliferative diabetic retinopathy. There are no other significant findings.","The image shows microaneurysms, indicating moderate non proliferative diabetic retinopathy. There are no other significant findings.",/kaggle/working/audio/12547_right.wav,9.91,1.83,0.185
19075_right,1,2.0,"The image shows microaneurysms and hemorrhages, indicating moderate non-proliferative diabetic retinopathy. Further monitoring is needed to assess for progression.","The image shows microaneurysms and hemorrhages, indicating moderate non proliferative diabetic retinopathy. Further monitoring is needed to assess for progression.",/kaggle/working/audio/19075_right.wav,12.25,2.35,0.192
4698_right,2,2.0,The image shows moderate non-proliferative diabetic retinopathy with microaneurysms and hemorrhages. No signs of severe features or neovascularization are present.,The image shows moderate non proliferative diabetic retinopathy with microaneurysms and hemorrhages. No signs of severe features or neovascularization are present.,/kaggle/working/audio/4698_right.wav,13.27,2.47,0.186
17139_left,2,2.0,"The image shows microaneurysms and hemorrhages, indicating moderate non-proliferative diabetic retinopathy. Further monitoring is needed to assess for progression.","The image shows microaneurysms and hemorrhages, indicating moderate non proliferative diabetic retinopathy. Further monitoring is needed to assess for progression.",/kaggle/working/audio/17139_left.wav,12.02,2.27,0.189
31568_right,2,3.0,"The image shows significant diabetic retinopathy with microaneurysms, hemorrhages, hard exudates, cotton wool spots, and venous beading. This indicates a high risk of progression.","The image shows significant diabetic retinopathy with microaneurysms, hemorrhages, hard exudates, cotton wool spots, and venous beading. This indicates a high risk of progression.",/kaggle/working/audio/31568_right.wav,13.43,2.52,0.188
33323_left,2,4.0,"The image shows significant diabetic retinopathy with neovascularization, hemorrhages, and exudates. This indicates a high risk for vision loss and requires prompt specialist attention.","The image shows significant diabetic retinopathy with neovascularization, hemorrhages, and exudates. This indicates a high risk for vision loss and requires prompt specialist attention.",/kaggle/working/audio/33323_left.wav,14.33,2.69,0.188
2011_left,2,2.0,"The image shows microaneurysms and hemorrhages, indicating moderate non-proliferative diabetic retinopathy. Further monitoring is recommended to assess for progression.","The image shows microaneurysms and hemorrhages, indicating moderate non proliferative diabetic retinopathy. Further monitoring is recommended to assess for progression.",/kaggle/working/audio/2011_left.wav,12.63,2.35,0.186
12536_left,2,2.0,The image shows moderate non-proliferative diabetic retinopathy with microaneurysms and hemorrhages. No signs of severe features or neovascularization are present.,The image shows moderate non proliferative diabetic retinopathy with microaneurysms and hemorrhages. No signs of severe features or neovascularization are present.,/kaggle/working/audio/12536_left.wav,13.37,2.6,0.194
40980_left,2,2.0,"The image shows moderate non-proliferative diabetic retinopathy with microaneurysms, hemorrhages, and cotton wool spots. Further evaluation is needed to assess for progression.","The image shows moderate non proliferative diabetic retinopathy with microaneurysms, hemorrhages, and cotton wool spots. Further evaluation is needed to assess for progression.",/kaggle/working/audio/40980_left.wav,13.21,2.49,0.188
39192_left,2,2.0,"The image shows moderate non-proliferative diabetic retinopathy with microaneurysms, hemorrhages, hard exudates, and cotton wool spots. The patient should be monitored closely for progression.","The image shows moderate non proliferative diabetic retinopathy with microaneurysms, hemorrhages, hard exudates, and cotton wool spots. The patient should be monitored closely for progression.",/kaggle/working/audio/39192_left.wav,13.85,2.61,0.188
40213_right,2,4.0,"This image shows significant retinal findings, including microaneurysms, hemorrhages, cotton wool spots, venous beading, and neovascularization. This indicates a high-risk diabetic retinopathy.","This image shows significant retinal findings, including microaneurysms, hemorrhages, cotton wool spots, venous beading, and neovascularization. This indicates a high risk diabetic retinopathy.",/kaggle/working/audio/40213_right.wav,14.46,2.72,0.188
40622_left,2,2.0,"The image shows microaneurysms, indicating moderate non-proliferative diabetic retinopathy. No other significant findings are present.","The image shows microaneurysms, indicating moderate non proliferative diabetic retinopathy. No other significant findings are present.",/kaggle/working/audio/40622_left.wav,10.62,2.09,0.197
27379_left,2,1.0,"The image shows microaneurysms, indicating mild non-proliferative diabetic retinopathy. No other significant findings are present.","The image shows microaneurysms, indicating mild non proliferative diabetic retinopathy. No other significant findings are present.",/kaggle/working/audio/27379_left.wav,10.62,2.0,0.188
16038_left,2,2.0,"The image shows moderate non-proliferative diabetic retinopathy with microaneurysms, hemorrhages, and hard exudates. Further evaluation is needed to monitor for progression.","The image shows moderate non proliferative diabetic retinopathy with microaneurysms, hemorrhages, and hard exudates. Further evaluation is needed to monitor for progression.",/kaggle/working/audio/16038_left.wav,13.69,2.59,0.189
22043_left,2,4.0,"This image shows significant retinal hemorrhages, cotton wool spots, and venous beading, indicating a high level of diabetic retinopathy. The presence of neovascularization suggests a proliferative stage.","This image shows significant retinal hemorrhages, cotton wool spots, and venous beading, indicating a high level of diabetic retinopathy. The presence of neovascularization suggests a proliferative stage.",/kaggle/working/audio/22043_left.wav,14.81,2.75,0.186
9528_right,2,3.0,"The image shows significant microaneurysms, hemorrhages, hard exudates, cotton wool spots, and venous beading. This indicates severe non-proliferative diabetic retinopathy.","The image shows significant microaneurysms, hemorrhages, hard exudates, cotton wool spots, and venous beading. This indicates severe non proliferative diabetic retinopathy.",/kaggle/working/audio/9528_right.wav,13.05,2.47,0.19
6276_right,2,2.0,"The image shows moderate non-proliferative diabetic retinopathy with microaneurysms, hemorrhages, hard exudates, and cotton wool spots. Further monitoring is needed to assess for progression.","The image shows moderate non proliferative diabetic retinopathy with microaneurysms, hemorrhages, hard exudates, and cotton wool spots. Further monitoring is needed to assess for progression.",/kaggle/working/audio/6276_right.wav,14.14,2.65,0.188
42392_left,2,2.0,"The image shows moderate non-proliferative diabetic retinopathy with microaneurysms, hemorrhages, hard exudates, and cotton wool spots. Further monitoring is needed to assess for progression.","The image shows moderate non proliferative diabetic retinopathy with microaneurysms, hemorrhages, hard exudates, and cotton wool spots. Further monitoring is needed to assess for progression.",/kaggle/working/audio/42392_left.wav,14.23,2.66,0.187
21192_left,2,2.0,"The image shows microaneurysms and hemorrhages, indicating moderate non-proliferative diabetic retinopathy. Further monitoring is needed to assess for progression.","The image shows microaneurysms and hemorrhages, indicating moderate non proliferative diabetic retinopathy. Further monitoring is needed to assess for progression.",/kaggle/working/audio/21192_left.wav,12.31,2.31,0.187
9232_left,2,0.0,The fundus image shows no signs of diabetic retinopathy. A follow-up examination is recommended in 6 months to monitor for any changes.,The fundus image shows no signs of diabetic retinopathy. A follow up examination is recommended in 6 months to monitor for any changes.,/kaggle/working/audio/9232_left.wav,10.65,2.08,0.196
38935_left,2,2.0,The image shows moderate non-proliferative diabetic retinopathy with microaneurysms and hemorrhages. Further monitoring is recommended to assess for progression.,The image shows moderate non proliferative diabetic retinopathy with microaneurysms and hemorrhages. Further monitoring is recommended to assess for progression.,/kaggle/working/audio/38935_left.wav,12.22,2.28,0.186
15074_left,2,2.0,"The image shows moderate non-proliferative diabetic retinopathy with microaneurysms, hemorrhages, and hard exudates. Further monitoring is recommended to assess for progression.","The image shows moderate non proliferative diabetic retinopathy with microaneurysms, hemorrhages, and hard exudates. Further monitoring is recommended to assess for progression.",/kaggle/working/audio/15074_left.wav,13.82,2.56,0.185
28387_right,2,2.0,"The image shows microaneurysms, hemorrhages, and hard exudates, indicating moderate non-proliferative diabetic retinopathy. Further evaluation is needed to assess the progression of the disease.","The image shows microaneurysms, hemorrhages, and hard exudates, indicating moderate non proliferative diabetic retinopathy. Further evaluation is needed to assess the progression of the disease.",/kaggle/working/audio/28387_right.wav,15.13,2.83,0.187
39981_right,2,4.0,"This image shows significant retinal findings consistent with proliferative diabetic retinopathy. There are numerous microaneurysms, hemorrhages, hard exudates, cotton wool spots, venous beading, and vitreous hemorrhage.","This image shows significant retinal findings consistent with proliferative diabetic retinopathy. There are numerous microaneurysms, hemorrhages, hard exudates, cotton wool spots, venous beading, and vitreous hemorrhage.",/kaggle/working/audio/39981_right.wav,16.12,3.04,0.189
35270_right,2,2.0,"The image shows microaneurysms and hemorrhages, indicating moderate non-proliferative diabetic retinopathy. Further monitoring is needed to assess for progression.","The image shows microaneurysms and hemorrhages, indicating moderate non proliferative diabetic retinopathy. Further monitoring is needed to assess for progression.",/kaggle/working/audio/35270_right.wav,12.28,2.26,0.184
28344_right,2,2.0,"The image shows moderate non-proliferative diabetic retinopathy with microaneurysms, hemorrhages, hard exudates, and cotton wool spots. Further evaluation is needed to monitor for progression.","The image shows moderate non proliferative diabetic retinopathy with microaneurysms, hemorrhages, hard exudates, and cotton wool spots. Further evaluation is needed to monitor for progression.",/kaggle/working/audio/28344_right.wav,14.65,2.72,0.186
35936_right,2,1.0,"The image shows microaneurysms, indicating mild non-proliferative diabetic retinopathy. There are no other significant findings.","The image shows microaneurysms, indicating mild non proliferative diabetic retinopathy. There are no other significant findings.",/kaggle/working/audio/35936_right.wav,9.78,1.81,0.185
43363_left,2,2.0,The image shows moderate non-proliferative diabetic retinopathy with microaneurysms and hemorrhages. Further evaluation is needed to assess for progression.,The image shows moderate non proliferative diabetic retinopathy with microaneurysms and hemorrhages. Further evaluation is needed to assess for progression.,/kaggle/working/audio/43363_left.wav,12.06,2.26,0.188
24221_left,2,2.0,"The image shows moderate non-proliferative diabetic retinopathy with microaneurysms, hemorrhages, hard exudates, cotton wool spots, and venous beading.","The image shows moderate non proliferative diabetic retinopathy with microaneurysms, hemorrhages, hard exudates, cotton wool spots, and venous beading.",/kaggle/working/audio/24221_left.wav,11.24,2.13,0.189
34476_right,2,2.0,The image shows moderate non-proliferative diabetic retinopathy with microaneurysms and hemorrhages. Further evaluation is needed to assess for progression.,The image shows moderate non proliferative diabetic retinopathy with microaneurysms and hemorrhages. Further evaluation is needed to assess for progression.,/kaggle/working/audio/34476_right.wav,12.06,2.26,0.187
32216_left,2,3.0,"The image shows significant retinal findings, including microaneurysms, hemorrhages, hard exudates, cotton wool spots, and venous beading. This indicates a high level of diabetic retinopathy.","The image shows significant retinal findings, including microaneurysms, hemorrhages, hard exudates, cotton wool spots, and venous beading. This indicates a high level of diabetic retinopathy.",/kaggle/working/audio/32216_left.wav,14.39,2.69,0.187
26366_right,2,2.0,"The image shows moderate non-proliferative diabetic retinopathy with microaneurysms, hemorrhages, hard exudates, and cotton wool spots. Further monitoring is needed to assess for progression.","The image shows moderate non proliferative diabetic retinopathy with microaneurysms, hemorrhages, hard exudates, and cotton wool spots. Further monitoring is needed to assess for progression.",/kaggle/working/audio/26366_right.wav,14.14,2.66,0.188
24092_right,2,2.0,"The image shows moderate non-proliferative diabetic retinopathy with microaneurysms, hemorrhages, hard exudates, and cotton wool spots. Further monitoring is needed to assess for progression.","The image shows moderate non proliferative diabetic retinopathy with microaneurysms, hemorrhages, hard exudates, and cotton wool spots. Further monitoring is needed to assess for progression.",/kaggle/working/audio/24092_right.wav,14.3,2.63,0.184
2424_left,2,1.0,"The image shows microaneurysms, indicating mild non-proliferative diabetic retinopathy. No other significant findings are present.","The image shows microaneurysms, indicating mild non proliferative diabetic retinopathy. No other significant findings are present.",/kaggle/working/audio/2424_left.wav,10.52,1.95,0.186
18970_right,2,3.0,"The image shows significant retinal findings, including microaneurysms, hemorrhages, hard exudates, and cotton wool spots. This indicates a high level of diabetic retinopathy.","The image shows significant retinal findings, including microaneurysms, hemorrhages, hard exudates, and cotton wool spots. This indicates a high level of diabetic retinopathy.",/kaggle/working/audio/18970_right.wav,13.18,2.43,0.185
2613_right,2,2.0,"The image shows moderate non-proliferative diabetic retinopathy with microaneurysms, hemorrhages, and hard exudates. The patient should be monitored for progression.","The image shows moderate non proliferative diabetic retinopathy with microaneurysms, hemorrhages, and hard exudates. The patient should be monitored for progression.",/kaggle/working/audio/2613_right.wav,12.54,2.4,0.192
38670_left,2,2.0,"The image shows moderate non-proliferative diabetic retinopathy with microaneurysms, hemorrhages, and cotton wool spots. Further evaluation is needed to assess for progression.","The image shows moderate non proliferative diabetic retinopathy with microaneurysms, hemorrhages, and cotton wool spots. Further evaluation is needed to assess for progression.",/kaggle/working/audio/38670_left.wav,13.3,2.47,0.185
3418_right,2,2.0,The image shows moderate non-proliferative diabetic retinopathy with microaneurysms and hemorrhages. Further evaluation is needed to assess for progression.,The image shows moderate non proliferative diabetic retinopathy with microaneurysms and hemorrhages. Further evaluation is needed to assess for progression.,/kaggle/working/audio/3418_right.wav,11.86,2.18,0.184
21024_left,2,2.0,The image shows moderate non-proliferative diabetic retinopathy with microaneurysms and hemorrhages. Further monitoring is needed to assess for progression.,The image shows moderate non proliferative diabetic retinopathy with microaneurysms and hemorrhages. Further monitoring is needed to assess for progression.,/kaggle/working/audio/21024_left.wav,11.86,2.17,0.183
9177_left,2,2.0,"The image shows moderate non-proliferative diabetic retinopathy with microaneurysms, hemorrhages, and hard exudates. Further evaluation is needed to assess the progression of the disease.","The image shows moderate non proliferative diabetic retinopathy with microaneurysms, hemorrhages, and hard exudates. Further evaluation is needed to assess the progression of the disease.",/kaggle/working/audio/9177_left.wav,14.81,2.79,0.189
22712_left,2,3.0,"The image shows significant diabetic retinopathy with microaneurysms, hemorrhages, hard exudates, cotton wool spots, and venous beading. This indicates a high level of diabetic retinopathy.","The image shows significant diabetic retinopathy with microaneurysms, hemorrhages, hard exudates, cotton wool spots, and venous beading. This indicates a high level of diabetic retinopathy.",/kaggle/working/audio/22712_left.wav,14.26,2.65,0.186
6624_right,2,1.0,"The image shows microaneurysms, indicating mild non-proliferative diabetic retinopathy. No other significant findings are present.","The image shows microaneurysms, indicating mild non proliferative diabetic retinopathy. No other significant findings are present.",/kaggle/working/audio/6624_right.wav,10.49,1.95,0.186
5213_right,2,2.0,"The image shows microaneurysms and hemorrhages, indicating moderate non-proliferative diabetic retinopathy. Further monitoring is needed to assess for progression.","The image shows microaneurysms and hemorrhages, indicating moderate non proliferative diabetic retinopathy. Further monitoring is needed to assess for progression.",/kaggle/working/audio/5213_right.wav,12.34,2.29,0.185
1178_right,2,3.0,"The image shows signs of severe non-proliferative diabetic retinopathy with microaneurysms, hemorrhages, hard exudates, cotton wool spots, and venous beading. This indicates a significant level of diabetic retinopathy.","The image shows signs of severe non proliferative diabetic retinopathy with microaneurysms, hemorrhages, hard exudates, cotton wool spots, and venous beading. This indicates a significant level of diabetic retinopathy.",/kaggle/working/audio/1178_right.wav,16.98,3.23,0.19
8455_right,2,2.0,"The image shows moderate non-proliferative diabetic retinopathy with microaneurysms, hemorrhages, hard exudates, and cotton wool spots. Further evaluation is needed to monitor for progression.","The image shows moderate non proliferative diabetic retinopathy with microaneurysms, hemorrhages, hard exudates, and cotton wool spots. Further evaluation is needed to monitor for progression.",/kaggle/working/audio/8455_right.wav,14.52,2.8,0.193
15696_left,2,4.0,"This image shows significant retinal findings consistent with proliferative diabetic retinopathy, including neovascularization, hemorrhages, and cotton wool spots. The patient needs urgent evaluation and treatment by a retinal specialist.","This image shows significant retinal findings consistent with proliferative diabetic retinopathy, including neovascularization, hemorrhages, and cotton wool spots. The patient needs urgent evaluation and treatment by a retinal specialist.",/kaggle/working/audio/15696_left.wav,17.14,3.2,0.187
4403_left,2,3.0,"The image shows signs of diabetic retinopathy, including microaneurysms, hemorrhages, hard exudates, cotton wool spots, and venous beading. The severity is considered severe non-proliferative diabetic retinopathy.","The image shows signs of diabetic retinopathy, including microaneurysms, hemorrhages, hard exudates, cotton wool spots, and venous beading. The severity is considered severe non proliferative diabetic retinopathy.",/kaggle/working/audio/4403_left.wav,16.57,3.13,0.189
33876_left,2,2.0,The image shows moderate non-proliferative diabetic retinopathy with microaneurysms and hemorrhages. Further monitoring is needed to assess for progression.,The image shows moderate non proliferative diabetic retinopathy with microaneurysms and hemorrhages. Further monitoring is needed to assess for progression.,/kaggle/working/audio/33876_left.wav,11.93,2.24,0.188
26108_right,2,2.0,The image shows moderate non-proliferative diabetic retinopathy with microaneurysms and hemorrhages. Further monitoring is recommended to assess for progression.,The image shows moderate non proliferative diabetic retinopathy with microaneurysms and hemorrhages. Further monitoring is recommended to assess for progression.,/kaggle/working/audio/26108_right.wav,12.31,2.29,0.186
10112_left,2,2.0,"The image shows moderate non-proliferative diabetic retinopathy with microaneurysms, hemorrhages, hard exudates, and cotton wool spots. Further monitoring is needed to assess for progression.","The image shows moderate non proliferative diabetic retinopathy with microaneurysms, hemorrhages, hard exudates, and cotton wool spots. Further monitoring is needed to assess for progression.",/kaggle/working/audio/10112_left.wav,14.2,2.64,0.186
15914_left,2,2.0,"The image shows moderate non-proliferative diabetic retinopathy with microaneurysms, hemorrhages, hard exudates, and cotton wool spots. Further evaluation is needed to monitor for progression.","The image shows moderate non proliferative diabetic retinopathy with microaneurysms, hemorrhages, hard exudates, and cotton wool spots. Further evaluation is needed to monitor for progression.",/kaggle/working/audio/15914_left.wav,14.46,2.7,0.187
9452_left,2,2.0,"The image shows moderate non-proliferative diabetic retinopathy with microaneurysms, hemorrhages, hard exudates, and cotton wool spots. The patient should be monitored for progression.","The image shows moderate non proliferative diabetic retinopathy with microaneurysms, hemorrhages, hard exudates, and cotton wool spots. The patient should be monitored for progression.",/kaggle/working/audio/9452_left.wav,13.75,2.62,0.191
99_right,3,3.0,"The image shows significant retinal findings, including microaneurysms, hemorrhages, hard exudates, cotton wool spots, and venous beading. This indicates a high level of diabetic retinopathy.","The image shows significant retinal findings, including microaneurysms, hemorrhages, hard exudates, cotton wool spots, and venous beading. This indicates a high level of diabetic retinopathy.",/kaggle/working/audio/99_right.wav,14.14,2.67,0.189
20905_left,3,4.0,"This image shows significant retinal hemorrhages, cotton wool spots, and venous beading, indicating a high level of diabetic retinopathy. The presence of neovascularization suggests a proliferative stage.","This image shows significant retinal hemorrhages, cotton wool spots, and venous beading, indicating a high level of diabetic retinopathy. The presence of neovascularization suggests a proliferative stage.",/kaggle/working/audio/20905_left.wav,14.94,2.8,0.187
29097_left,3,3.0,"This image shows significant retinal hemorrhages, cotton wool spots, and venous beading, indicating severe non-proliferative diabetic retinopathy. The patient requires prompt ophthalmological attention.","This image shows significant retinal hemorrhages, cotton wool spots, and venous beading, indicating severe non proliferative diabetic retinopathy. The patient requires prompt ophthalmological attention.",/kaggle/working/audio/29097_left.wav,15.19,2.83,0.186
36130_left,3,4.0,The image shows significant retinal findings consistent with proliferative diabetic retinopathy. The presence of neovascularization and extensive hemorrhages indicates a high risk of vision loss.,The image shows significant retinal findings consistent with proliferative diabetic retinopathy. The presence of neovascularization and extensive hemorrhages indicates a high risk of vision loss.,/kaggle/working/audio/36130_left.wav,14.87,2.81,0.189
32062_right,3,3.0,"The image shows significant retinal findings, including microaneurysms, hemorrhages, hard exudates, cotton wool spots, and venous beading. This indicates a high level of diabetic retinopathy.","The image shows significant retinal findings, including microaneurysms, hemorrhages, hard exudates, cotton wool spots, and venous beading. This indicates a high level of diabetic retinopathy.",/kaggle/working/audio/32062_right.wav,14.17,2.64,0.186
7623_right,3,4.0,"This image shows significant diabetic retinopathy with extensive hemorrhages, hard exudates, cotton wool spots, and venous beading. The presence of neovascularization indicates proliferative diabetic retinopathy.","This image shows significant diabetic retinopathy with extensive hemorrhages, hard exudates, cotton wool spots, and venous beading. The presence of neovascularization indicates proliferative diabetic retinopathy.",/kaggle/working/audio/7623_right.wav,16.5,3.08,0.187
2275_left,3,3.0,"This image shows significant retinal hemorrhages, microaneurysms, cotton wool spots, and venous beading, indicating severe non-proliferative diabetic retinopathy. Further evaluation is needed to monitor for progression.","This image shows significant retinal hemorrhages, microaneurysms, cotton wool spots, and venous beading, indicating severe non proliferative diabetic retinopathy. Further evaluation is needed to monitor for progression.",/kaggle/working/audio/2275_left.wav,16.7,3.24,0.194
3444_right,3,4.0,"This fundus image shows significant retinal hemorrhages, exudates, and cotton wool spots, indicating proliferative diabetic retinopathy. The presence of neovascularization suggests a high risk of vision loss.","This fundus image shows significant retinal hemorrhages, exudates, and cotton wool spots, indicating proliferative diabetic retinopathy. The presence of neovascularization suggests a high risk of vision loss.",/kaggle/working/audio/3444_right.wav,15.61,2.91,0.187
2577_right,3,2.0,The image shows moderate non-proliferative diabetic retinopathy with microaneurysms and hemorrhages. Further monitoring is needed to assess for progression.,The image shows moderate non proliferative diabetic retinopathy with microaneurysms and hemorrhages. Further monitoring is needed to assess for progression.,/kaggle/working/audio/2577_right.wav,11.86,2.19,0.184
14109_left,3,4.0,"This image shows significant retinal findings consistent with proliferative diabetic retinopathy. There are numerous microaneurysms, hemorrhages, hard exudates, cotton wool spots, and venous beading.","This image shows significant retinal findings consistent with proliferative diabetic retinopathy. There are numerous microaneurysms, hemorrhages, hard exudates, cotton wool spots, and venous beading.",/kaggle/working/audio/14109_left.wav,14.58,2.75,0.189
10153_left,3,3.0,"This image shows significant retinal findings, including microaneurysms, hemorrhages, cotton wool spots, and venous beading. The severity is considered severe non-proliferative diabetic retinopathy.","This image shows significant retinal findings, including microaneurysms, hemorrhages, cotton wool spots, and venous beading. The severity is considered severe non proliferative diabetic retinopathy.",/kaggle/working/audio/10153_left.wav,15.16,2.86,0.189
43008_right,3,3.0,"The image shows signs of severe non-proliferative diabetic retinopathy with microaneurysms, hemorrhages, hard exudates, and cotton wool spots. The patient should be monitored closely for progression.","The image shows signs of severe non proliferative diabetic retinopathy with microaneurysms, hemorrhages, hard exudates, and cotton wool spots. The patient should be monitored closely for progression.",/kaggle/working/audio/43008_right.wav,14.65,2.75,0.188
23787_right,3,2.0,"The image shows microaneurysms, hemorrhages, and hard exudates, indicating moderate non-proliferative diabetic retinopathy. Further monitoring is needed to assess for progression.","The image shows microaneurysms, hemorrhages, and hard exudates, indicating moderate non proliferative diabetic retinopathy. Further monitoring is needed to assess for progression.",/kaggle/working/audio/23787_right.wav,13.66,2.54,0.186
16025_left,3,1.0,"The image shows microaneurysms, indicating mild non-proliferative diabetic retinopathy. No other significant findings are present.","The image shows microaneurysms, indicating mild non proliferative diabetic retinopathy. No other significant findings are present.",/kaggle/working/audio/16025_left.wav,10.42,2.04,0.196
20858_left,3,4.0,This image shows significant retinal findings consistent with proliferative diabetic retinopathy. The presence of neovascularization and hemorrhages indicates a high risk of vision loss. A comprehensive ophthalmologic evaluation is necessary to determine the best course of treatment.,This image shows significant retinal findings consistent with proliferative diabetic retinopathy. The presence of neovascularization and hemorrhages indicates a high risk of vision loss. A comprehensive ophthalmologic evaluation is necessary to determine the best course of treatment.,/kaggle/working/audio/20858_left.wav,21.48,4.1,0.191
23245_left,3,3.0,"The image shows significant retinal findings, including microaneurysms, hemorrhages, hard exudates, cotton wool spots, and venous beading. This indicates a high level of diabetic retinopathy.","The image shows significant retinal findings, including microaneurysms, hemorrhages, hard exudates, cotton wool spots, and venous beading. This indicates a high level of diabetic retinopathy.",/kaggle/working/audio/23245_left.wav,14.01,2.61,0.186
8699_left,3,3.0,"The image shows significant retinal findings, including microaneurysms, hemorrhages, hard exudates, cotton wool spots, and venous beading. This indicates severe non-proliferative diabetic retinopathy.","The image shows significant retinal findings, including microaneurysms, hemorrhages, hard exudates, cotton wool spots, and venous beading. This indicates severe non proliferative diabetic retinopathy.",/kaggle/working/audio/8699_left.wav,15.13,2.83,0.187
32064_right,3,1.0,"The image shows microaneurysms, indicating mild non-proliferative diabetic retinopathy. No other significant findings are present.","The image shows microaneurysms, indicating mild non proliferative diabetic retinopathy. No other significant findings are present.",/kaggle/working/audio/32064_right.wav,10.58,2.0,0.189
31962_right,3,2.0,"The image shows moderate non-proliferative diabetic retinopathy with microaneurysms, hemorrhages, hard exudates, and cotton wool spots. Further monitoring is needed to assess for progression.","The image shows moderate non proliferative diabetic retinopathy with microaneurysms, hemorrhages, hard exudates, and cotton wool spots. Further monitoring is needed to assess for progression.",/kaggle/working/audio/31962_right.wav,14.36,2.81,0.196
14482_left,3,3.0,"The fundus image shows significant retinal findings, including microaneurysms, hemorrhages, hard exudates, cotton wool spots, and venous beading. This indicates severe non-proliferative diabetic retinopathy.","The fundus image shows significant retinal findings, including microaneurysms, hemorrhages, hard exudates, cotton wool spots, and venous beading. This indicates severe non proliferative diabetic retinopathy.",/kaggle/working/audio/14482_left.wav,15.58,2.98,0.192
36213_right,3,3.0,"The image shows significant diabetic retinopathy with microaneurysms, hemorrhages, hard exudates, cotton wool spots, and venous beading. This indicates a high risk of progression.","The image shows significant diabetic retinopathy with microaneurysms, hemorrhages, hard exudates, cotton wool spots, and venous beading. This indicates a high risk of progression.",/kaggle/working/audio/36213_right.wav,13.56,2.57,0.19
12881_left,3,4.0,"This image shows significant retinal findings, including microaneurysms, hemorrhages, hard exudates, cotton wool spots, venous beading, and neovascularization. This indicates a high-risk diabetic retinopathy.","This image shows significant retinal findings, including microaneurysms, hemorrhages, hard exudates, cotton wool spots, venous beading, and neovascularization. This indicates a high risk diabetic retinopathy.",/kaggle/working/audio/12881_left.wav,15.93,3.05,0.192
2577_left,3,3.0,"The image shows significant retinal findings, including microaneurysms, hemorrhages, hard exudates, cotton wool spots, and venous beading. This indicates a high level of diabetic retinopathy.","The image shows significant retinal findings, including microaneurysms, hemorrhages, hard exudates, cotton wool spots, and venous beading. This indicates a high level of diabetic retinopathy.",/kaggle/working/audio/2577_left.wav,14.3,2.71,0.19
3748_right,3,4.0,"This image shows significant retinal findings, including microaneurysms, hemorrhages, hard exudates, cotton wool spots, venous beading, neovascularization, and vitreous hemorrhage. This indicates a high-severity diabetic retinopathy requiring prompt management.","This image shows significant retinal findings, including microaneurysms, hemorrhages, hard exudates, cotton wool spots, venous beading, neovascularization, and vitreous hemorrhage. This indicates a high severity diabetic retinopathy requiring prompt management.",/kaggle/working/audio/3748_right.wav,19.96,3.85,0.193
18046_left,3,4.0,"This image shows significant diabetic retinopathy with neovascularization, hemorrhages, and exudates. The patient requires prompt referral to a retinal specialist for comprehensive management.","This image shows significant diabetic retinopathy with neovascularization, hemorrhages, and exudates. The patient requires prompt referral to a retinal specialist for comprehensive management.",/kaggle/working/audio/18046_left.wav,14.58,2.75,0.188
21233_left,3,3.0,"The image shows significant retinal findings, including microaneurysms, hemorrhages, hard exudates, cotton wool spots, and venous beading. This indicates a high level of diabetic retinopathy.","The image shows significant retinal findings, including microaneurysms, hemorrhages, hard exudates, cotton wool spots, and venous beading. This indicates a high level of diabetic retinopathy.",/kaggle/working/audio/21233_left.wav,14.01,2.63,0.188
18350_right,3,3.0,"The image shows significant retinal findings, including microaneurysms, hemorrhages, hard exudates, cotton wool spots, and venous beading. This indicates a high level of diabetic retinopathy.","The image shows significant retinal findings, including microaneurysms, hemorrhages, hard exudates, cotton wool spots, and venous beading. This indicates a high level of diabetic retinopathy.",/kaggle/working/audio/18350_right.wav,14.1,2.7,0.192
16759_left,3,4.0,This image shows significant retinal findings consistent with proliferative diabetic retinopathy. The presence of neovascularization and hemorrhages indicates a high risk of vision loss.,This image shows significant retinal findings consistent with proliferative diabetic retinopathy. The presence of neovascularization and hemorrhages indicates a high risk of vision loss.,/kaggle/working/audio/16759_left.wav,14.04,2.73,0.195
15450_left,3,4.0,"This image shows significant retinal hemorrhages, cotton wool spots, and venous beading, indicating a high level of diabetic retinopathy. The presence of neovascularization suggests a proliferative stage.","This image shows significant retinal hemorrhages, cotton wool spots, and venous beading, indicating a high level of diabetic retinopathy. The presence of neovascularization suggests a proliferative stage.",/kaggle/working/audio/15450_left.wav,15.19,3.11,0.204
15954_left,3,3.0,"The fundus image shows significant microaneurysms, hemorrhages, hard exudates, cotton wool spots, and venous beading. This indicates severe non-proliferative diabetic retinopathy.","The fundus image shows significant microaneurysms, hemorrhages, hard exudates, cotton wool spots, and venous beading. This indicates severe non proliferative diabetic retinopathy.",/kaggle/working/audio/15954_left.wav,14.04,2.65,0.188
29604_right,3,2.0,"The image shows moderate non-proliferative diabetic retinopathy with microaneurysms, hemorrhages, hard exudates, and cotton wool spots. The patient should be monitored regularly to prevent progression to proliferative diabetic retinopathy.","The image shows moderate non proliferative diabetic retinopathy with microaneurysms, hemorrhages, hard exudates, and cotton wool spots. The patient should be monitored regularly to prevent progression to proliferative diabetic retinopathy.",/kaggle/working/audio/29604_right.wav,18.17,3.43,0.189
33374_left,3,3.0,"The image shows signs of diabetic retinopathy with microaneurysms, hemorrhages, hard exudates, cotton wool spots, and venous beading. This indicates a severe non-proliferative diabetic retinopathy.","The image shows signs of diabetic retinopathy with microaneurysms, hemorrhages, hard exudates, cotton wool spots, and venous beading. This indicates a severe non proliferative diabetic retinopathy.",/kaggle/working/audio/33374_left.wav,15.61,2.96,0.19
27773_right,3,2.0,The image shows moderate non-proliferative diabetic retinopathy with microaneurysms and hemorrhages. Further monitoring is needed to assess for progression.,The image shows moderate non proliferative diabetic retinopathy with microaneurysms and hemorrhages. Further monitoring is needed to assess for progression.,/kaggle/working/audio/27773_right.wav,12.06,2.26,0.188
14129_right,3,4.0,"This image shows significant retinal findings, including neovascularization, hemorrhages, and cotton wool spots. This indicates a high-risk proliferative diabetic retinopathy.","This image shows significant retinal findings, including neovascularization, hemorrhages, and cotton wool spots. This indicates a high risk proliferative diabetic retinopathy.",/kaggle/working/audio/14129_right.wav,13.02,2.43,0.187
12014_left,3,4.0,"This image shows significant retinal findings consistent with proliferative diabetic retinopathy. The presence of neovascularization, hemorrhages, and other signs indicates a high risk for vision loss. Prompt ophthalmological intervention is crucial.","This image shows significant retinal findings consistent with proliferative diabetic retinopathy. The presence of neovascularization, hemorrhages, and other signs indicates a high risk for vision loss. Prompt ophthalmological intervention is crucial.",/kaggle/working/audio/12014_left.wav,18.79,3.63,0.193
32821_left,3,3.0,"This image shows significant retinal findings, including microaneurysms, hemorrhages, hard exudates, cotton wool spots, and venous beading. This indicates severe non-proliferative diabetic retinopathy.","This image shows significant retinal findings, including microaneurysms, hemorrhages, hard exudates, cotton wool spots, and venous beading. This indicates severe non proliferative diabetic retinopathy.",/kaggle/working/audio/32821_left.wav,15.51,2.91,0.188
3343_right,3,2.0,"The image shows moderate non-proliferative diabetic retinopathy with microaneurysms, hemorrhages, hard exudates, and cotton wool spots. Further evaluation is needed to assess the progression of the disease.","The image shows moderate non proliferative diabetic retinopathy with microaneurysms, hemorrhages, hard exudates, and cotton wool spots. Further evaluation is needed to assess the progression of the disease.",/kaggle/working/audio/3343_right.wav,15.61,3.0,0.192
34445_right,3,4.0,"This image shows significant retinal hemorrhages, exudates, and cotton wool spots, indicating a high level of diabetic retinopathy. The presence of neovascularization confirms proliferative diabetic retinopathy.","This image shows significant retinal hemorrhages, exudates, and cotton wool spots, indicating a high level of diabetic retinopathy. The presence of neovascularization confirms proliferative diabetic retinopathy.",/kaggle/working/audio/34445_right.wav,15.9,3.15,0.198
18819_right,3,4.0,"The image shows significant retinal findings, including microaneurysms, hemorrhages, hard exudates, cotton wool spots, venous beading, neovascularization, and vitreous hemorrhage. This indicates a high-severity diabetic retinopathy requiring prompt specialist attention.","The image shows significant retinal findings, including microaneurysms, hemorrhages, hard exudates, cotton wool spots, venous beading, neovascularization, and vitreous hemorrhage. This indicates a high severity diabetic retinopathy requiring prompt specialist attention.",/kaggle/working/audio/18819_right.wav,20.92,3.97,0.19
36740_right,3,3.0,"The image shows significant diabetic retinopathy with microaneurysms, hemorrhages, hard exudates, cotton wool spots, and venous beading. This indicates a high risk of progression.","The image shows significant diabetic retinopathy with microaneurysms, hemorrhages, hard exudates, cotton wool spots, and venous beading. This indicates a high risk of progression.",/kaggle/working/audio/36740_right.wav,13.18,2.48,0.188
40731_left,3,4.0,This image shows significant retinal findings consistent with proliferative diabetic retinopathy. The presence of neovascularization and extensive hemorrhages indicates a high risk for vision loss. Prompt referral to a retinal specialist is crucial for further evaluation and management.,This image shows significant retinal findings consistent with proliferative diabetic retinopathy. The presence of neovascularization and extensive hemorrhages indicates a high risk for vision loss. Prompt referral to a retinal specialist is crucial for further evaluation and management.,/kaggle/working/audio/40731_left.wav,21.35,4.09,0.191
3422_right,3,4.0,"This image shows extensive retinal hemorrhages, cotton wool spots, venous beading, and neovascularization, indicating proliferative diabetic retinopathy. The patient requires urgent evaluation and treatment by a retinal specialist.","This image shows extensive retinal hemorrhages, cotton wool spots, venous beading, and neovascularization, indicating proliferative diabetic retinopathy. The patient requires urgent evaluation and treatment by a retinal specialist.",/kaggle/working/audio/3422_right.wav,17.21,3.29,0.191
4366_right,3,4.0,"The image shows significant diabetic retinopathy with extensive hemorrhages, hard exudates, cotton wool spots, and venous beading. This indicates a high risk of vision loss.","The image shows significant diabetic retinopathy with extensive hemorrhages, hard exudates, cotton wool spots, and venous beading. This indicates a high risk of vision loss.",/kaggle/working/audio/4366_right.wav,12.89,2.46,0.191
22930_left,3,4.0,"The image shows significant diabetic retinopathy with neovascularization, hemorrhages, and other signs of advanced disease. This requires urgent ophthalmological intervention.","The image shows significant diabetic retinopathy with neovascularization, hemorrhages, and other signs of advanced disease. This requires urgent ophthalmological intervention.",/kaggle/working/audio/22930_left.wav,13.66,2.58,0.189
15319_left,3,2.0,The image shows moderate non-proliferative diabetic retinopathy with microaneurysms and hemorrhages. Further evaluation is needed to assess for progression.,The image shows moderate non proliferative diabetic retinopathy with microaneurysms and hemorrhages. Further evaluation is needed to assess for progression.,/kaggle/working/audio/15319_left.wav,11.96,2.27,0.19
40366_right,3,2.0,"The image shows moderate non-proliferative diabetic retinopathy with microaneurysms, hemorrhages, hard exudates, and cotton wool spots. Further monitoring is needed to assess for progression.","The image shows moderate non proliferative diabetic retinopathy with microaneurysms, hemorrhages, hard exudates, and cotton wool spots. Further monitoring is needed to assess for progression.",/kaggle/working/audio/40366_right.wav,14.36,2.69,0.188
35850_right,3,2.0,"The image shows moderate non-proliferative diabetic retinopathy with microaneurysms, hemorrhages, and cotton wool spots. Further evaluation is needed to assess the progression of the disease.","The image shows moderate non proliferative diabetic retinopathy with microaneurysms, hemorrhages, and cotton wool spots. Further evaluation is needed to assess the progression of the disease.",/kaggle/working/audio/35850_right.wav,14.55,2.77,0.19
8678_left,3,4.0,"This image shows significant retinal findings, including microaneurysms, hemorrhages, hard exudates, cotton wool spots, venous beading, and vitreous hemorrhage. The presence of neovascularization indicates proliferative diabetic retinopathy.","This image shows significant retinal findings, including microaneurysms, hemorrhages, hard exudates, cotton wool spots, venous beading, and vitreous hemorrhage. The presence of neovascularization indicates proliferative diabetic retinopathy.",/kaggle/working/audio/8678_left.wav,18.68,3.66,0.196
11267_left,3,3.0,"The image shows significant microaneurysms, hemorrhages, hard exudates, and cotton wool spots, indicating severe non-proliferative diabetic retinopathy. Further monitoring is needed to assess for progression.","The image shows significant microaneurysms, hemorrhages, hard exudates, and cotton wool spots, indicating severe non proliferative diabetic retinopathy. Further monitoring is needed to assess for progression.",/kaggle/working/audio/11267_left.wav,16.02,3.03,0.189
8302_left,3,3.0,"The image shows signs of severe non-proliferative diabetic retinopathy with microaneurysms, hemorrhages, hard exudates, cotton wool spots, and venous beading. This indicates a significant level of diabetic retinopathy.","The image shows signs of severe non proliferative diabetic retinopathy with microaneurysms, hemorrhages, hard exudates, cotton wool spots, and venous beading. This indicates a significant level of diabetic retinopathy.",/kaggle/working/audio/8302_left.wav,17.05,3.22,0.189
9598_right,4,4.0,"The image shows significant retinal findings, including microaneurysms, hemorrhages, hard exudates, cotton wool spots, venous beading, and neovascularization. This indicates a high level of diabetic retinopathy.","The image shows significant retinal findings, including microaneurysms, hemorrhages, hard exudates, cotton wool spots, venous beading, and neovascularization. This indicates a high level of diabetic retinopathy.",/kaggle/working/audio/9598_right.wav,15.93,2.98,0.187
4688_right,4,4.0,"The image shows significant retinal findings, including microaneurysms, hemorrhages, hard exudates, cotton wool spots, and venous beading. This indicates a high level of diabetic retinopathy.","The image shows significant retinal findings, including microaneurysms, hemorrhages, hard exudates, cotton wool spots, and venous beading. This indicates a high level of diabetic retinopathy.",/kaggle/working/audio/4688_right.wav,14.04,2.67,0.19
20432_right,4,2.0,"The image shows moderate non-proliferative diabetic retinopathy with microaneurysms, hemorrhages, hard exudates, and cotton wool spots. The patient should be monitored for progression.","The image shows moderate non proliferative diabetic retinopathy with microaneurysms, hemorrhages, hard exudates, and cotton wool spots. The patient should be monitored for progression.",/kaggle/working/audio/20432_right.wav,13.72,2.59,0.188
43050_left,4,4.0,"This image shows significant retinal hemorrhages, cotton wool spots, and neovascularization, indicating a high-severity diabetic retinopathy. Immediate referral to a retinal specialist is crucial.","This image shows significant retinal hemorrhages, cotton wool spots, and neovascularization, indicating a high severity diabetic retinopathy. Immediate referral to a retinal specialist is crucial.",/kaggle/working/audio/43050_left.wav,14.62,2.77,0.189
17749_left,4,2.0,"The image shows moderate non-proliferative diabetic retinopathy with microaneurysms, hemorrhages, hard exudates, and cotton wool spots. The patient should be monitored closely for progression.","The image shows moderate non proliferative diabetic retinopathy with microaneurysms, hemorrhages, hard exudates, and cotton wool spots. The patient should be monitored closely for progression.",/kaggle/working/audio/17749_left.wav,14.07,2.74,0.195
20144_right,4,4.0,"This image shows significant retinal findings, including microaneurysms, hemorrhages, hard exudates, cotton wool spots, and venous beading. The presence of neovascularization indicates proliferative diabetic retinopathy.","This image shows significant retinal findings, including microaneurysms, hemorrhages, hard exudates, cotton wool spots, and venous beading. The presence of neovascularization indicates proliferative diabetic retinopathy.",/kaggle/working/audio/20144_right.wav,16.86,3.21,0.191
41339_right,4,3.0,"The image shows significant microaneurysms and hemorrhages, indicating severe non-proliferative diabetic retinopathy. There are no signs of neovascularization or significant vitreous hemorrhage.","The image shows significant microaneurysms and hemorrhages, indicating severe non proliferative diabetic retinopathy. There are no signs of neovascularization or significant vitreous hemorrhage.",/kaggle/working/audio/41339_right.wav,15.38,2.91,0.189
9682_left,4,4.0,"The image shows significant retinal findings, including microaneurysms, hemorrhages, hard exudates, cotton wool spots, venous beading, neovascularization, and vitreous hemorrhage. This indicates a high-risk proliferative diabetic retinopathy.","The image shows significant retinal findings, including microaneurysms, hemorrhages, hard exudates, cotton wool spots, venous beading, neovascularization, and vitreous hemorrhage. This indicates a high risk proliferative diabetic retinopathy.",/kaggle/working/audio/9682_left.wav,18.71,3.71,0.198
11492_left,4,4.0,"The image shows extensive retinal findings, including microaneurysms, hemorrhages, hard exudates, cotton wool spots, venous beading, neovascularization, and vitreous hemorrhage. This indicates proliferative diabetic retinopathy.","The image shows extensive retinal findings, including microaneurysms, hemorrhages, hard exudates, cotton wool spots, venous beading, neovascularization, and vitreous hemorrhage. This indicates proliferative diabetic retinopathy.",/kaggle/working/audio/11492_left.wav,17.53,3.33,0.19
11854_left,4,4.0,"This image shows significant retinal abnormalities, including neovascularization, hemorrhages, and cotton wool spots. The presence of these findings indicates a high-risk proliferative diabetic retinopathy.","This image shows significant retinal abnormalities, including neovascularization, hemorrhages, and cotton wool spots. The presence of these findings indicates a high risk proliferative diabetic retinopathy.",/kaggle/working/audio/11854_left.wav,15.06,2.87,0.19
37232_left,4,4.0,The image shows significant retinal findings consistent with proliferative diabetic retinopathy. The presence of neovascularization and other signs of advanced disease warrants prompt referral to a specialist.,The image shows significant retinal findings consistent with proliferative diabetic retinopathy. The presence of neovascularization and other signs of advanced disease warrants prompt referral to a specialist.,/kaggle/working/audio/37232_left.wav,14.9,2.8,0.188
35861_left,4,2.0,"The image shows microaneurysms and hemorrhages, indicating moderate non-proliferative diabetic retinopathy. Further evaluation is needed to assess for progression.","The image shows microaneurysms and hemorrhages, indicating moderate non proliferative diabetic retinopathy. Further evaluation is needed to assess for progression.",/kaggle/working/audio/35861_left.wav,12.22,2.34,0.191
27251_left,4,4.0,"This image shows significant retinal findings consistent with proliferative diabetic retinopathy. There is extensive retinal vascular damage, including microaneurysms, hemorrhages, and cotton wool spots. Neovascularization is not present, but the overall picture indicates a high risk of vision loss.","This image shows significant retinal findings consistent with proliferative diabetic retinopathy. There is extensive retinal vascular damage, including microaneurysms, hemorrhages, and cotton wool spots. Neovascularization is not present, but the overall picture indicates a high risk of vision loss.",/kaggle/working/audio/27251_left.wav,22.08,4.15,0.188
41174_right,4,4.0,"This image shows extensive retinal findings consistent with proliferative diabetic retinopathy. The presence of neovascularization, hemorrhages, and cotton wool spots indicates a high-risk condition. Prompt ophthalmological evaluation is crucial.","This image shows extensive retinal findings consistent with proliferative diabetic retinopathy. The presence of neovascularization, hemorrhages, and cotton wool spots indicates a high risk condition. Prompt ophthalmological evaluation is crucial.",/kaggle/working/audio/41174_right.wav,18.44,3.44,0.187
9353_right,4,4.0,"The image shows significant retinal findings, including microaneurysms, hemorrhages, hard exudates, cotton wool spots, venous beading, neovascularization, and vitreous hemorrhage. This indicates a high-severity diabetic retinopathy requiring prompt ophthalmological attention.","The image shows significant retinal findings, including microaneurysms, hemorrhages, hard exudates, cotton wool spots, venous beading, neovascularization, and vitreous hemorrhage. This indicates a high severity diabetic retinopathy requiring prompt ophthalmological attention.",/kaggle/working/audio/9353_right.wav,21.4,4.03,0.188
17489_right,4,4.0,"This image shows extensive retinal hemorrhages, microaneurysms, hard exudates, cotton wool spots, venous beading, neovascularization, and vitreous hemorrhage. This indicates proliferative diabetic retinopathy.","This image shows extensive retinal hemorrhages, microaneurysms, hard exudates, cotton wool spots, venous beading, neovascularization, and vitreous hemorrhage. This indicates proliferative diabetic retinopathy.",/kaggle/working/audio/17489_right.wav,16.28,3.06,0.188
19061_left,4,4.0,The image shows significant retinal findings consistent with proliferative diabetic retinopathy. The presence of neovascularization and other features indicates a high risk for vision loss.,The image shows significant retinal findings consistent with proliferative diabetic retinopathy. The presence of neovascularization and other features indicates a high risk for vision loss.,/kaggle/working/audio/19061_left.wav,13.98,2.61,0.186
17453_left,4,2.0,"The image shows microaneurysms, indicating moderate non-proliferative diabetic retinopathy. No other significant findings are present.","The image shows microaneurysms, indicating moderate non proliferative diabetic retinopathy. No other significant findings are present.",/kaggle/working/audio/17453_left.wav,10.71,2.05,0.192
14844_left,4,4.0,"This image shows extensive retinal abnormalities, including microaneurysms, hemorrhages, hard exudates, cotton wool spots, venous beading, neovascularization, and vitreous hemorrhage. This indicates a high-severity diabetic retinopathy requiring immediate specialist attention.","This image shows extensive retinal abnormalities, including microaneurysms, hemorrhages, hard exudates, cotton wool spots, venous beading, neovascularization, and vitreous hemorrhage. This indicates a high severity diabetic retinopathy requiring immediate specialist attention.",/kaggle/working/audio/14844_left.wav,21.59,4.14,0.192
28929_right,4,4.0,"This fundus image shows significant diabetic retinopathy with neovascularization, hemorrhages, and other signs of severe disease. The patient needs urgent specialist care.","This fundus image shows significant diabetic retinopathy with neovascularization, hemorrhages, and other signs of severe disease. The patient needs urgent specialist care.",/kaggle/working/audio/28929_right.wav,13.4,2.54,0.19
13938_left,4,4.0,"The image shows extensive retinal hemorrhages, hard exudates, and cotton wool spots, indicating proliferative diabetic retinopathy. This requires prompt referral to a retinal specialist for comprehensive management.","The image shows extensive retinal hemorrhages, hard exudates, and cotton wool spots, indicating proliferative diabetic retinopathy. This requires prompt referral to a retinal specialist for comprehensive management.",/kaggle/working/audio/13938_left.wav,15.58,2.94,0.189
13308_right,4,4.0,"This image shows significant retinal findings consistent with proliferative diabetic retinopathy. The presence of neovascularization, hemorrhages, and cotton wool spots indicates a high risk of vision loss. Immediate ophthalmological consultation is necessary.","This image shows significant retinal findings consistent with proliferative diabetic retinopathy. The presence of neovascularization, hemorrhages, and cotton wool spots indicates a high risk of vision loss. Immediate ophthalmological consultation is necessary.",/kaggle/working/audio/13308_right.wav,19.72,3.7,0.188
7945_left,4,2.0,"The image shows moderate non-proliferative diabetic retinopathy with microaneurysms, hemorrhages, hard exudates, and cotton wool spots. Further evaluation is needed to assess the progression of the disease.","The image shows moderate non proliferative diabetic retinopathy with microaneurysms, hemorrhages, hard exudates, and cotton wool spots. Further evaluation is needed to assess the progression of the disease.",/kaggle/working/audio/7945_left.wav,15.51,2.93,0.189
28948_left,4,4.0,"This image shows significant diabetic retinopathy with neovascularization, hemorrhages, and cotton wool spots. The patient requires prompt evaluation and management.","This image shows significant diabetic retinopathy with neovascularization, hemorrhages, and cotton wool spots. The patient requires prompt evaluation and management.",/kaggle/working/audio/28948_left.wav,12.22,2.3,0.189
15038_left,4,2.0,"The image shows microaneurysms, indicating moderate non-proliferative diabetic retinopathy. There are no signs of more severe features like hemorrhages or neovascularization.","The image shows microaneurysms, indicating moderate non proliferative diabetic retinopathy. There are no signs of more severe features like hemorrhages or neovascularization.",/kaggle/working/audio/15038_left.wav,13.27,2.52,0.19
27251_right,4,4.0,"This image shows significant retinal findings, including microaneurysms, hemorrhages, hard exudates, cotton wool spots, venous beading, and vitreous hemorrhage. This indicates a high level of diabetic retinopathy.","This image shows significant retinal findings, including microaneurysms, hemorrhages, hard exudates, cotton wool spots, venous beading, and vitreous hemorrhage. This indicates a high level of diabetic retinopathy.",/kaggle/working/audio/27251_right.wav,15.9,2.97,0.187
26772_left,4,4.0,"The image shows significant retinal findings, including microaneurysms, hemorrhages, hard exudates, cotton wool spots, venous beading, and neovascularization. This indicates a high level of diabetic retinopathy.","The image shows significant retinal findings, including microaneurysms, hemorrhages, hard exudates, cotton wool spots, venous beading, and neovascularization. This indicates a high level of diabetic retinopathy.",/kaggle/working/audio/26772_left.wav,16.09,3.03,0.188
24019_right,4,4.0,"This image shows significant proliferative diabetic retinopathy with neovascularization, hemorrhages, and cotton wool spots. The patient requires prompt evaluation and management to prevent further vision loss.","This image shows significant proliferative diabetic retinopathy with neovascularization, hemorrhages, and cotton wool spots. The patient requires prompt evaluation and management to prevent further vision loss.",/kaggle/working/audio/24019_right.wav,16.09,3.02,0.188
21373_right,4,0.0,The fundus image shows no signs of diabetic retinopathy. The patient should be monitored regularly to detect any progression.,The fundus image shows no signs of diabetic retinopathy. The patient should be monitored regularly to detect any progression.,/kaggle/working/audio/21373_right.wav,9.59,1.82,0.19
37332_right,4,4.0,This image shows significant retinal findings consistent with proliferative diabetic retinopathy. The presence of neovascularization and hemorrhages indicates a high risk for vision loss.,This image shows significant retinal findings consistent with proliferative diabetic retinopathy. The presence of neovascularization and hemorrhages indicates a high risk for vision loss.,/kaggle/working/audio/37332_right.wav,14.04,2.61,0.186
34901_left,4,4.0,"This image shows extensive retinal findings consistent with proliferative diabetic retinopathy. The presence of neovascularization, hemorrhages, and cotton wool spots indicates a high risk of vision loss.","This image shows extensive retinal findings consistent with proliferative diabetic retinopathy. The presence of neovascularization, hemorrhages, and cotton wool spots indicates a high risk of vision loss.",/kaggle/working/audio/34901_left.wav,14.94,2.77,0.186
34708_left,4,4.0,"This image shows significant retinal findings consistent with proliferative diabetic retinopathy. The presence of neovascularization, hemorrhages, and cotton wool spots indicates a high risk of vision loss.","This image shows significant retinal findings consistent with proliferative diabetic retinopathy. The presence of neovascularization, hemorrhages, and cotton wool spots indicates a high risk of vision loss.",/kaggle/working/audio/34708_left.wav,15.13,2.93,0.193
15870_right,4,2.0,"The image shows moderate non-proliferative diabetic retinopathy with microaneurysms, hemorrhages, hard exudates, and cotton wool spots. Further evaluation is needed to assess the progression of the disease.","The image shows moderate non proliferative diabetic retinopathy with microaneurysms, hemorrhages, hard exudates, and cotton wool spots. Further evaluation is needed to assess the progression of the disease.",/kaggle/working/audio/15870_right.wav,15.64,2.93,0.187
10904_right,4,4.0,"The image shows significant neovascularization and hemorrhages, indicating proliferative diabetic retinopathy. This requires prompt ophthalmological attention.","The image shows significant neovascularization and hemorrhages, indicating proliferative diabetic retinopathy. This requires prompt ophthalmological attention.",/kaggle/working/audio/10904_right.wav,12.63,2.34,0.185
13022_right,4,4.0,This image shows significant retinal findings consistent with proliferative diabetic retinopathy. The presence of neovascularization and vitreous hemorrhage indicates a high risk for vision loss. Prompt referral to a retinal specialist is crucial.,This image shows significant retinal findings consistent with proliferative diabetic retinopathy. The presence of neovascularization and vitreous hemorrhage indicates a high risk for vision loss. Prompt referral to a retinal specialist is crucial.,/kaggle/working/audio/13022_right.wav,18.24,3.43,0.188
14495_right,4,4.0,"The image shows extensive retinal hemorrhages, hard exudates, and cotton wool spots, indicating proliferative diabetic retinopathy. Further evaluation and management are necessary.","The image shows extensive retinal hemorrhages, hard exudates, and cotton wool spots, indicating proliferative diabetic retinopathy. Further evaluation and management are necessary.",/kaggle/working/audio/14495_right.wav,13.66,2.53,0.185
1663_left,4,4.0,"This image shows significant retinal findings, including microaneurysms, hemorrhages, hard exudates, cotton wool spots, venous beading, neovascularization, and vitreous hemorrhage. This indicates a high-severity diabetic retinopathy requiring urgent intervention.","This image shows significant retinal findings, including microaneurysms, hemorrhages, hard exudates, cotton wool spots, venous beading, neovascularization, and vitreous hemorrhage. This indicates a high severity diabetic retinopathy requiring urgent intervention.",/kaggle/working/audio/1663_left.wav,20.54,3.88,0.189
28077_right,4,4.0,"The image shows significant retinal findings consistent with proliferative diabetic retinopathy, including neovascularization, hemorrhages, and cotton wool spots. This requires urgent ophthalmological attention.","The image shows significant retinal findings consistent with proliferative diabetic retinopathy, including neovascularization, hemorrhages, and cotton wool spots. This requires urgent ophthalmological attention.",/kaggle/working/audio/28077_right.wav,15.67,2.93,0.187
6707_right,4,4.0,"The image shows extensive retinal changes, including microaneurysms, hemorrhages, and hard exudates. These findings indicate proliferative diabetic retinopathy.","The image shows extensive retinal changes, including microaneurysms, hemorrhages, and hard exudates. These findings indicate proliferative diabetic retinopathy.",/kaggle/working/audio/6707_right.wav,12.31,2.33,0.189
33358_right,4,4.0,"This image shows extensive retinal abnormalities, including microaneurysms, hemorrhages, hard exudates, cotton wool spots, venous beading, neovascularization, and vitreous hemorrhage. This indicates a high-severity diabetic retinopathy requiring immediate attention.","This image shows extensive retinal abnormalities, including microaneurysms, hemorrhages, hard exudates, cotton wool spots, venous beading, neovascularization, and vitreous hemorrhage. This indicates a high severity diabetic retinopathy requiring immediate attention.",/kaggle/working/audio/33358_right.wav,20.73,3.91,0.189
9863_left,4,2.0,The image shows moderate non-proliferative diabetic retinopathy with microaneurysms and hemorrhages. Further evaluation is needed to assess for progression.,The image shows moderate non proliferative diabetic retinopathy with microaneurysms and hemorrhages. Further evaluation is needed to assess for progression.,/kaggle/working/audio/9863_left.wav,11.99,2.24,0.187
18017_left,4,0.0,The fundus image shows no signs of diabetic retinopathy. The patient should be monitored regularly to detect any changes.,The fundus image shows no signs of diabetic retinopathy. The patient should be monitored regularly to detect any changes.,/kaggle/working/audio/18017_left.wav,9.4,1.73,0.184
12108_left,4,4.0,"The image shows extensive retinal abnormalities, including microaneurysms, hemorrhages, hard exudates, cotton wool spots, venous beading, and neovascularization. This indicates proliferative diabetic retinopathy.","The image shows extensive retinal abnormalities, including microaneurysms, hemorrhages, hard exudates, cotton wool spots, venous beading, and neovascularization. This indicates proliferative diabetic retinopathy.",/kaggle/working/audio/12108_left.wav,16.44,3.13,0.19
24773_left,4,4.0,"This image shows significant retinal findings, including microaneurysms, hemorrhages, cotton wool spots, venous beading, and vitreous hemorrhage. The presence of neovascularization indicates proliferative diabetic retinopathy.","This image shows significant retinal findings, including microaneurysms, hemorrhages, cotton wool spots, venous beading, and vitreous hemorrhage. The presence of neovascularization indicates proliferative diabetic retinopathy.",/kaggle/working/audio/24773_left.wav,17.18,3.24,0.189
20752_right,4,4.0,"This image shows extensive retinal abnormalities, including neovascularization, hemorrhages, and exudates. This indicates a high-risk proliferative diabetic retinopathy.","This image shows extensive retinal abnormalities, including neovascularization, hemorrhages, and exudates. This indicates a high risk proliferative diabetic retinopathy.",/kaggle/working/audio/20752_right.wav,13.21,2.48,0.188
13066_right,4,3.0,"The image shows signs of severe non-proliferative diabetic retinopathy, including microaneurysms, hemorrhages, hard exudates, cotton wool spots, and venous beading. This requires prompt ophthalmological attention.","The image shows signs of severe non proliferative diabetic retinopathy, including microaneurysms, hemorrhages, hard exudates, cotton wool spots, and venous beading. This requires prompt ophthalmological attention.",/kaggle/working/audio/13066_right.wav,16.02,3.15,0.197
31461_right,4,4.0,"This image shows significant retinal findings consistent with proliferative diabetic retinopathy. The presence of neovascularization, hemorrhages, and exudates indicates a high risk of vision loss. Prompt treatment is necessary to prevent further complications.","This image shows significant retinal findings consistent with proliferative diabetic retinopathy. The presence of neovascularization, hemorrhages, and exudates indicates a high risk of vision loss. Prompt treatment is necessary to prevent further complications.",/kaggle/working/audio/31461_right.wav,19.3,3.6,0.186
16392_left,4,4.0,"The fundus image shows extensive retinal hemorrhages, neovascularization, and other signs of proliferative diabetic retinopathy. This indicates a high risk of vision loss and requires urgent specialist attention.","The fundus image shows extensive retinal hemorrhages, neovascularization, and other signs of proliferative diabetic retinopathy. This indicates a high risk of vision loss and requires urgent specialist attention.",/kaggle/working/audio/16392_left.wav,15.99,2.98,0.187
38064_left,4,4.0,This image shows extensive retinal findings consistent with proliferative diabetic retinopathy. The presence of neovascularization and other signs of advanced disease warrants prompt specialist referral.,This image shows extensive retinal findings consistent with proliferative diabetic retinopathy. The presence of neovascularization and other signs of advanced disease warrants prompt specialist referral.,/kaggle/working/audio/38064_left.wav,15.0,2.83,0.189
7853_right,4,4.0,"This image shows significant retinal findings consistent with proliferative diabetic retinopathy. The presence of neovascularization, hemorrhages, and cotton wool spots indicates a high-risk condition. A specialist consultation is necessary for appropriate treatment planning.","This image shows significant retinal findings consistent with proliferative diabetic retinopathy. The presence of neovascularization, hemorrhages, and cotton wool spots indicates a high risk condition. A specialist consultation is necessary for appropriate treatment planning.",/kaggle/working/audio/7853_right.wav,20.32,3.79,0.187
