image,true_grade,prompt_type,report,seconds
4095_right,0,structured,"IMAGE QUALITY: Adequate
FINDINGS:
- Microaneurysms: Absent
- Hemorrhages: Absent
- Hard exudates: Absent
- Cotton wool spots: Absent
- Venous beading or IRMA: Absent
- Neovascularization: Absent
- Vitreous or preretinal hemorrhage: Absent
SEVERITY GRADE: 0
SEVERITY LABEL: No DR
RECOMMENDATION: Schedule a follow-up appointment in 6 months.
SUMMARY: The fundus image shows no signs of diabetic retinopathy. The patient should be monitored regularly to detect any changes.
",16.8
11527_left,0,structured,"IMAGE QUALITY: Adequate
FINDINGS:
- Microaneurysms: Present
- Hemorrhages: Present
- Hard exudates: Absent
- Cotton wool spots: Absent
- Venous beading or IRMA: Absent
- Neovascularization: Absent
- Vitreous or preretinal hemorrhage: Absent
SEVERITY GRADE: 2
SEVERITY LABEL: Moderate NPDR
RECOMMENDATION: Follow up in 6 months to monitor for progression.
SUMMARY: The image shows microaneurysms and hemorrhages, indicating moderate non-proliferative diabetic retinopathy. Further monitoring is needed to assess for progression.
",15.9
35004_right,0,structured,"IMAGE QUALITY: Adequate
FINDINGS:
- Microaneurysms: Present
- Hemorrhages: Absent
- Hard exudates: Absent
- Cotton wool spots: Absent
- Venous beading or IRMA: Absent
- Neovascularization: Absent
- Vitreous or preretinal hemorrhage: Absent
SEVERITY GRADE: 1
SEVERITY LABEL: Mild NPDR
RECOMMENDATION: Follow up in 6 months to monitor for progression.
SUMMARY: The image shows microaneurysms, indicating mild non-proliferative diabetic retinopathy. No other significant findings are present.
",15.2
25941_left,0,structured,"IMAGE QUALITY: Adequate
FINDINGS:
- Microaneurysms: Present
- Hemorrhages: Absent
- Hard exudates: Absent
- Cotton wool spots: Absent
- Venous beading or IRMA: Absent
- Neovascularization: Absent
- Vitreous or preretinal hemorrhage: Absent
SEVERITY GRADE: 1
SEVERITY LABEL: Mild NPDR
RECOMMENDATION: Follow up in 6 months to monitor for progression.
SUMMARY: The image shows microaneurysms, indicating mild non-proliferative diabetic retinopathy. No other significant findings are present.
",15.4
28774_right,0,structured,"IMAGE QUALITY: Adequate
FINDINGS:
- Microaneurysms: Present
- Hemorrhages: Absent
- Hard exudates: Absent
- Cotton wool spots: Absent
- Venous beading or IRMA: Absent
- Neovascularization: Absent
- Vitreous or preretinal hemorrhage: Absent
SEVERITY GRADE: 2
SEVERITY LABEL: Moderate NPDR
RECOMMENDATION: Follow up in 6 months to monitor for progression.
SUMMARY: The image shows moderate non-proliferative diabetic retinopathy with microaneurysms. There are no signs of severe features like hemorrhages or neovascularization.
",16.8
17561_left,0,structured,"IMAGE QUALITY: Adequate
FINDINGS:
- Microaneurysms: Absent
- Hemorrhages: Absent
- Hard exudates: Absent
- Cotton wool spots: Absent
- Venous beading or IRMA: Absent
- Neovascularization: Absent
- Vitreous or preretinal hemorrhage: Absent
SEVERITY GRADE: 0
SEVERITY LABEL: No DR
RECOMMENDATION: Schedule a follow-up examination in 6 months to monitor for progression.
SUMMARY: The fundus appears normal with no signs of diabetic retinopathy. No treatment is currently indicated.
",15.1
8316_right,0,structured,"IMAGE QUALITY: Adequate
FINDINGS:
- Microaneurysms: Absent
- Hemorrhages: Absent
- Hard exudates: Absent
- Cotton wool spots: Absent
- Venous beading or IRMA: Absent
- Neovascularization: Absent
- Vitreous or preretinal hemorrhage: Absent
SEVERITY GRADE: 0
SEVERITY LABEL: No DR
RECOMMENDATION: Schedule a follow-up examination in 6 months.
SUMMARY: The fundus appears normal with no signs of diabetic retinopathy. No microaneurysms, hemorrhages, or other abnormalities are present.
",15.5
21539_right,0,structured,"IMAGE QUALITY: Adequate
FINDINGS:
- Microaneurysms: Absent
- Hemorrhages: Absent
- Hard exudates: Absent
- Cotton wool spots: Absent
- Venous beading or IRMA: Absent
- Neovascularization: Absent
- Vitreous or preretinal hemorrhage: Absent
SEVERITY GRADE: 0
SEVERITY LABEL: No DR
RECOMMENDATION: Schedule a follow-up appointment in 6 months to monitor for any changes.
SUMMARY: The fundus image shows no signs of diabetic retinopathy. The patient should be monitored regularly to detect any progression.
",15.4
42485_right,0,structured,"IMAGE QUALITY: Adequate
FINDINGS:
- Microaneurysms: Absent
- Hemorrhages: Absent
- Hard exudates: Absent
- Cotton wool spots: Absent
- Venous beading or IRMA: Absent
- Neovascularization: Absent
- Vitreous or preretinal hemorrhage: Absent
SEVERITY GRADE: 0
SEVERITY LABEL: No DR
RECOMMENDATION: Schedule a follow-up examination in 6 months.
SUMMARY: The fundus image shows no signs of diabetic retinopathy. A follow-up examination is recommended in 6 months to monitor for any changes.
",15.6
32246_right,0,structured,"IMAGE QUALITY: Adequate
FINDINGS:
- Microaneurysms: Absent
- Hemorrhages: Absent
- Hard exudates: Absent
- Cotton wool spots: Absent
- Venous beading or IRMA: Absent
- Neovascularization: Absent
- Vitreous or preretinal hemorrhage: Absent
SEVERITY GRADE: 0
SEVERITY LABEL: No DR
RECOMMENDATION: Schedule a follow-up examination in 6 months to monitor for any changes.
SUMMARY: The image shows no signs of diabetic retinopathy. The fundus appears normal. Regular follow-up is recommended.
",15.5
18923_right,0,structured,"IMAGE QUALITY: Adequate
FINDINGS:
- Microaneurysms: Absent
- Hemorrhages: Absent
- Hard exudates: Absent
- Cotton wool spots: Absent
- Venous beading or IRMA: Absent
- Neovascularization: Absent
- Vitreous or preretinal hemorrhage: Absent
SEVERITY GRADE: 0
SEVERITY LABEL: No DR
RECOMMENDATION: Follow up in 6 months to monitor for progression.
SUMMARY: The image shows no signs of diabetic retinopathy. No microaneurysms, hemorrhages, or other abnormalities are visible.
",15.4
42070_left,0,structured,"IMAGE QUALITY: Adequate
FINDINGS:
- Microaneurysms: Absent
- Hemorrhages: Absent
- Hard exudates: Absent
- Cotton wool spots: Absent
- Venous beading or IRMA: Absent
- Neovascularization: Absent
- Vitreous or preretinal hemorrhage: Absent
SEVERITY GRADE: 0
SEVERITY LABEL: No DR
RECOMMENDATION: Schedule a follow-up appointment in 6 months to monitor for any changes.
SUMMARY: The fundus image shows no signs of diabetic retinopathy. No microaneurysms, hemorrhages, or other abnormalities are present.
",16.2
42515_left,0,structured,"IMAGE QUALITY: Adequate
FINDINGS:
- Microaneurysms: Present
- Hemorrhages: Absent
- Hard exudates: Absent
- Cotton wool spots: Absent
- Venous beading or IRMA: Absent
- Neovascularization: Absent
- Vitreous or preretinal hemorrhage: Absent
SEVERITY GRADE: 1
SEVERITY LABEL: Mild NPDR
RECOMMENDATION: Follow up in 6 months to monitor for progression.
SUMMARY: The image shows microaneurysms, indicating mild non-proliferative diabetic retinopathy. No other significant findings are present.
",15.7
19627_right,0,structured,"IMAGE QUALITY: Adequate
FINDINGS:
- Microaneurysms: Absent
- Hemorrhages: Absent
- Hard exudates: Absent
- Cotton wool spots: Absent
- Venous beading or IRMA: Absent
- Neovascularization: Absent
- Vitreous or preretinal hemorrhage: Absent
SEVERITY GRADE: 0
SEVERITY LABEL: No DR
RECOMMENDATION: Schedule a follow-up eye exam in 6 months.
SUMMARY: The fundus image shows no signs of diabetic retinopathy. The patient should be monitored regularly to detect any changes.
",15.3
26020_right,0,structured,"IMAGE QUALITY: Adequate
FINDINGS:
- Microaneurysms: Present
- Hemorrhages: Absent
- Hard exudates: Absent
- Cotton wool spots: Absent
- Venous beading or IRMA: Absent
- Neovascularization: Absent
- Vitreous or preretinal hemorrhage: Absent
SEVERITY GRADE: 1
SEVERITY LABEL: Mild NPDR
RECOMMENDATION: Follow up in 6 months to monitor for progression.
SUMMARY: The image shows microaneurysms, indicating mild non-proliferative diabetic retinopathy. No other significant findings are present.
",15.7
41965_right,0,structured,"IMAGE QUALITY: Adequate
FINDINGS:
- Microaneurysms: Absent
- Hemorrhages: Absent
- Hard exudates: Absent
- Cotton wool spots: Absent
- Venous beading or IRMA: Absent
- Neovascularization: Absent
- Vitreous or preretinal hemorrhage: Absent
SEVERITY GRADE: 0
SEVERITY LABEL: No DR
RECOMMENDATION: Schedule a follow-up eye exam in 6 months.
SUMMARY: The fundus image shows no signs of diabetic retinopathy. The patient should be monitored regularly to detect any changes.
",15.3
35277_left,0,structured,"IMAGE QUALITY: Adequate
FINDINGS:
- Microaneurysms: Absent
- Hemorrhages: Absent
- Hard exudates: Absent
- Cotton wool spots: Absent
- Venous beading or IRMA: Absent
- Neovascularization: Absent
- Vitreous or preretinal hemorrhage: Absent
SEVERITY GRADE: 0
SEVERITY LABEL: No DR
RECOMMENDATION: Schedule a follow-up examination in 6 months.
SUMMARY: The fundus appears normal with no signs of diabetic retinopathy. No treatment is currently indicated.
",15.0
15644_left,0,structured,"IMAGE QUALITY: Adequate
FINDINGS:
- Microaneurysms: Absent
- Hemorrhages: Absent
- Hard exudates: Absent
- Cotton wool spots: Absent
- Venous beading or IRMA: Absent
- Neovascularization: Absent
- Vitreous or preretinal hemorrhage: Absent
SEVERITY GRADE: 0
SEVERITY LABEL: No DR
RECOMMENDATION: Schedule a follow-up appointment in 6 months to monitor for any changes.
SUMMARY: The image shows no signs of diabetic retinopathy. No microaneurysms, hemorrhages, or other abnormalities are present.
",16.0
40014_left,0,structured,"IMAGE QUALITY: Adequate
FINDINGS:
- Microaneurysms: Absent
- Hemorrhages: Absent
- Hard exudates: Absent
- Cotton wool spots: Absent
- Venous beading or IRMA: Absent
- Neovascularization: Absent
- Vitreous or preretinal hemorrhage: Absent
SEVERITY GRADE: 0
SEVERITY LABEL: No DR
RECOMMENDATION: Schedule a follow-up appointment in 6 months to monitor for any changes.
SUMMARY: The image shows no signs of diabetic retinopathy. The patient is currently at low risk for progression.
",15.4
13536_right,0,structured,"IMAGE QUALITY: Adequate
FINDINGS:
- Microaneurysms: Absent
- Hemorrhages: Absent
- Hard exudates: Absent
- Cotton wool spots: Absent
- Venous beading or IRMA: Absent
- Neovascularization: Absent
- Vitreous or preretinal hemorrhage: Absent
SEVERITY GRADE: 0
SEVERITY LABEL: No DR
RECOMMENDATION: Schedule a follow-up appointment in 6 months.
SUMMARY: The fundus image shows no signs of diabetic retinopathy. The patient should be monitored regularly to detect any future changes.
",15.4
27067_left,0,structured,"IMAGE QUALITY: Adequate
FINDINGS:
- Microaneurysms: Absent
- Hemorrhages: Absent
- Hard exudates: Absent
- Cotton wool spots: Absent
- Venous beading or IRMA: Absent
- Neovascularization: Absent
- Vitreous or preretinal hemorrhage: Absent
SEVERITY GRADE: 0
SEVERITY LABEL: No DR
RECOMMENDATION: Schedule a follow-up appointment in 6 months.
SUMMARY: The fundus image shows no signs of diabetic retinopathy. The patient should be monitored regularly to detect any changes.
",15.3
7024_right,0,structured,"IMAGE QUALITY: Adequate
FINDINGS:
- Microaneurysms: Absent
- Hemorrhages: Absent
- Hard exudates: Absent
- Cotton wool spots: Absent
- Venous beading or IRMA: Absent
- Neovascularization: Absent
- Vitreous or preretinal hemorrhage: Absent
SEVERITY GRADE: 0
SEVERITY LABEL: No DR
RECOMMENDATION: Schedule a follow-up eye exam in 6 months.
SUMMARY: The fundus appears normal with no signs of diabetic retinopathy. No abnormalities were detected.
",15.0
35298_left,0,structured,"IMAGE QUALITY: Adequate
FINDINGS:
- Microaneurysms: Present
- Hemorrhages: Absent
- Hard exudates: Absent
- Cotton wool spots: Absent
- Venous beading or IRMA: Absent
- Neovascularization: Absent
- Vitreous or preretinal hemorrhage: Absent
SEVERITY GRADE: 1
SEVERITY LABEL: Mild NPDR
RECOMMENDATION: Follow up in 6 months to monitor for progression.
SUMMARY: The image shows microaneurysms, indicating mild non-proliferative diabetic retinopathy. No other significant findings are present.
",15.8
2840_left,0,structured,"IMAGE QUALITY: Adequate
FINDINGS:
- Microaneurysms: Absent
- Hemorrhages: Absent
- Hard exudates: Absent
- Cotton wool spots: Absent
- Venous beading or IRMA: Absent
- Neovascularization: Absent
- Vitreous or preretinal hemorrhage: Absent
SEVERITY GRADE: 0
SEVERITY LABEL: No DR
RECOMMENDATION: Schedule a follow-up appointment in 6 months to monitor for progression.
SUMMARY: The image shows no signs of diabetic retinopathy. A follow-up appointment is recommended to monitor for any changes.
",15.7
11232_left,0,structured,"IMAGE QUALITY: Adequate
FINDINGS:
- Microaneurysms: Absent
- Hemorrhages: Absent
- Hard exudates: Absent
- Cotton wool spots: Absent
- Venous beading or IRMA: Absent
- Neovascularization: Absent
- Vitreous or preretinal hemorrhage: Absent
SEVERITY GRADE: 0
SEVERITY LABEL: No DR
RECOMMENDATION: Follow up in 6 months to monitor for progression.
SUMMARY: The fundus image shows no signs of diabetic retinopathy. The patient should be monitored regularly to detect any changes.
",15.2
14333_right,0,structured,"IMAGE QUALITY: Adequate
FINDINGS:
- Microaneurysms: Absent
- Hemorrhages: Absent
- Hard exudates: Absent
- Cotton wool spots: Absent
- Venous beading or IRMA: Absent
- Neovascularization: Absent
- Vitreous or preretinal hemorrhage: Absent
SEVERITY GRADE: 0
SEVERITY LABEL: No DR
RECOMMENDATION: Schedule a follow-up examination in 6 months to monitor for progression.
SUMMARY: The fundus image shows no signs of diabetic retinopathy. The patient should be monitored regularly to detect any changes.
",15.5
23850_left,0,structured,"IMAGE QUALITY: Adequate
FINDINGS:
- Microaneurysms: Absent
- Hemorrhages: Absent
- Hard exudates: Absent
- Cotton wool spots: Absent
- Venous beading or IRMA: Absent
- Neovascularization: Absent
- Vitreous or preretinal hemorrhage: Absent
SEVERITY GRADE: 0
SEVERITY LABEL: No DR
RECOMMENDATION: Schedule a follow-up examination in 6 months.
SUMMARY: The fundus image shows no signs of diabetic retinopathy. No microaneurysms, hemorrhages, or other abnormalities are present.
",15.6
41948_right,0,structured,"IMAGE QUALITY: Adequate
FINDINGS:
- Microaneurysms: Absent
- Hemorrhages: Absent
- Hard exudates: Absent
- Cotton wool spots: Absent
- Venous beading or IRMA: Absent
- Neovascularization: Absent
- Vitreous or preretinal hemorrhage: Absent
SEVERITY GRADE: 0
SEVERITY LABEL: No DR
RECOMMENDATION: Schedule a follow-up appointment in 6 months to monitor for any changes.
SUMMARY: The fundus appears normal with no signs of diabetic retinopathy. No abnormalities were detected.
",15.2
4274_left,0,structured,"IMAGE QUALITY: Adequate
FINDINGS:
- Microaneurysms: Absent
- Hemorrhages: Absent
- Hard exudates: Absent
- Cotton wool spots: Absent
- Venous beading or IRMA: Absent
- Neovascularization: Absent
- Vitreous or preretinal hemorrhage: Absent
SEVERITY GRADE: 0
SEVERITY LABEL: No DR
RECOMMENDATION: Schedule a follow-up examination in 6 months.
SUMMARY: The fundus appears normal with no signs of diabetic retinopathy. A follow-up examination is recommended in 6 months to monitor for any changes.
",15.9
8320_left,0,structured,"IMAGE QUALITY: Adequate
FINDINGS:
- Microaneurysms: Absent
- Hemorrhages: Absent
- Hard exudates: Absent
- Cotton wool spots: Absent
- Venous beading or IRMA: Absent
- Neovascularization: Absent
- Vitreous or preretinal hemorrhage: Absent
SEVERITY GRADE: 0
SEVERITY LABEL: No DR
RECOMMENDATION: Schedule a follow-up eye exam in 6 months.
SUMMARY: The fundus image shows no signs of diabetic retinopathy. The patient should be monitored regularly to detect any changes.
",15.5
13769_left,0,structured,"IMAGE QUALITY: Adequate
FINDINGS:
- Microaneurysms: Present
- Hemorrhages: Absent
- Hard exudates: Absent
- Cotton wool spots: Absent
- Venous beading or IRMA: Absent
- Neovascularization: Absent
- Vitreous or preretinal hemorrhage: Absent
SEVERITY GRADE: 1
SEVERITY LABEL: Mild NPDR
RECOMMENDATION: Follow up in 6 months to monitor for progression.
SUMMARY: The image shows microaneurysms, indicating mild non-proliferative diabetic retinopathy. No other significant findings are present.
",15.6
27496_left,0,structured,"IMAGE QUALITY: Adequate
FINDINGS:
- Microaneurysms: Present
- Hemorrhages: Absent
- Hard exudates: Absent
- Cotton wool spots: Absent
- Venous beading or IRMA: Absent
- Neovascularization: Absent
- Vitreous or preretinal hemorrhage: Absent
SEVERITY GRADE: 1
SEVERITY LABEL: Mild NPDR
RECOMMENDATION: Follow up in 6 months to monitor for progression.
SUMMARY: The image shows microaneurysms, indicating mild non-proliferative diabetic retinopathy. No other significant findings are present.
",15.7
32089_left,0,structured,"IMAGE QUALITY: Adequate
FINDINGS:
- Microaneurysms: Present
- Hemorrhages: Absent
- Hard exudates: Absent
- Cotton wool spots: Absent
- Venous beading or IRMA: Absent
- Neovascularization: Absent
- Vitreous or preretinal hemorrhage: Absent
SEVERITY GRADE: 1
SEVERITY LABEL: Mild NPDR
RECOMMENDATION: Follow up in 6 months to monitor for progression.
SUMMARY: The image shows microaneurysms, indicating mild non-proliferative diabetic retinopathy. No other significant findings are present.
",15.6
19180_left,0,structured,"IMAGE QUALITY: Adequate
FINDINGS:
- Microaneurysms: Present
- Hemorrhages: Absent
- Hard exudates: Absent
- Cotton wool spots: Absent
- Venous beading or IRMA: Absent
- Neovascularization: Absent
- Vitreous or preretinal hemorrhage: Absent
SEVERITY GRADE: 1
SEVERITY LABEL: Mild NPDR
RECOMMENDATION: Follow up in 6 months to monitor for progression.
SUMMARY: The image shows microaneurysms, indicating mild non-proliferative diabetic retinopathy. No other significant findings are present.
",15.8
9857_left,0,structured,"IMAGE QUALITY: Adequate
FINDINGS:
- Microaneurysms: Absent
- Hemorrhages: Absent
- Hard exudates: Absent
- Cotton wool spots: Absent
- Venous beading or IRMA: Absent
- Neovascularization: Absent
- Vitreous or preretinal hemorrhage: Absent
SEVERITY GRADE: 0
SEVERITY LABEL: No DR
RECOMMENDATION: Schedule a follow-up appointment in 6 months.
SUMMARY: The fundus image shows no signs of diabetic retinopathy. The patient should be monitored regularly to detect any changes.
",15.3
32942_right,0,structured,"IMAGE QUALITY: Adequate
FINDINGS:
- Microaneurysms: Present
- Hemorrhages: Absent
- Hard exudates: Absent
- Cotton wool spots: Absent
- Venous beading or IRMA: Absent
- Neovascularization: Absent
- Vitreous or preretinal hemorrhage: Absent
SEVERITY GRADE: 1
SEVERITY LABEL: Mild NPDR
RECOMMENDATION: Follow up in 6 months to monitor for progression.
SUMMARY: The image shows microaneurysms, indicating mild non-proliferative diabetic retinopathy. There are no other significant findings.
",15.7
3758_right,0,structured,"IMAGE QUALITY: Adequate
FINDINGS:
- Microaneurysms: Present
- Hemorrhages: Absent
- Hard exudates: Absent
- Cotton wool spots: Absent
- Venous beading or IRMA: Absent
- Neovascularization: Absent
- Vitreous or preretinal hemorrhage: Absent
SEVERITY GRADE: 1
SEVERITY LABEL: Mild NPDR
RECOMMENDATION: Follow up in 6 months to monitor for progression.
SUMMARY: The image shows microaneurysms, indicating mild non-proliferative diabetic retinopathy. There are no other significant findings.
",15.7
6193_left,0,structured,"IMAGE QUALITY: Adequate
FINDINGS:
- Microaneurysms: Present
- Hemorrhages: Absent
- Hard exudates: Absent
- Cotton wool spots: Absent
- Venous beading or IRMA: Absent
- Neovascularization: Absent
- Vitreous or preretinal hemorrhage: Absent
SEVERITY GRADE: 1
SEVERITY LABEL: Mild NPDR
RECOMMENDATION: Follow up in 6 months to monitor for progression.
SUMMARY: The image shows microaneurysms, indicating mild non-proliferative diabetic retinopathy. No other significant findings are present.
",15.6
41645_right,0,structured,"IMAGE QUALITY: Adequate
FINDINGS:
- Microaneurysms: Present
- Hemorrhages: Absent
- Hard exudates: Absent
- Cotton wool spots: Absent
- Venous beading or IRMA: Absent
- Neovascularization: Absent
- Vitreous or preretinal hemorrhage: Absent
SEVERITY GRADE: 1
SEVERITY LABEL: Mild NPDR
RECOMMENDATION: Follow up in 6 months to monitor for progression.
SUMMARY: The image shows microaneurysms, indicating mild non-proliferative diabetic retinopathy. No other significant findings are present.
",15.6
6429_left,0,structured,"IMAGE QUALITY: Adequate
FINDINGS:
- Microaneurysms: Present
- Hemorrhages: Absent
- Hard exudates: Absent
- Cotton wool spots: Absent
- Venous beading or IRMA: Absent
- Neovascularization: Absent
- Vitreous or preretinal hemorrhage: Absent
SEVERITY GRADE: 1
SEVERITY LABEL: Mild NPDR
RECOMMENDATION: Follow up in 6 months to monitor for progression.
SUMMARY: The image shows microaneurysms, indicating mild non-proliferative diabetic retinopathy. No other significant findings are present.
",15.8
20325_right,0,structured,"IMAGE QUALITY: Adequate
FINDINGS:
- Microaneurysms: Absent
- Hemorrhages: Absent
- Hard exudates: Absent
- Cotton wool spots: Absent
- Venous beading or IRMA: Absent
- Neovascularization: Absent
- Vitreous or preretinal hemorrhage: Absent
SEVERITY GRADE: 0
SEVERITY LABEL: No DR
RECOMMENDATION: Schedule a follow-up appointment in 6 months to monitor for any changes.
SUMMARY: The fundus image shows no signs of diabetic retinopathy. No microaneurysms, hemorrhages, or other abnormalities are present.
",16.1
14981_right,0,structured,"IMAGE QUALITY: Adequate
FINDINGS:
- Microaneurysms: Present
- Hemorrhages: Absent
- Hard exudates: Absent
- Cotton wool spots: Absent
- Venous beading or IRMA: Absent
- Neovascularization: Absent
- Vitreous or preretinal hemorrhage: Absent
SEVERITY GRADE: 1
SEVERITY LABEL: Mild NPDR
RECOMMENDATION: Follow up in 6 months to monitor for progression.
SUMMARY: The image shows microaneurysms, indicating mild non-proliferative diabetic retinopathy. No other significant findings are present.
",15.7
29407_right,0,structured,"IMAGE QUALITY: Adequate
FINDINGS:
- Microaneurysms: Present
- Hemorrhages: Absent
- Hard exudates: Absent
- Cotton wool spots: Absent
- Venous beading or IRMA: Absent
- Neovascularization: Absent
- Vitreous or preretinal hemorrhage: Absent
SEVERITY GRADE: 1
SEVERITY LABEL: Mild NPDR
RECOMMENDATION: Follow up in 6 months to monitor for progression.
SUMMARY: The image shows microaneurysms, indicating mild non-proliferative diabetic retinopathy. No other significant findings are present.
",15.7
29043_left,0,structured,"IMAGE QUALITY: Adequate
FINDINGS:
- Microaneurysms: Absent
- Hemorrhages: Absent
- Hard exudates: Absent
- Cotton wool spots: Absent
- Venous beading or IRMA: Absent
- Neovascularization: Absent
- Vitreous or preretinal hemorrhage: Absent
SEVERITY GRADE: 0
SEVERITY LABEL: No DR
RECOMMENDATION: Schedule a follow-up appointment in 6 months to monitor for any changes.
SUMMARY: The image shows no signs of diabetic retinopathy. The patient should be monitored regularly to detect any progression.
",15.5
41287_left,0,structured,"IMAGE QUALITY: Adequate
FINDINGS:
- Microaneurysms: Present
- Hemorrhages: Absent
- Hard exudates: Absent
- Cotton wool spots: Absent
- Venous beading or IRMA: Absent
- Neovascularization: Absent
- Vitreous or preretinal hemorrhage: Absent
SEVERITY GRADE: 1
SEVERITY LABEL: Mild NPDR
RECOMMENDATION: Follow up in 6 months to monitor for progression.
SUMMARY: The image shows microaneurysms, indicating mild non-proliferative diabetic retinopathy. No other significant findings are present.
",16.1
24542_left,0,structured,"IMAGE QUALITY: Adequate
FINDINGS:
- Microaneurysms: Present
- Hemorrhages: Absent
- Hard exudates: Absent
- Cotton wool spots: Absent
- Venous beading or IRMA: Absent
- Neovascularization: Absent
- Vitreous or preretinal hemorrhage: Absent
SEVERITY GRADE: 1
SEVERITY LABEL: Mild NPDR
RECOMMENDATION: Follow up in 6 months to monitor for progression.
SUMMARY: The image shows microaneurysms, indicating mild non-proliferative diabetic retinopathy. No other significant findings are present.
",15.7
5573_right,0,structured,"IMAGE QUALITY: Adequate
FINDINGS:
- Microaneurysms: Present
- Hemorrhages: Present
- Hard exudates: Absent
- Cotton wool spots: Absent
- Venous beading or IRMA: Absent
- Neovascularization: Absent
- Vitreous or preretinal hemorrhage: Absent
SEVERITY GRADE: 2
SEVERITY LABEL: Moderate NPDR
RECOMMENDATION: Follow up in 6 months to monitor for progression.
SUMMARY: The image shows microaneurysms and hemorrhages, indicating moderate non-proliferative diabetic retinopathy. Further monitoring is needed to assess for progression.
",16.2
1394_left,0,structured,"IMAGE QUALITY: Adequate
FINDINGS:
- Microaneurysms: Present
- Hemorrhages: Absent
- Hard exudates: Absent
- Cotton wool spots: Absent
- Venous beading or IRMA: Absent
- Neovascularization: Absent
- Vitreous or preretinal hemorrhage: Absent
SEVERITY GRADE: 1
SEVERITY LABEL: Mild NPDR
RECOMMENDATION: Follow up in 6 months to monitor for progression.
SUMMARY: The image shows microaneurysms, indicating mild non-proliferative diabetic retinopathy. There are no other significant findings.
",15.8
43816_left,0,structured,"IMAGE QUALITY: Adequate
FINDINGS:
- Microaneurysms: Absent
- Hemorrhages: Absent
- Hard exudates: Absent
- Cotton wool spots: Absent
- Venous beading or IRMA: Absent
- Neovascularization: Absent
- Vitreous or preretinal hemorrhage: Absent
SEVERITY GRADE: 0
SEVERITY LABEL: No DR
RECOMMENDATION: Schedule a follow-up appointment in 6 months to monitor for any changes.
SUMMARY: The fundus image shows no signs of diabetic retinopathy. The patient should be monitored regularly to detect any progression.
",15.7
34526_right,0,structured,"IMAGE QUALITY: Adequate
FINDINGS:
- Microaneurysms: Present
- Hemorrhages: Present
- Hard exudates: Present
- Cotton wool spots: Present
- Venous beading or IRMA: Absent
- Neovascularization: Absent
- Vitreous or preretinal hemorrhage: Absent
SEVERITY GRADE: 3
SEVERITY LABEL: Severe NPDR
RECOMMENDATION: Follow up with a comprehensive dilated fundus exam in 3 months.
SUMMARY: The image shows significant retinal findings, including microaneurysms, hemorrhages, hard exudates, and cotton wool spots. This indicates a high level of diabetic retinopathy.
",16.7
41804_left,1,structured,"IMAGE QUALITY: Adequate
FINDINGS:
- Microaneurysms: Present
- Hemorrhages: Absent
- Hard exudates: Absent
- Cotton wool spots: Absent
- Venous beading or IRMA: Absent
- Neovascularization: Absent
- Vitreous or preretinal hemorrhage: Absent
SEVERITY GRADE: 1
SEVERITY LABEL: Mild NPDR
RECOMMENDATION: Follow up in 6 months to monitor for progression.
SUMMARY: The image shows microaneurysms, indicating mild non-proliferative diabetic retinopathy. No other significant findings are present.
",15.8
20404_right,1,structured,"IMAGE QUALITY: Adequate
FINDINGS:
- Microaneurysms: Absent
- Hemorrhages: Absent
- Hard exudates: Absent
- Cotton wool spots: Absent
- Venous beading or IRMA: Absent
- Neovascularization: Absent
- Vitreous or preretinal hemorrhage: Absent
SEVERITY GRADE: 0
SEVERITY LABEL: No DR
RECOMMENDATION: Schedule a follow-up appointment in 6 months to monitor for any changes.
SUMMARY: The fundus image shows no signs of diabetic retinopathy. The patient should be monitored regularly to detect any progression.
",15.8
17317_left,1,structured,"IMAGE QUALITY: Adequate
FINDINGS:
- Microaneurysms: Absent
- Hemorrhages: Absent
- Hard exudates: Absent
- Cotton wool spots: Absent
- Venous beading or IRMA: Absent
- Neovascularization: Absent
- Vitreous or preretinal hemorrhage: Absent
SEVERITY GRADE: 0
SEVERITY LABEL: No DR
RECOMMENDATION: Schedule a follow-up examination in 6 months.
SUMMARY: The fundus image shows no signs of diabetic retinopathy. The patient should be monitored regularly to detect any changes.
",15.3
40757_right,1,structured,"IMAGE QUALITY: Adequate
FINDINGS:
- Microaneurysms: Absent
- Hemorrhages: Absent
- Hard exudates: Absent
- Cotton wool spots: Absent
- Venous beading or IRMA: Absent
- Neovascularization: Absent
- Vitreous or preretinal hemorrhage: Absent
SEVERITY GRADE: 0
SEVERITY LABEL: No DR
RECOMMENDATION: Schedule a follow-up eye exam in 6 months.
SUMMARY: The fundus image shows no signs of diabetic retinopathy. No microaneurysms, hemorrhages, or other abnormalities are present.
",15.9
41863_right,1,structured,"IMAGE QUALITY: Adequate
FINDINGS:
- Microaneurysms: Present
- Hemorrhages: Present
- Hard exudates: Present
- Cotton wool spots: Present
- Venous beading or IRMA: Absent
- Neovascularization: Absent
- Vitreous or preretinal hemorrhage: Absent
SEVERITY GRADE: 2
SEVERITY LABEL: Moderate NPDR
RECOMMENDATION: Follow up in 3 months to assess for progression.
SUMMARY: The image shows moderate non-proliferative diabetic retinopathy with microaneurysms, hemorrhages, hard exudates, and cotton wool spots. The patient should be monitored closely for progression.
",17.0
15855_right,1,structured,"IMAGE QUALITY: Adequate
FINDINGS:
- Microaneurysms: Present
- Hemorrhages: Absent
- Hard exudates: Absent
- Cotton wool spots: Absent
- Venous beading or IRMA: Absent
- Neovascularization: Absent
- Vitreous or preretinal hemorrhage: Absent
SEVERITY GRADE: 1
SEVERITY LABEL: Mild NPDR
RECOMMENDATION: Follow up in 6 months to monitor for progression.
SUMMARY: The image shows microaneurysms, indicating mild non-proliferative diabetic retinopathy. No other significant findings are present.
",15.9
8513_right,1,structured,"IMAGE QUALITY: Adequate
FINDINGS:
- Microaneurysms: Present
- Hemorrhages: Absent
- Hard exudates: Absent
- Cotton wool spots: Absent
- Venous beading or IRMA: Absent
- Neovascularization: Absent
- Vitreous or preretinal hemorrhage: Absent
SEVERITY GRADE: 1
SEVERITY LABEL: Mild NPDR
RECOMMENDATION: Follow up in 6 months to monitor for progression.
SUMMARY: The image shows microaneurysms, indicating mild non-proliferative diabetic retinopathy. No other significant findings are present.
",15.9
8889_left,1,structured,"IMAGE QUALITY: Adequate
FINDINGS:
- Microaneurysms: Absent
- Hemorrhages: Absent
- Hard exudates: Absent
- Cotton wool spots: Absent
- Venous beading or IRMA: Absent
- Neovascularization: Absent
- Vitreous or preretinal hemorrhage: Absent
SEVERITY GRADE: 0
SEVERITY LABEL: No DR
RECOMMENDATION: Schedule a follow-up eye exam in 6 months.
SUMMARY: The fundus image shows no signs of diabetic retinopathy. The patient should be monitored regularly to detect any changes.
",15.6
38163_left,1,structured,"IMAGE QUALITY: Adequate
FINDINGS:
- Microaneurysms: Absent
- Hemorrhages: Absent
- Hard exudates: Absent
- Cotton wool spots: Absent
- Venous beading or IRMA: Absent
- Neovascularization: Absent
- Vitreous or preretinal hemorrhage: Absent
SEVERITY GRADE: 0
SEVERITY LABEL: No DR
RECOMMENDATION: Schedule a follow-up examination in 6 months.
SUMMARY: The fundus image shows no signs of diabetic retinopathy. A follow-up examination is recommended in 6 months to monitor for any changes.
",15.9
16818_left,1,structured,"IMAGE QUALITY: Adequate
FINDINGS:
- Microaneurysms: Present
- Hemorrhages: Absent
- Hard exudates: Absent
- Cotton wool spots: Absent
- Venous beading or IRMA: Absent
- Neovascularization: Absent
- Vitreous or preretinal hemorrhage: Absent
SEVERITY GRADE: 1
SEVERITY LABEL: Mild NPDR
RECOMMENDATION: Follow up in 6 months to monitor for progression.
SUMMARY: The image shows microaneurysms, indicating mild non-proliferative diabetic retinopathy. No other significant findings are present.
",15.8
6175_right,1,structured,"IMAGE QUALITY: Adequate
FINDINGS:
- Microaneurysms: Present
- Hemorrhages: Present
- Hard exudates: Absent
- Cotton wool spots: Absent
- Venous beading or IRMA: Absent
- Neovascularization: Absent
- Vitreous or preretinal hemorrhage: Absent
SEVERITY GRADE: 2
SEVERITY LABEL: Moderate NPDR
RECOMMENDATION: Follow up in 6 months to monitor for progression.
SUMMARY: The image shows microaneurysms and hemorrhages, indicating moderate non-proliferative diabetic retinopathy. Further monitoring is recommended to assess for progression.
",16.3
13643_right,1,structured,"IMAGE QUALITY: Adequate
FINDINGS:
- Microaneurysms: Present
- Hemorrhages: Present
- Hard exudates: Absent
- Cotton wool spots: Absent
- Venous beading or IRMA: Absent
- Neovascularization: Absent
- Vitreous or preretinal hemorrhage: Absent
SEVERITY GRADE: 2
SEVERITY LABEL: Moderate NPDR
RECOMMENDATION: Follow up in 6 months to monitor for progression.
SUMMARY: The fundus image shows microaneurysms and hemorrhages, indicating moderate non-proliferative diabetic retinopathy. Further monitoring is recommended to assess for progression.
",16.3
43973_right,1,structured,"IMAGE QUALITY: Adequate
FINDINGS:
- Microaneurysms: Absent
- Hemorrhages: Absent
- Hard exudates: Absent
- Cotton wool spots: Absent
- Venous beading or IRMA: Absent
- Neovascularization: Absent
- Vitreous or preretinal hemorrhage: Absent
SEVERITY GRADE: 0
SEVERITY LABEL: No DR
RECOMMENDATION: Schedule a follow-up appointment in 6 months to monitor for any changes.
SUMMARY: The fundus image shows no signs of diabetic retinopathy. The patient should be monitored regularly to detect any progression.
",15.9
19859_right,1,structured,"IMAGE QUALITY: Adequate
FINDINGS:
- Microaneurysms: Present
- Hemorrhages: Present
- Hard exudates: Absent
- Cotton wool spots: Absent
- Venous beading or IRMA: Absent
- Neovascularization: Absent
- Vitreous or preretinal hemorrhage: Absent
SEVERITY GRADE: 2
SEVERITY LABEL: Moderate NPDR
RECOMMENDATION: Follow up in 6 months to monitor for progression.
SUMMARY: The image shows microaneurysms and hemorrhages, indicating moderate non-proliferative diabetic retinopathy. Further monitoring is needed to assess for progression.
",16.3
25203_left,1,structured,"IMAGE QUALITY: Adequate
FINDINGS:
- Microaneurysms: Absent
- Hemorrhages: Absent
- Hard exudates: Absent
- Cotton wool spots: Absent
- Venous beading or IRMA: Absent
- Neovascularization: Absent
- Vitreous or preretinal hemorrhage: Absent
SEVERITY GRADE: 0
SEVERITY LABEL: No DR
RECOMMENDATION: Schedule a follow-up appointment in 6 months to monitor for any changes.
SUMMARY: The fundus image shows no signs of diabetic retinopathy. No microaneurysms, hemorrhages, or other abnormalities are present.
",16.1
9959_right,1,structured,"IMAGE QUALITY: Adequate
FINDINGS:
- Microaneurysms: Present
- Hemorrhages: Absent
- Hard exudates: Absent
- Cotton wool spots: Absent
- Venous beading or IRMA: Absent
- Neovascularization: Absent
- Vitreous or preretinal hemorrhage: Absent
SEVERITY GRADE: 1
SEVERITY LABEL: Mild NPDR
RECOMMENDATION: Follow up in 6 months to monitor for progression.
SUMMARY: The image shows microaneurysms, indicating mild non-proliferative diabetic retinopathy. No other significant findings are present.
",15.9
16612_right,1,structured,"IMAGE QUALITY: Adequate
FINDINGS:
- Microaneurysms: Present
- Hemorrhages: Present
- Hard exudates: Absent
- Cotton wool spots: Absent
- Venous beading or IRMA: Absent
- Neovascularization: Absent
- Vitreous or preretinal hemorrhage: Absent
SEVERITY GRADE: 2
SEVERITY LABEL: Moderate NPDR
RECOMMENDATION: Follow up in 6 months to monitor for progression.
SUMMARY: The image shows moderate non-proliferative diabetic retinopathy with microaneurysms and hemorrhages. Further monitoring is needed to assess for progression.
",16.1
6772_left,1,structured,"IMAGE QUALITY: Adequate
FINDINGS:
- Microaneurysms: Present
- Hemorrhages: Present
- Hard exudates: Absent
- Cotton wool spots: Absent
- Venous beading or IRMA: Absent
- Neovascularization: Absent
- Vitreous or preretinal hemorrhage: Absent
SEVERITY GRADE: 2
SEVERITY LABEL: Moderate NPDR
RECOMMENDATION: Follow up in 6 months to monitor for progression.
SUMMARY: The image shows microaneurysms and hemorrhages, indicating moderate non-proliferative diabetic retinopathy. Further monitoring is needed to assess for progression.
",16.2
10297_right,1,structured,"IMAGE QUALITY: Adequate
FINDINGS:
- Microaneurysms: Absent
- Hemorrhages: Absent
- Hard exudates: Absent
- Cotton wool spots: Absent
- Venous beading or IRMA: Absent
- Neovascularization: Absent
- Vitreous or preretinal hemorrhage: Absent
SEVERITY GRADE: 0
SEVERITY LABEL: No DR
RECOMMENDATION: Schedule a follow-up eye exam in 6 months.
SUMMARY: The fundus image shows no signs of diabetic retinopathy. The patient should be monitored regularly to detect any changes.
",15.6
1932_right,1,structured,"IMAGE QUALITY: Adequate
FINDINGS:
- Microaneurysms: Present
- Hemorrhages: Absent
- Hard exudates: Absent
- Cotton wool spots: Absent
- Venous beading or IRMA: Absent
- Neovascularization: Absent
- Vitreous or preretinal hemorrhage: Absent
SEVERITY GRADE: 1
SEVERITY LABEL: Mild NPDR
RECOMMENDATION: Follow up in 6 months to monitor for progression.
SUMMARY: The image shows microaneurysms, indicating mild non-proliferative diabetic retinopathy. No other significant findings are present.
",15.9
4885_right,1,structured,"IMAGE QUALITY: Adequate
FINDINGS:
- Microaneurysms: Present
- Hemorrhages: Present
- Hard exudates: Absent
- Cotton wool spots: Absent
- Venous beading or IRMA: Absent
- Neovascularization: Absent
- Vitreous or preretinal hemorrhage: Absent
SEVERITY GRADE: 2
SEVERITY LABEL: Moderate NPDR
RECOMMENDATION: Follow up in 6 months to monitor for progression.
SUMMARY: The image shows microaneurysms and hemorrhages, indicating moderate non-proliferative diabetic retinopathy. Further monitoring is needed to assess for progression.
",16.1
20019_left,1,structured,"IMAGE QUALITY: Adequate
FINDINGS:
- Microaneurysms: Present
- Hemorrhages: Present
- Hard exudates: Absent
- Cotton wool spots: Absent
- Venous beading or IRMA: Absent
- Neovascularization: Absent
- Vitreous or preretinal hemorrhage: Absent
SEVERITY GRADE: 2
SEVERITY LABEL: Moderate NPDR
RECOMMENDATION: Follow up in 6 months to monitor for progression.
SUMMARY: The image shows microaneurysms and hemorrhages, indicating moderate non-proliferative diabetic retinopathy. Further monitoring is needed to assess for progression.
",16.3
32307_left,1,structured,"IMAGE QUALITY: Adequate
FINDINGS:
- Microaneurysms: Present
- Hemorrhages: Present
- Hard exudates: Absent
- Cotton wool spots: Absent
- Venous beading or IRMA: Absent
- Neovascularization: Absent
- Vitreous or preretinal hemorrhage: Absent
SEVERITY GRADE: 2
SEVERITY LABEL: Moderate NPDR
RECOMMENDATION: Follow up in 3 months to monitor for progression.
SUMMARY: The image shows moderate non-proliferative diabetic retinopathy with microaneurysms and hemorrhages. Further evaluation is needed to assess for progression.
",16.2
19849_right,1,structured,"IMAGE QUALITY: Adequate
FINDINGS:
- Microaneurysms: Present
- Hemorrhages: Absent
- Hard exudates: Absent
- Cotton wool spots: Absent
- Venous beading or IRMA: Absent
- Neovascularization: Absent
- Vitreous or preretinal hemorrhage: Absent
SEVERITY GRADE: 1
SEVERITY LABEL: Mild NPDR
RECOMMENDATION: Follow up in 6 months to monitor for progression.
SUMMARY: The image shows microaneurysms, indicating mild non-proliferative diabetic retinopathy. No other significant findings are present.
",16.7
42615_left,1,structured,"IMAGE QUALITY: Adequate
FINDINGS:
- Microaneurysms: Present
- Hemorrhages: Absent
- Hard exudates: Absent
- Cotton wool spots: Absent
- Venous beading or IRMA: Absent
- Neovascularization: Absent
- Vitreous or preretinal hemorrhage: Absent
SEVERITY GRADE: 2
SEVERITY LABEL: Moderate NPDR
RECOMMENDATION: Follow up in 6 months to monitor for progression.
SUMMARY: The image shows microaneurysms, indicating moderate non-proliferative diabetic retinopathy. No other significant findings are present.
",16.0
28455_right,1,structured,"IMAGE QUALITY: Adequate
FINDINGS:
- Microaneurysms: Present
- Hemorrhages: Absent
- Hard exudates: Absent
- Cotton wool spots: Absent
- Venous beading or IRMA: Absent
- Neovascularization: Absent
- Vitreous or preretinal hemorrhage: Absent
SEVERITY GRADE: 1
SEVERITY LABEL: Mild NPDR
RECOMMENDATION: Follow up in 6 months to monitor for progression.
SUMMARY: The image shows microaneurysms, indicating mild non-proliferative diabetic retinopathy. No other significant findings are present.
",15.7
12070_right,1,structured,"IMAGE QUALITY: Adequate
FINDINGS:
- Microaneurysms: Absent
- Hemorrhages: Absent
- Hard exudates: Absent
- Cotton wool spots: Absent
- Venous beading or IRMA: Absent
- Neovascularization: Absent
- Vitreous or preretinal hemorrhage: Absent
SEVERITY GRADE: 0
SEVERITY LABEL: No DR
RECOMMENDATION: Follow up in 6 months.
SUMMARY: The fundus appears normal. No signs of diabetic retinopathy are present.
",14.4
5994_right,1,structured,"IMAGE QUALITY: Adequate
FINDINGS:
- Microaneurysms: Present
- Hemorrhages: Absent
- Hard exudates: Absent
- Cotton wool spots: Absent
- Venous beading or IRMA: Absent
- Neovascularization: Absent
- Vitreous or preretinal hemorrhage: Absent
SEVERITY GRADE: 1
SEVERITY LABEL: Mild NPDR
RECOMMENDATION: Follow up in 6 months to monitor for progression.
SUMMARY: The image shows microaneurysms, indicating mild non-proliferative diabetic retinopathy. No other significant findings are present.
",15.8
14825_right,1,structured,"IMAGE QUALITY: Adequate
FINDINGS:
- Microaneurysms: Absent
- Hemorrhages: Absent
- Hard exudates: Absent
- Cotton wool spots: Absent
- Venous beading or IRMA: Absent
- Neovascularization: Absent
- Vitreous or preretinal hemorrhage: Absent
SEVERITY GRADE: 0
SEVERITY LABEL: No DR
RECOMMENDATION: Schedule a follow-up appointment in 6 months to monitor for any changes.
SUMMARY: The fundus image shows no signs of diabetic retinopathy. A follow-up appointment is recommended to monitor for any future development of diabetic retinopathy.
",16.2
21294_right,1,structured,"IMAGE QUALITY: Adequate
FINDINGS:
- Microaneurysms: Present
- Hemorrhages: Absent
- Hard exudates: Absent
- Cotton wool spots: Absent
- Venous beading or IRMA: Absent
- Neovascularization: Absent
- Vitreous or preretinal hemorrhage: Absent
SEVERITY GRADE: 1
SEVERITY LABEL: Mild NPDR
RECOMMENDATION: Follow up in 6 months to monitor for progression.
SUMMARY: The image shows microaneurysms, indicating mild non-proliferative diabetic retinopathy. No other significant findings are present.
",15.9
2034_left,1,structured,"IMAGE QUALITY: Adequate
FINDINGS:
- Microaneurysms: Present
- Hemorrhages: Present
- Hard exudates: Absent
- Cotton wool spots: Absent
- Venous beading or IRMA: Absent
- Neovascularization: Absent
- Vitreous or preretinal hemorrhage: Absent
SEVERITY GRADE: 2
SEVERITY LABEL: Moderate NPDR
RECOMMENDATION: Schedule a follow-up appointment in 6 months to monitor for progression.
SUMMARY: The image shows moderate non-proliferative diabetic retinopathy with microaneurysms and hemorrhages. Further monitoring is needed to assess for progression.
",16.6
43291_left,1,structured,"IMAGE QUALITY: Adequate
FINDINGS:
- Microaneurysms: Absent
- Hemorrhages: Absent
- Hard exudates: Absent
- Cotton wool spots: Absent
- Venous beading or IRMA: Absent
- Neovascularization: Absent
- Vitreous or preretinal hemorrhage: Absent
SEVERITY GRADE: 0
SEVERITY LABEL: No DR
RECOMMENDATION: Schedule a follow-up appointment in 6 months to monitor for progression.
SUMMARY: The image shows no signs of diabetic retinopathy. The patient should be monitored regularly to detect any changes.
",15.6
24668_right,1,structured,"IMAGE QUALITY: Adequate
FINDINGS:
- Microaneurysms: Present
- Hemorrhages: Present
- Hard exudates: Absent
- Cotton wool spots: Absent
- Venous beading or IRMA: Absent
- Neovascularization: Absent
- Vitreous or preretinal hemorrhage: Absent
SEVERITY GRADE: 2
SEVERITY LABEL: Moderate NPDR
RECOMMENDATION: Follow up in 6 months to monitor for progression.
SUMMARY: The image shows moderate non-proliferative diabetic retinopathy with microaneurysms and hemorrhages. Further monitoring is recommended to assess for progression.
",16.1
27534_right,1,structured,"IMAGE QUALITY: Adequate
FINDINGS:
- Microaneurysms: Present
- Hemorrhages: Absent
- Hard exudates: Absent
- Cotton wool spots: Absent
- Venous beading or IRMA: Absent
- Neovascularization: Absent
- Vitreous or preretinal hemorrhage: Absent
SEVERITY GRADE: 1
SEVERITY LABEL: Mild NPDR
RECOMMENDATION: Follow up in 6 months to monitor for progression.
SUMMARY: The image shows microaneurysms, indicating mild non-proliferative diabetic retinopathy. There are no other significant findings.
",15.8
3587_right,1,structured,"IMAGE QUALITY: Adequate
FINDINGS:
- Microaneurysms: Present
- Hemorrhages: Present
- Hard exudates: Absent
- Cotton wool spots: Absent
- Venous beading or IRMA: Absent
- Neovascularization: Absent
- Vitreous or preretinal hemorrhage: Absent
SEVERITY GRADE: 2
SEVERITY LABEL: Moderate NPDR
RECOMMENDATION: Follow up in 6 months to monitor for progression.
SUMMARY: The image shows microaneurysms and hemorrhages, indicating moderate non-proliferative diabetic retinopathy. Further monitoring is needed to assess for progression.
",16.2
17732_right,1,structured,"IMAGE QUALITY: Adequate
FINDINGS:
- Microaneurysms: Present
- Hemorrhages: Absent
- Hard exudates: Absent
- Cotton wool spots: Absent
- Venous beading or IRMA: Absent
- Neovascularization: Absent
- Vitreous or preretinal hemorrhage: Absent
SEVERITY GRADE: 1
SEVERITY LABEL: Mild NPDR
RECOMMENDATION: Follow up in 6 months to monitor for progression.
SUMMARY: The image shows microaneurysms, indicating mild non-proliferative diabetic retinopathy. No other significant findings are present.
",16.5
21513_right,1,structured,"IMAGE QUALITY: Adequate
FINDINGS:
- Microaneurysms: Present
- Hemorrhages: Present
- Hard exudates: Absent
- Cotton wool spots: Absent
- Venous beading or IRMA: Absent
- Neovascularization: Absent
- Vitreous or preretinal hemorrhage: Absent
SEVERITY GRADE: 2
SEVERITY LABEL: Moderate NPDR
RECOMMENDATION: Follow up in 6 months to monitor for progression.
SUMMARY: The image shows moderate non-proliferative diabetic retinopathy with microaneurysms and hemorrhages. No signs of severe features or neovascularization are present.
",16.4
24299_left,1,structured,"IMAGE QUALITY: Adequate
FINDINGS:
- Microaneurysms: Present
- Hemorrhages: Present
- Hard exudates: Absent
- Cotton wool spots: Absent
- Venous beading or IRMA: Absent
- Neovascularization: Absent
- Vitreous or preretinal hemorrhage: Absent
SEVERITY GRADE: 2
SEVERITY LABEL: Moderate NPDR
RECOMMENDATION: Follow up in 6 months to monitor for progression.
SUMMARY: The image shows moderate non-proliferative diabetic retinopathy with microaneurysms and hemorrhages. Further evaluation is needed to assess for progression.
",16.1
28905_left,1,structured,"IMAGE QUALITY: Adequate
FINDINGS:
- Microaneurysms: Present
- Hemorrhages: Absent
- Hard exudates: Absent
- Cotton wool spots: Absent
- Venous beading or IRMA: Absent
- Neovascularization: Absent
- Vitreous or preretinal hemorrhage: Absent
SEVERITY GRADE: 1
SEVERITY LABEL: Mild NPDR
RECOMMENDATION: Follow up in 6 months to monitor for progression.
SUMMARY: The image shows microaneurysms, indicating mild non-proliferative diabetic retinopathy. No other significant findings are present.
",15.8
25458_left,1,structured,"IMAGE QUALITY: Adequate
FINDINGS:
- Microaneurysms: Present
- Hemorrhages: Absent
- Hard exudates: Absent
- Cotton wool spots: Absent
- Venous beading or IRMA: Absent
- Neovascularization: Absent
- Vitreous or preretinal hemorrhage: Absent
SEVERITY GRADE: 1
SEVERITY LABEL: Mild NPDR
RECOMMENDATION: Follow up in 6 months to monitor for progression.
SUMMARY: The image shows microaneurysms, indicating mild non-proliferative diabetic retinopathy. No other significant findings are present.
",16.4
4524_right,1,structured,"IMAGE QUALITY: Adequate
FINDINGS:
- Microaneurysms: Absent
- Hemorrhages: Absent
- Hard exudates: Absent
- Cotton wool spots: Absent
- Venous beading or IRMA: Absent
- Neovascularization: Absent
- Vitreous or preretinal hemorrhage: Absent
SEVERITY GRADE: 0
SEVERITY LABEL: No DR
RECOMMENDATION: Schedule a follow-up eye exam in 6 months.
SUMMARY: The image shows no signs of diabetic retinopathy. The patient should be monitored regularly to detect any changes.
",15.4
13333_right,1,structured,"IMAGE QUALITY: Adequate
FINDINGS:
- Microaneurysms: Present
- Hemorrhages: Absent
- Hard exudates: Absent
- Cotton wool spots: Absent
- Venous beading or IRMA: Absent
- Neovascularization: Absent
- Vitreous or preretinal hemorrhage: Absent
SEVERITY GRADE: 3
SEVERITY LABEL: Severe NPDR
RECOMMENDATION: Follow up in 3 months to monitor for progression.
SUMMARY: The image shows a fundus with numerous microaneurysms, indicating severe non-proliferative diabetic retinopathy. There are no signs of neovascularization or significant hemorrhages.
",16.7
26319_right,1,structured,"IMAGE QUALITY: Adequate
FINDINGS:
- Microaneurysms: Present
- Hemorrhages: Present
- Hard exudates: Absent
- Cotton wool spots: Absent
- Venous beading or IRMA: Absent
- Neovascularization: Absent
- Vitreous or preretinal hemorrhage: Absent
SEVERITY GRADE: 2
SEVERITY LABEL: Moderate NPDR
RECOMMENDATION: Follow up in 6 months to monitor for progression.
SUMMARY: The image shows moderate non-proliferative diabetic retinopathy with microaneurysms and hemorrhages. Further monitoring is recommended to assess for progression.
",16.3
30146_right,1,structured,"IMAGE QUALITY: Adequate
FINDINGS:
- Microaneurysms: Absent
- Hemorrhages: Absent
- Hard exudates: Absent
- Cotton wool spots: Absent
- Venous beading or IRMA: Absent
- Neovascularization: Absent
- Vitreous or preretinal hemorrhage: Absent
SEVERITY GRADE: 0
SEVERITY LABEL: No DR
RECOMMENDATION: Schedule a follow-up appointment in 6 months to monitor for any changes.
SUMMARY: The fundus image shows no signs of diabetic retinopathy. The patient should be monitored regularly to detect any progression.
",16.0
26487_right,1,structured,"IMAGE QUALITY: Adequate
FINDINGS:
- Microaneurysms: Present
- Hemorrhages: Absent
- Hard exudates: Absent
- Cotton wool spots: Absent
- Venous beading or IRMA: Absent
- Neovascularization: Absent
- Vitreous or preretinal hemorrhage: Absent
SEVERITY GRADE: 1
SEVERITY LABEL: Mild NPDR
RECOMMENDATION: Follow up in 6 months to monitor for progression.
SUMMARY: The image shows microaneurysms, indicating mild non-proliferative diabetic retinopathy. No other significant findings are present.
",15.9
20784_left,1,structured,"IMAGE QUALITY: Adequate
FINDINGS:
- Microaneurysms: Present
- Hemorrhages: Absent
- Hard exudates: Absent
- Cotton wool spots: Absent
- Venous beading or IRMA: Absent
- Neovascularization: Absent
- Vitreous or preretinal hemorrhage: Absent
SEVERITY GRADE: 1
SEVERITY LABEL: Mild NPDR
RECOMMENDATION: Follow up in 6 months to monitor for progression.
SUMMARY: The image shows microaneurysms, indicating mild non-proliferative diabetic retinopathy. There are no other significant findings.
",15.8
37675_right,1,structured,"IMAGE QUALITY: Adequate
FINDINGS:
- Microaneurysms: Absent
- Hemorrhages: Absent
- Hard exudates: Absent
- Cotton wool spots: Absent
- Venous beading or IRMA: Absent
- Neovascularization: Absent
- Vitreous or preretinal hemorrhage: Absent
SEVERITY GRADE: 0
SEVERITY LABEL: No DR
RECOMMENDATION: Schedule a follow-up eye exam in 6 months.
SUMMARY: The image shows no signs of diabetic retinopathy. The fundus appears normal. A follow-up exam is recommended to monitor for any future changes.
",16.0
27223_left,1,structured,"IMAGE QUALITY: Adequate
FINDINGS:
- Microaneurysms: Present
- Hemorrhages: Present
- Hard exudates: Absent
- Cotton wool spots: Absent
- Venous beading or IRMA: Absent
- Neovascularization: Absent
- Vitreous or preretinal hemorrhage: Absent
SEVERITY GRADE: 2
SEVERITY LABEL: Moderate NPDR
RECOMMENDATION: Follow up in 6 months to monitor for progression.
SUMMARY: The image shows moderate non-proliferative diabetic retinopathy with microaneurysms and hemorrhages. Further evaluation is needed to assess for progression.
",16.1
12547_right,1,structured,"IMAGE QUALITY: Adequate
FINDINGS:
- Microaneurysms: Present
- Hemorrhages: Absent
- Hard exudates: Absent
- Cotton wool spots: Absent
- Venous beading or IRMA: Absent
- Neovascularization: Absent
- Vitreous or preretinal hemorrhage: Absent
SEVERITY GRADE: 2
SEVERITY LABEL: Moderate NPDR
RECOMMENDATION: Follow up in 6 months to monitor for progression.
SUMMARY: The image shows microaneurysms, indicating moderate non-proliferative diabetic retinopathy. There are no other significant findings.
",15.9
19075_right,1,structured,"IMAGE QUALITY: Adequate
FINDINGS:
- Microaneurysms: Present
- Hemorrhages: Present
- Hard exudates: Absent
- Cotton wool spots: Absent
- Venous beading or IRMA: Absent
- Neovascularization: Absent
- Vitreous or preretinal hemorrhage: Absent
SEVERITY GRADE: 2
SEVERITY LABEL: Moderate NPDR
RECOMMENDATION: Follow up in 6 months to monitor for progression.
SUMMARY: The image shows microaneurysms and hemorrhages, indicating moderate non-proliferative diabetic retinopathy. Further monitoring is needed to assess for progression.
",16.9
4698_right,2,structured,"IMAGE QUALITY: Adequate
FINDINGS:
- Microaneurysms: Present
- Hemorrhages: Present
- Hard exudates: Absent
- Cotton wool spots: Absent
- Venous beading or IRMA: Absent
- Neovascularization: Absent
- Vitreous or preretinal hemorrhage: Absent
SEVERITY GRADE: 2
SEVERITY LABEL: Moderate NPDR
RECOMMENDATION: Follow up in 6 months to monitor for progression.
SUMMARY: The image shows moderate non-proliferative diabetic retinopathy with microaneurysms and hemorrhages. No signs of severe features or neovascularization are present.
",16.2
17139_left,2,structured,"IMAGE QUALITY: Adequate
FINDINGS:
- Microaneurysms: Present
- Hemorrhages: Present
- Hard exudates: Absent
- Cotton wool spots: Absent
- Venous beading or IRMA: Absent
- Neovascularization: Absent
- Vitreous or preretinal hemorrhage: Absent
SEVERITY GRADE: 2
SEVERITY LABEL: Moderate NPDR
RECOMMENDATION: Follow up in 6 months to monitor for progression.
SUMMARY: The image shows microaneurysms and hemorrhages, indicating moderate non-proliferative diabetic retinopathy. Further monitoring is needed to assess for progression.
",16.4
31568_right,2,structured,"IMAGE QUALITY: Adequate
FINDINGS:
- Microaneurysms: Present
- Hemorrhages: Present
- Hard exudates: Present
- Cotton wool spots: Present
- Venous beading or IRMA: Present
- Neovascularization: Absent
- Vitreous or preretinal hemorrhage: Absent
SEVERITY GRADE: 3
SEVERITY LABEL: Severe NPDR
RECOMMENDATION: Follow up in 3 months to monitor for progression.
SUMMARY: The image shows significant diabetic retinopathy with microaneurysms, hemorrhages, hard exudates, cotton wool spots, and venous beading. This indicates a high risk of progression.
",16.6
33323_left,2,structured,"IMAGE QUALITY: Adequate
FINDINGS:
- Microaneurysms: Present
- Hemorrhages: Present
- Hard exudates: Present
- Cotton wool spots: Present
- Venous beading or IRMA: Present
- Neovascularization: Absent
- Vitreous or preretinal hemorrhage: Absent
SEVERITY GRADE: 4
SEVERITY LABEL: Proliferative DR
RECOMMENDATION: Follow up with a retinal specialist for further evaluation and management.
SUMMARY: The image shows significant diabetic retinopathy with neovascularization, hemorrhages, and exudates. This indicates a high risk for vision loss and requires prompt specialist attention.
",16.3
2011_left,2,structured,"IMAGE QUALITY: Adequate
FINDINGS:
- Microaneurysms: Present
- Hemorrhages: Present
- Hard exudates: Absent
- Cotton wool spots: Absent
- Venous beading or IRMA: Absent
- Neovascularization: Absent
- Vitreous or preretinal hemorrhage: Absent
SEVERITY GRADE: 2
SEVERITY LABEL: Moderate NPDR
RECOMMENDATION: Follow up in 6 months to monitor for progression.
SUMMARY: The image shows microaneurysms and hemorrhages, indicating moderate non-proliferative diabetic retinopathy. Further monitoring is recommended to assess for progression.
",16.2
12536_left,2,structured,"IMAGE QUALITY: Adequate
FINDINGS:
- Microaneurysms: Present
- Hemorrhages: Present
- Hard exudates: Absent
- Cotton wool spots: Absent
- Venous beading or IRMA: Absent
- Neovascularization: Absent
- Vitreous or preretinal hemorrhage: Absent
SEVERITY GRADE: 2
SEVERITY LABEL: Moderate NPDR
RECOMMENDATION: Follow up in 6 months to monitor for progression.
SUMMARY: The image shows moderate non-proliferative diabetic retinopathy with microaneurysms and hemorrhages. No signs of severe features or neovascularization are present.
",16.2
40980_left,2,structured,"IMAGE QUALITY: Adequate
FINDINGS:
- Microaneurysms: Present
- Hemorrhages: Present
- Hard exudates: Absent
- Cotton wool spots: Present
- Venous beading or IRMA: Absent
- Neovascularization: Absent
- Vitreous or preretinal hemorrhage: Absent
SEVERITY GRADE: 2
SEVERITY LABEL: Moderate NPDR
RECOMMENDATION: Follow up in 6 months to monitor for progression.
SUMMARY: The image shows moderate non-proliferative diabetic retinopathy with microaneurysms, hemorrhages, and cotton wool spots. Further evaluation is needed to assess for progression.
",16.5
39192_left,2,structured,"IMAGE QUALITY: Adequate
FINDINGS:
- Microaneurysms: Present
- Hemorrhages: Present
- Hard exudates: Present
- Cotton wool spots: Present
- Venous beading or IRMA: Absent
- Neovascularization: Absent
- Vitreous or preretinal hemorrhage: Absent
SEVERITY GRADE: 2
SEVERITY LABEL: Moderate NPDR
RECOMMENDATION: Follow up in 3 months to monitor for progression.
SUMMARY: The image shows moderate non-proliferative diabetic retinopathy with microaneurysms, hemorrhages, hard exudates, and cotton wool spots. The patient should be monitored closely for progression.
",17.0
40213_right,2,structured,"IMAGE QUALITY: Adequate
FINDINGS:
- Microaneurysms: Present
- Hemorrhages: Present
- Hard exudates: Present
- Cotton wool spots: Present
- Venous beading or IRMA: Present
- Neovascularization: Absent
- Vitreous or preretinal hemorrhage: Absent
SEVERITY GRADE: 4
SEVERITY LABEL: Proliferative DR
RECOMMENDATION: Schedule a follow-up appointment to monitor for progression and manage complications.
SUMMARY: This image shows significant retinal findings, including microaneurysms, hemorrhages, cotton wool spots, venous beading, and neovascularization. This indicates a high-risk diabetic retinopathy.
",17.2
40622_left,2,structured,"IMAGE QUALITY: Adequate
FINDINGS:
- Microaneurysms: Present
- Hemorrhages: Absent
- Hard exudates: Absent
- Cotton wool spots: Absent
- Venous beading or IRMA: Absent
- Neovascularization: Absent
- Vitreous or preretinal hemorrhage: Absent
SEVERITY GRADE: 2
SEVERITY LABEL: Moderate NPDR
RECOMMENDATION: Follow up in 6 months to monitor for progression.
SUMMARY: The image shows microaneurysms, indicating moderate non-proliferative diabetic retinopathy. No other significant findings are present.
",15.5
27379_left,2,structured,"IMAGE QUALITY: Adequate
FINDINGS:
- Microaneurysms: Present
- Hemorrhages: Absent
- Hard exudates: Absent
- Cotton wool spots: Absent
- Venous beading or IRMA: Absent
- Neovascularization: Absent
- Vitreous or preretinal hemorrhage: Absent
SEVERITY GRADE: 1
SEVERITY LABEL: Mild NPDR
RECOMMENDATION: Follow up in 6 months to monitor for progression.
SUMMARY: The image shows microaneurysms, indicating mild non-proliferative diabetic retinopathy. No other significant findings are present.
",15.6
16038_left,2,structured,"IMAGE QUALITY: Adequate
FINDINGS:
- Microaneurysms: Present
- Hemorrhages: Present
- Hard exudates: Present
- Cotton wool spots: Absent
- Venous beading or IRMA: Absent
- Neovascularization: Absent
- Vitreous or preretinal hemorrhage: Absent
SEVERITY GRADE: 2
SEVERITY LABEL: Moderate NPDR
RECOMMENDATION: Follow up in 6 months to monitor for progression.
SUMMARY: The image shows moderate non-proliferative diabetic retinopathy with microaneurysms, hemorrhages, and hard exudates. Further evaluation is needed to monitor for progression.
",16.4
22043_left,2,structured,"IMAGE QUALITY: Adequate
FINDINGS:
- Microaneurysms: Present
- Hemorrhages: Present
- Hard exudates: Present
- Cotton wool spots: Present
- Venous beading or IRMA: Present
- Neovascularization: Absent
- Vitreous or preretinal hemorrhage: Absent
SEVERITY GRADE: 4
SEVERITY LABEL: Proliferative DR
RECOMMENDATION: Follow up with a retinal specialist for further evaluation and management.
SUMMARY: This image shows significant retinal hemorrhages, cotton wool spots, and venous beading, indicating a high level of diabetic retinopathy. The presence of neovascularization suggests a proliferative stage.
",16.7
9528_right,2,structured,"IMAGE QUALITY: Adequate
FINDINGS:
- Microaneurysms: Present
- Hemorrhages: Present
- Hard exudates: Present
- Cotton wool spots: Present
- Venous beading or IRMA: Present
- Neovascularization: Absent
- Vitreous or preretinal hemorrhage: Absent
SEVERITY GRADE: 3
SEVERITY LABEL: Severe NPDR
RECOMMENDATION: Follow up in 3 months to assess for progression.
SUMMARY: The image shows significant microaneurysms, hemorrhages, hard exudates, cotton wool spots, and venous beading. This indicates severe non-proliferative diabetic retinopathy.
",16.7
6276_right,2,structured,"IMAGE QUALITY: Adequate
FINDINGS:
- Microaneurysms: Present
- Hemorrhages: Present
- Hard exudates: Present
- Cotton wool spots: Present
- Venous beading or IRMA: Absent
- Neovascularization: Absent
- Vitreous or preretinal hemorrhage: Absent
SEVERITY GRADE: 2
SEVERITY LABEL: Moderate NPDR
RECOMMENDATION: Follow up in 6 months to monitor for progression.
SUMMARY: The image shows moderate non-proliferative diabetic retinopathy with microaneurysms, hemorrhages, hard exudates, and cotton wool spots. Further monitoring is needed to assess for progression.
",16.9
42392_left,2,structured,"IMAGE QUALITY: Adequate
FINDINGS:
- Microaneurysms: Present
- Hemorrhages: Present
- Hard exudates: Present
- Cotton wool spots: Present
- Venous beading or IRMA: Absent
- Neovascularization: Absent
- Vitreous or preretinal hemorrhage: Absent
SEVERITY GRADE: 2
SEVERITY LABEL: Moderate NPDR
RECOMMENDATION: Follow up in 3 months to monitor for progression.
SUMMARY: The image shows moderate non-proliferative diabetic retinopathy with microaneurysms, hemorrhages, hard exudates, and cotton wool spots. Further monitoring is needed to assess for progression.
",16.9
21192_left,2,structured,"IMAGE QUALITY: Adequate
FINDINGS:
- Microaneurysms: Present
- Hemorrhages: Present
- Hard exudates: Absent
- Cotton wool spots: Absent
- Venous beading or IRMA: Absent
- Neovascularization: Absent
- Vitreous or preretinal hemorrhage: Absent
SEVERITY GRADE: 2
SEVERITY LABEL: Moderate NPDR
RECOMMENDATION: Follow up in 6 months to monitor for progression.
SUMMARY: The image shows microaneurysms and hemorrhages, indicating moderate non-proliferative diabetic retinopathy. Further monitoring is needed to assess for progression.
",16.2
9232_left,2,structured,"IMAGE QUALITY: Adequate
FINDINGS:
- Microaneurysms: Absent
- Hemorrhages: Absent
- Hard exudates: Absent
- Cotton wool spots: Absent
- Venous beading or IRMA: Absent
- Neovascularization: Absent
- Vitreous or preretinal hemorrhage: Absent
SEVERITY GRADE: 0
SEVERITY LABEL: No DR
RECOMMENDATION: Schedule a follow-up examination in 6 months.
SUMMARY: The fundus image shows no signs of diabetic retinopathy. A follow-up examination is recommended in 6 months to monitor for any changes.
",15.9
38935_left,2,structured,"IMAGE QUALITY: Adequate
FINDINGS:
- Microaneurysms: Present
- Hemorrhages: Present
- Hard exudates: Absent
- Cotton wool spots: Absent
- Venous beading or IRMA: Absent
- Neovascularization: Absent
- Vitreous or preretinal hemorrhage: Absent
SEVERITY GRADE: 2
SEVERITY LABEL: Moderate NPDR
RECOMMENDATION: Follow up in 6 months to monitor for progression.
SUMMARY: The image shows moderate non-proliferative diabetic retinopathy with microaneurysms and hemorrhages. Further monitoring is recommended to assess for progression.
",16.0
15074_left,2,structured,"IMAGE QUALITY: Adequate
FINDINGS:
- Microaneurysms: Present
- Hemorrhages: Present
- Hard exudates: Present
- Cotton wool spots: Absent
- Venous beading or IRMA: Absent
- Neovascularization: Absent
- Vitreous or preretinal hemorrhage: Absent
SEVERITY GRADE: 2
SEVERITY LABEL: Moderate NPDR
RECOMMENDATION: Follow up in 6 months to monitor for progression.
SUMMARY: The image shows moderate non-proliferative diabetic retinopathy with microaneurysms, hemorrhages, and hard exudates. Further monitoring is recommended to assess for progression.
",16.5
28387_right,2,structured,"IMAGE QUALITY: Adequate
FINDINGS:
- Microaneurysms: Present
- Hemorrhages: Present
- Hard exudates: Present
- Cotton wool spots: Absent
- Venous beading or IRMA: Absent
- Neovascularization: Absent
- Vitreous or preretinal hemorrhage: Absent
SEVERITY GRADE: 2
SEVERITY LABEL: Moderate NPDR
RECOMMENDATION: Follow up in 6 months to monitor for progression.
SUMMARY: The image shows microaneurysms, hemorrhages, and hard exudates, indicating moderate non-proliferative diabetic retinopathy. Further evaluation is needed to assess the progression of the disease.
",16.8
39981_right,2,structured,"IMAGE QUALITY: Adequate
FINDINGS:
- Microaneurysms: Present
- Hemorrhages: Present
- Hard exudates: Present
- Cotton wool spots: Present
- Venous beading or IRMA: Present
- Neovascularization: Absent
- Vitreous or preretinal hemorrhage: Present
SEVERITY GRADE: 4
SEVERITY LABEL: Proliferative DR
RECOMMENDATION: Schedule a comprehensive dilated fundus examination with optical coherence tomography (OCT) and fluorescein angiography (FA) to assess the extent of neovascularization and guide treatment decisions.
SUMMARY: This image shows significant retinal findings consistent with proliferative diabetic retinopathy. There are numerous microaneurysms, hemorrhages, hard exudates, cotton wool spots, venous beading, and vitreous hemorrhage.
",19.2
35270_right,2,structured,"IMAGE QUALITY: Adequate
FINDINGS:
- Microaneurysms: Present
- Hemorrhages: Present
- Hard exudates: Absent
- Cotton wool spots: Absent
- Venous beading or IRMA: Absent
- Neovascularization: Absent
- Vitreous or preretinal hemorrhage: Absent
SEVERITY GRADE: 2
SEVERITY LABEL: Moderate NPDR
RECOMMENDATION: Follow up in 6 months to monitor for progression.
SUMMARY: The image shows microaneurysms and hemorrhages, indicating moderate non-proliferative diabetic retinopathy. Further monitoring is needed to assess for progression.
",16.1
28344_right,2,structured,"IMAGE QUALITY: Adequate
FINDINGS:
- Microaneurysms: Present
- Hemorrhages: Present
- Hard exudates: Present
- Cotton wool spots: Present
- Venous beading or IRMA: Absent
- Neovascularization: Absent
- Vitreous or preretinal hemorrhage: Absent
SEVERITY GRADE: 2
SEVERITY LABEL: Moderate NPDR
RECOMMENDATION: Follow up in 3 months to assess for progression.
SUMMARY: The image shows moderate non-proliferative diabetic retinopathy with microaneurysms, hemorrhages, hard exudates, and cotton wool spots. Further evaluation is needed to monitor for progression.
",16.8
35936_right,2,structured,"IMAGE QUALITY: Adequate
FINDINGS:
- Microaneurysms: Present
- Hemorrhages: Absent
- Hard exudates: Absent
- Cotton wool spots: Absent
- Venous beading or IRMA: Absent
- Neovascularization: Absent
- Vitreous or preretinal hemorrhage: Absent
SEVERITY GRADE: 1
SEVERITY LABEL: Mild NPDR
RECOMMENDATION: Follow up in 6 months to monitor for progression.
SUMMARY: The image shows microaneurysms, indicating mild non-proliferative diabetic retinopathy. There are no other significant findings.
",16.1
43363_left,2,structured,"IMAGE QUALITY: Adequate
FINDINGS:
- Microaneurysms: Present
- Hemorrhages: Present
- Hard exudates: Absent
- Cotton wool spots: Absent
- Venous beading or IRMA: Absent
- Neovascularization: Absent
- Vitreous or preretinal hemorrhage: Absent
SEVERITY GRADE: 2
SEVERITY LABEL: Moderate NPDR
RECOMMENDATION: Follow up in 6 months to monitor for progression.
SUMMARY: The image shows moderate non-proliferative diabetic retinopathy with microaneurysms and hemorrhages. Further evaluation is needed to assess for progression.
",16.0
24221_left,2,structured,"IMAGE QUALITY: Adequate
FINDINGS:
- Microaneurysms: Present
- Hemorrhages: Present
- Hard exudates: Present
- Cotton wool spots: Present
- Venous beading or IRMA: Present
- Neovascularization: Absent
- Vitreous or preretinal hemorrhage: Absent
SEVERITY GRADE: 2
SEVERITY LABEL: Moderate NPDR
RECOMMENDATION: Follow up in 3 months to monitor for progression.
SUMMARY: The image shows moderate non-proliferative diabetic retinopathy with microaneurysms, hemorrhages, hard exudates, cotton wool spots, and venous beading.
",16.3
34476_right,2,structured,"IMAGE QUALITY: Adequate
FINDINGS:
- Microaneurysms: Present
- Hemorrhages: Present
- Hard exudates: Absent
- Cotton wool spots: Absent
- Venous beading or IRMA: Absent
- Neovascularization: Absent
- Vitreous or preretinal hemorrhage: Absent
SEVERITY GRADE: 2
SEVERITY LABEL: Moderate NPDR
RECOMMENDATION: Follow up in 6 months to monitor for progression.
SUMMARY: The image shows moderate non-proliferative diabetic retinopathy with microaneurysms and hemorrhages. Further evaluation is needed to assess for progression.
",15.9
32216_left,2,structured,"IMAGE QUALITY: Adequate
FINDINGS:
- Microaneurysms: Present
- Hemorrhages: Present
- Hard exudates: Present
- Cotton wool spots: Present
- Venous beading or IRMA: Present
- Neovascularization: Absent
- Vitreous or preretinal hemorrhage: Absent
SEVERITY GRADE: 3
SEVERITY LABEL: Severe NPDR
RECOMMENDATION: Follow up with an ophthalmologist for further evaluation and management.
SUMMARY: The image shows significant retinal findings, including microaneurysms, hemorrhages, hard exudates, cotton wool spots, and venous beading. This indicates a high level of diabetic retinopathy.
",16.8
26366_right,2,structured,"IMAGE QUALITY: Adequate
FINDINGS:
- Microaneurysms: Present
- Hemorrhages: Present
- Hard exudates: Present
- Cotton wool spots: Present
- Venous beading or IRMA: Absent
- Neovascularization: Absent
- Vitreous or preretinal hemorrhage: Absent
SEVERITY GRADE: 2
SEVERITY LABEL: Moderate NPDR
RECOMMENDATION: Follow up in 3 months to monitor for progression.
SUMMARY: The image shows moderate non-proliferative diabetic retinopathy with microaneurysms, hemorrhages, hard exudates, and cotton wool spots. Further monitoring is needed to assess for progression.
",17.3
24092_right,2,structured,"IMAGE QUALITY: Adequate
FINDINGS:
- Microaneurysms: Present
- Hemorrhages: Present
- Hard exudates: Present
- Cotton wool spots: Present
- Venous beading or IRMA: Absent
- Neovascularization: Absent
- Vitreous or preretinal hemorrhage: Absent
SEVERITY GRADE: 2
SEVERITY LABEL: Moderate NPDR
RECOMMENDATION: Follow up in 3 months to monitor for progression.
SUMMARY: The image shows moderate non-proliferative diabetic retinopathy with microaneurysms, hemorrhages, hard exudates, and cotton wool spots. Further monitoring is needed to assess for progression.
",16.7
2424_left,2,structured,"IMAGE QUALITY: Adequate
FINDINGS:
- Microaneurysms: Present
- Hemorrhages: Absent
- Hard exudates: Absent
- Cotton wool spots: Absent
- Venous beading or IRMA: Absent
- Neovascularization: Absent
- Vitreous or preretinal hemorrhage: Absent
SEVERITY GRADE: 1
SEVERITY LABEL: Mild NPDR
RECOMMENDATION: Follow up in 6 months to monitor for progression.
SUMMARY: The image shows microaneurysms, indicating mild non-proliferative diabetic retinopathy. No other significant findings are present.
",15.7
18970_right,2,structured,"IMAGE QUALITY: Adequate
FINDINGS:
- Microaneurysms: Present
- Hemorrhages: Present
- Hard exudates: Present
- Cotton wool spots: Present
- Venous beading or IRMA: Absent
- Neovascularization: Absent
- Vitreous or preretinal hemorrhage: Absent
SEVERITY GRADE: 3
SEVERITY LABEL: Severe NPDR
RECOMMENDATION: Follow up in 3 months to monitor for progression.
SUMMARY: The image shows significant retinal findings, including microaneurysms, hemorrhages, hard exudates, and cotton wool spots. This indicates a high level of diabetic retinopathy.
",16.6
2613_right,2,structured,"IMAGE QUALITY: Adequate
FINDINGS:
- Microaneurysms: Present
- Hemorrhages: Present
- Hard exudates: Present
- Cotton wool spots: Absent
- Venous beading or IRMA: Absent
- Neovascularization: Absent
- Vitreous or preretinal hemorrhage: Absent
SEVERITY GRADE: 2
SEVERITY LABEL: Moderate NPDR
RECOMMENDATION: Follow up in 3 months to monitor for progression.
SUMMARY: The image shows moderate non-proliferative diabetic retinopathy with microaneurysms, hemorrhages, and hard exudates. The patient should be monitored for progression.
",16.4
38670_left,2,structured,"IMAGE QUALITY: Adequate
FINDINGS:
- Microaneurysms: Present
- Hemorrhages: Present
- Hard exudates: Absent
- Cotton wool spots: Present
- Venous beading or IRMA: Absent
- Neovascularization: Absent
- Vitreous or preretinal hemorrhage: Absent
SEVERITY GRADE: 2
SEVERITY LABEL: Moderate NPDR
RECOMMENDATION: Follow up in 3 months to monitor for progression.
SUMMARY: The image shows moderate non-proliferative diabetic retinopathy with microaneurysms, hemorrhages, and cotton wool spots. Further evaluation is needed to assess for progression.
",16.3
3418_right,2,structured,"IMAGE QUALITY: Adequate
FINDINGS:
- Microaneurysms: Present
- Hemorrhages: Present
- Hard exudates: Absent
- Cotton wool spots: Absent
- Venous beading or IRMA: Absent
- Neovascularization: Absent
- Vitreous or preretinal hemorrhage: Absent
SEVERITY GRADE: 2
SEVERITY LABEL: Moderate NPDR
RECOMMENDATION: Follow up in 6 months to monitor for progression.
SUMMARY: The image shows moderate non-proliferative diabetic retinopathy with microaneurysms and hemorrhages. Further evaluation is needed to assess for progression.
",16.4
21024_left,2,structured,"IMAGE QUALITY: Adequate
FINDINGS:
- Microaneurysms: Present
- Hemorrhages: Present
- Hard exudates: Absent
- Cotton wool spots: Absent
- Venous beading or IRMA: Absent
- Neovascularization: Absent
- Vitreous or preretinal hemorrhage: Absent
SEVERITY GRADE: 2
SEVERITY LABEL: Moderate NPDR
RECOMMENDATION: Follow up in 6 months to monitor for progression.
SUMMARY: The image shows moderate non-proliferative diabetic retinopathy with microaneurysms and hemorrhages. Further monitoring is needed to assess for progression.
",15.7
9177_left,2,structured,"IMAGE QUALITY: Adequate
FINDINGS:
- Microaneurysms: Present
- Hemorrhages: Present
- Hard exudates: Present
- Cotton wool spots: Absent
- Venous beading or IRMA: Absent
- Neovascularization: Absent
- Vitreous or preretinal hemorrhage: Absent
SEVERITY GRADE: 2
SEVERITY LABEL: Moderate NPDR
RECOMMENDATION: Follow up in 6 months to monitor for progression.
SUMMARY: The image shows moderate non-proliferative diabetic retinopathy with microaneurysms, hemorrhages, and hard exudates. Further evaluation is needed to assess the progression of the disease.
",16.7
22712_left,2,structured,"IMAGE QUALITY: Adequate
FINDINGS:
- Microaneurysms: Present
- Hemorrhages: Present
- Hard exudates: Present
- Cotton wool spots: Present
- Venous beading or IRMA: Present
- Neovascularization: Absent
- Vitreous or preretinal hemorrhage: Absent
SEVERITY GRADE: 3
SEVERITY LABEL: Severe NPDR
RECOMMENDATION: Follow up in 3 months to monitor for progression.
SUMMARY: The image shows significant diabetic retinopathy with microaneurysms, hemorrhages, hard exudates, cotton wool spots, and venous beading. This indicates a high level of diabetic retinopathy.
",17.0
6624_right,2,structured,"IMAGE QUALITY: Adequate
FINDINGS:
- Microaneurysms: Present
- Hemorrhages: Absent
- Hard exudates: Absent
- Cotton wool spots: Absent
- Venous beading or IRMA: Absent
- Neovascularization: Absent
- Vitreous or preretinal hemorrhage: Absent
SEVERITY GRADE: 1
SEVERITY LABEL: Mild NPDR
RECOMMENDATION: Follow up in 6 months to monitor for progression.
SUMMARY: The image shows microaneurysms, indicating mild non-proliferative diabetic retinopathy. No other significant findings are present.
",15.7
5213_right,2,structured,"IMAGE QUALITY: Adequate
FINDINGS:
- Microaneurysms: Present
- Hemorrhages: Present
- Hard exudates: Absent
- Cotton wool spots: Absent
- Venous beading or IRMA: Absent
- Neovascularization: Absent
- Vitreous or preretinal hemorrhage: Absent
SEVERITY GRADE: 2
SEVERITY LABEL: Moderate NPDR
RECOMMENDATION: Follow up in 6 months to monitor for progression.
SUMMARY: The image shows microaneurysms and hemorrhages, indicating moderate non-proliferative diabetic retinopathy. Further monitoring is needed to assess for progression.
",16.5
1178_right,2,structured,"IMAGE QUALITY: Adequate
FINDINGS:
- Microaneurysms: Present
- Hemorrhages: Present
- Hard exudates: Present
- Cotton wool spots: Present
- Venous beading or IRMA: Present
- Neovascularization: Absent
- Vitreous or preretinal hemorrhage: Absent
SEVERITY GRADE: 3
SEVERITY LABEL: Severe NPDR
RECOMMENDATION: Follow up with an ophthalmologist for further evaluation and management.
SUMMARY: The image shows signs of severe non-proliferative diabetic retinopathy with microaneurysms, hemorrhages, hard exudates, cotton wool spots, and venous beading. This indicates a significant level of diabetic retinopathy.
",17.3
8455_right,2,structured,"IMAGE QUALITY: Adequate
FINDINGS:
- Microaneurysms: Present
- Hemorrhages: Present
- Hard exudates: Present
- Cotton wool spots: Present
- Venous beading or IRMA: Absent
- Neovascularization: Absent
- Vitreous or preretinal hemorrhage: Absent
SEVERITY GRADE: 2
SEVERITY LABEL: Moderate NPDR
RECOMMENDATION: Follow up in 3 months to monitor for progression.
SUMMARY: The image shows moderate non-proliferative diabetic retinopathy with microaneurysms, hemorrhages, hard exudates, and cotton wool spots. Further evaluation is needed to monitor for progression.
",16.7
15696_left,2,structured,"IMAGE QUALITY: Adequate
FINDINGS:
- Microaneurysms: Present
- Hemorrhages: Present
- Hard exudates: Present
- Cotton wool spots: Present
- Venous beading or IRMA: Present
- Neovascularization: Present
- Vitreous or preretinal hemorrhage: Present
SEVERITY GRADE: 4
SEVERITY LABEL: Proliferative DR
RECOMMENDATION: The patient requires immediate referral to a retinal specialist for evaluation and management of proliferative diabetic retinopathy.
SUMMARY: This image shows significant retinal findings consistent with proliferative diabetic retinopathy, including neovascularization, hemorrhages, and cotton wool spots. The patient needs urgent evaluation and treatment by a retinal specialist.
",17.1
4403_left,2,structured,"IMAGE QUALITY: Adequate
FINDINGS:
- Microaneurysms: Present
- Hemorrhages: Present
- Hard exudates: Present
- Cotton wool spots: Present
- Venous beading or IRMA: Present
- Neovascularization: Absent
- Vitreous or preretinal hemorrhage: Absent
SEVERITY GRADE: 3
SEVERITY LABEL: Severe NPDR
RECOMMENDATION: Follow up in 3 months to monitor for progression.
SUMMARY: The image shows signs of diabetic retinopathy, including microaneurysms, hemorrhages, hard exudates, cotton wool spots, and venous beading. The severity is considered severe non-proliferative diabetic retinopathy.
",17.2
33876_left,2,structured,"IMAGE QUALITY: Adequate
FINDINGS:
- Microaneurysms: Present
- Hemorrhages: Present
- Hard exudates: Absent
- Cotton wool spots: Absent
- Venous beading or IRMA: Absent
- Neovascularization: Absent
- Vitreous or preretinal hemorrhage: Absent
SEVERITY GRADE: 2
SEVERITY LABEL: Moderate NPDR
RECOMMENDATION: Follow up in 6 months to monitor for progression.
SUMMARY: The image shows moderate non-proliferative diabetic retinopathy with microaneurysms and hemorrhages. Further monitoring is needed to assess for progression.
",16.0
26108_right,2,structured,"IMAGE QUALITY: Adequate
FINDINGS:
- Microaneurysms: Present
- Hemorrhages: Present
- Hard exudates: Absent
- Cotton wool spots: Absent
- Venous beading or IRMA: Absent
- Neovascularization: Absent
- Vitreous or preretinal hemorrhage: Absent
SEVERITY GRADE: 2
SEVERITY LABEL: Moderate NPDR
RECOMMENDATION: Follow up in 6 months to monitor for progression.
SUMMARY: The image shows moderate non-proliferative diabetic retinopathy with microaneurysms and hemorrhages. Further monitoring is recommended to assess for progression.
",15.9
10112_left,2,structured,"IMAGE QUALITY: Adequate
FINDINGS:
- Microaneurysms: Present
- Hemorrhages: Present
- Hard exudates: Present
- Cotton wool spots: Present
- Venous beading or IRMA: Absent
- Neovascularization: Absent
- Vitreous or preretinal hemorrhage: Absent
SEVERITY GRADE: 2
SEVERITY LABEL: Moderate NPDR
RECOMMENDATION: Follow up in 3 months to monitor for progression.
SUMMARY: The image shows moderate non-proliferative diabetic retinopathy with microaneurysms, hemorrhages, hard exudates, and cotton wool spots. Further monitoring is needed to assess for progression.
",16.9
15914_left,2,structured,"IMAGE QUALITY: Adequate
FINDINGS:
- Microaneurysms: Present
- Hemorrhages: Present
- Hard exudates: Present
- Cotton wool spots: Present
- Venous beading or IRMA: Absent
- Neovascularization: Absent
- Vitreous or preretinal hemorrhage: Absent
SEVERITY GRADE: 2
SEVERITY LABEL: Moderate NPDR
RECOMMENDATION: Follow up in 3 months to assess for progression.
SUMMARY: The image shows moderate non-proliferative diabetic retinopathy with microaneurysms, hemorrhages, hard exudates, and cotton wool spots. Further evaluation is needed to monitor for progression.
",16.6
9452_left,2,structured,"IMAGE QUALITY: Adequate
FINDINGS:
- Microaneurysms: Present
- Hemorrhages: Present
- Hard exudates: Present
- Cotton wool spots: Present
- Venous beading or IRMA: Absent
- Neovascularization: Absent
- Vitreous or preretinal hemorrhage: Absent
SEVERITY GRADE: 2
SEVERITY LABEL: Moderate NPDR
RECOMMENDATION: Follow up in 3 months to monitor for progression.
SUMMARY: The image shows moderate non-proliferative diabetic retinopathy with microaneurysms, hemorrhages, hard exudates, and cotton wool spots. The patient should be monitored for progression.
",16.6
99_right,3,structured,"IMAGE QUALITY: Adequate
FINDINGS:
- Microaneurysms: Present
- Hemorrhages: Present
- Hard exudates: Present
- Cotton wool spots: Present
- Venous beading or IRMA: Present
- Neovascularization: Absent
- Vitreous or preretinal hemorrhage: Absent
SEVERITY GRADE: 3
SEVERITY LABEL: Severe NPDR
RECOMMENDATION: Follow up in 3 months to monitor for progression.
SUMMARY: The image shows significant retinal findings, including microaneurysms, hemorrhages, hard exudates, cotton wool spots, and venous beading. This indicates a high level of diabetic retinopathy.
",16.8
20905_left,3,structured,"IMAGE QUALITY: Adequate
FINDINGS:
- Microaneurysms: Present
- Hemorrhages: Present
- Hard exudates: Present
- Cotton wool spots: Present
- Venous beading or IRMA: Present
- Neovascularization: Absent
- Vitreous or preretinal hemorrhage: Absent
SEVERITY GRADE: 4
SEVERITY LABEL: Proliferative DR
RECOMMENDATION: Follow up with a retinal specialist for further evaluation and management.
SUMMARY: This image shows significant retinal hemorrhages, cotton wool spots, and venous beading, indicating a high level of diabetic retinopathy. The presence of neovascularization suggests a proliferative stage.
",16.6
29097_left,3,structured,"IMAGE QUALITY: Adequate
FINDINGS:
- Microaneurysms: Present
- Hemorrhages: Present
- Hard exudates: Present
- Cotton wool spots: Present
- Venous beading or IRMA: Present
- Neovascularization: Absent
- Vitreous or preretinal hemorrhage: Absent
SEVERITY GRADE: 3
SEVERITY LABEL: Severe NPDR
RECOMMENDATION: Follow up with an ophthalmologist for further evaluation and management.
SUMMARY: This image shows significant retinal hemorrhages, cotton wool spots, and venous beading, indicating severe non-proliferative diabetic retinopathy. The patient requires prompt ophthalmological attention.
",16.5
36130_left,3,structured,"IMAGE QUALITY: Adequate
FINDINGS:
- Microaneurysms: Present
- Hemorrhages: Present
- Hard exudates: Present
- Cotton wool spots: Present
- Venous beading or IRMA: Present
- Neovascularization: Absent
- Vitreous or preretinal hemorrhage: Absent
SEVERITY GRADE: 4
SEVERITY LABEL: Proliferative DR
RECOMMENDATION: Follow up with a retinal specialist for further evaluation and management.
SUMMARY: The image shows significant retinal findings consistent with proliferative diabetic retinopathy. The presence of neovascularization and extensive hemorrhages indicates a high risk of vision loss.
",16.3
32062_right,3,structured,"IMAGE QUALITY: Adequate
FINDINGS:
- Microaneurysms: Present
- Hemorrhages: Present
- Hard exudates: Present
- Cotton wool spots: Present
- Venous beading or IRMA: Present
- Neovascularization: Absent
- Vitreous or preretinal hemorrhage: Absent
SEVERITY GRADE: 3
SEVERITY LABEL: Severe NPDR
RECOMMENDATION: Follow up with an ophthalmologist for further evaluation and management.
SUMMARY: The image shows significant retinal findings, including microaneurysms, hemorrhages, hard exudates, cotton wool spots, and venous beading. This indicates a high level of diabetic retinopathy.
",16.7
7623_right,3,structured,"IMAGE QUALITY: Adequate
FINDINGS:
- Microaneurysms: Present
- Hemorrhages: Present
- Hard exudates: Present
- Cotton wool spots: Present
- Venous beading or IRMA: Present
- Neovascularization: Absent
- Vitreous or preretinal hemorrhage: Absent
SEVERITY GRADE: 4
SEVERITY LABEL: Proliferative DR
RECOMMENDATION: Follow up with a retinal specialist for further evaluation and management.
SUMMARY: This image shows significant diabetic retinopathy with extensive hemorrhages, hard exudates, cotton wool spots, and venous beading. The presence of neovascularization indicates proliferative diabetic retinopathy.
",16.6
2275_left,3,structured,"IMAGE QUALITY: Adequate
FINDINGS:
- Microaneurysms: Present
- Hemorrhages: Present
- Hard exudates: Present
- Cotton wool spots: Present
- Venous beading or IRMA: Present
- Neovascularization: Absent
- Vitreous or preretinal hemorrhage: Absent
SEVERITY GRADE: 3
SEVERITY LABEL: Severe NPDR
RECOMMENDATION: Follow up in 1-2 weeks to assess for progression.
SUMMARY: This image shows significant retinal hemorrhages, microaneurysms, cotton wool spots, and venous beading, indicating severe non-proliferative diabetic retinopathy. Further evaluation is needed to monitor for progression.
",17.8
3444_right,3,structured,"IMAGE QUALITY: Adequate
FINDINGS:
- Microaneurysms: Present
- Hemorrhages: Present
- Hard exudates: Present
- Cotton wool spots: Present
- Venous beading or IRMA: Present
- Neovascularization: Absent
- Vitreous or preretinal hemorrhage: Absent
SEVERITY GRADE: 4
SEVERITY LABEL: Proliferative DR
RECOMMENDATION: Follow up with a retinal specialist for further evaluation and management.
SUMMARY: This fundus image shows significant retinal hemorrhages, exudates, and cotton wool spots, indicating proliferative diabetic retinopathy. The presence of neovascularization suggests a high risk of vision loss.
",16.7
2577_right,3,structured,"IMAGE QUALITY: Adequate
FINDINGS:
- Microaneurysms: Present
- Hemorrhages: Present
- Hard exudates: Absent
- Cotton wool spots: Absent
- Venous beading or IRMA: Absent
- Neovascularization: Absent
- Vitreous or preretinal hemorrhage: Absent
SEVERITY GRADE: 2
SEVERITY LABEL: Moderate NPDR
RECOMMENDATION: Follow up in 3 months to monitor for progression.
SUMMARY: The image shows moderate non-proliferative diabetic retinopathy with microaneurysms and hemorrhages. Further monitoring is needed to assess for progression.
",16.0
14109_left,3,structured,"IMAGE QUALITY: Adequate
FINDINGS:
- Microaneurysms: Present
- Hemorrhages: Present
- Hard exudates: Present
- Cotton wool spots: Present
- Venous beading or IRMA: Present
- Neovascularization: Absent
- Vitreous or preretinal hemorrhage: Absent
SEVERITY GRADE: 4
SEVERITY LABEL: Proliferative DR
RECOMMENDATION: Schedule a follow-up appointment to monitor for progression and manage complications.
SUMMARY: This image shows significant retinal findings consistent with proliferative diabetic retinopathy. There are numerous microaneurysms, hemorrhages, hard exudates, cotton wool spots, and venous beading.
",17.0
10153_left,3,structured,"IMAGE QUALITY: Adequate
FINDINGS:
- Microaneurysms: Present
- Hemorrhages: Present
- Hard exudates: Present
- Cotton wool spots: Present
- Venous beading or IRMA: Present
- Neovascularization: Absent
- Vitreous or preretinal hemorrhage: Absent
SEVERITY GRADE: 3
SEVERITY LABEL: Severe NPDR
RECOMMENDATION: Follow up with an ophthalmologist for further evaluation and management.
SUMMARY: This image shows significant retinal findings, including microaneurysms, hemorrhages, cotton wool spots, and venous beading. The severity is considered severe non-proliferative diabetic retinopathy.
",16.9
43008_right,3,structured,"IMAGE QUALITY: Adequate
FINDINGS:
- Microaneurysms: Present
- Hemorrhages: Present
- Hard exudates: Present
- Cotton wool spots: Present
- Venous beading or IRMA: Absent
- Neovascularization: Absent
- Vitreous or preretinal hemorrhage: Absent
SEVERITY GRADE: 3
SEVERITY LABEL: Severe NPDR
RECOMMENDATION: Follow up in 3 months to monitor for progression.
SUMMARY: The image shows signs of severe non-proliferative diabetic retinopathy with microaneurysms, hemorrhages, hard exudates, and cotton wool spots. The patient should be monitored closely for progression.
",16.9
23787_right,3,structured,"IMAGE QUALITY: Adequate
FINDINGS:
- Microaneurysms: Present
- Hemorrhages: Present
- Hard exudates: Present
- Cotton wool spots: Absent
- Venous beading or IRMA: Absent
- Neovascularization: Absent
- Vitreous or preretinal hemorrhage: Absent
SEVERITY GRADE: 2
SEVERITY LABEL: Moderate NPDR
RECOMMENDATION: Follow up in 6 months to monitor for progression.
SUMMARY: The image shows microaneurysms, hemorrhages, and hard exudates, indicating moderate non-proliferative diabetic retinopathy. Further monitoring is needed to assess for progression.
",16.5
16025_left,3,structured,"IMAGE QUALITY: Adequate
FINDINGS:
- Microaneurysms: Present
- Hemorrhages: Absent
- Hard exudates: Absent
- Cotton wool spots: Absent
- Venous beading or IRMA: Absent
- Neovascularization: Absent
- Vitreous or preretinal hemorrhage: Absent
SEVERITY GRADE: 1
SEVERITY LABEL: Mild NPDR
RECOMMENDATION: Follow up in 6 months to monitor for progression.
SUMMARY: The image shows microaneurysms, indicating mild non-proliferative diabetic retinopathy. No other significant findings are present.
",15.8
20858_left,3,structured,"IMAGE QUALITY: Adequate
FINDINGS:
- Microaneurysms: Present
- Hemorrhages: Present
- Hard exudates: Present
- Cotton wool spots: Present
- Venous beading or IRMA: Present
- Neovascularization: Absent
- Vitreous or preretinal hemorrhage: Absent
SEVERITY GRADE: 4
SEVERITY LABEL: Proliferative DR
RECOMMENDATION: Follow up with a retinal specialist for further evaluation and management.
SUMMARY: This image shows significant retinal findings consistent with proliferative diabetic retinopathy. The presence of neovascularization and hemorrhages indicates a high risk of vision loss. A comprehensive ophthalmologic evaluation is necessary to determine the best course of treatment.
",17.4
23245_left,3,structured,"IMAGE QUALITY: Adequate
FINDINGS:
- Microaneurysms: Present
- Hemorrhages: Present
- Hard exudates: Present
- Cotton wool spots: Present
- Venous beading or IRMA: Present
- Neovascularization: Absent
- Vitreous or preretinal hemorrhage: Absent
SEVERITY GRADE: 3
SEVERITY LABEL: Severe NPDR
RECOMMENDATION: Follow up with an ophthalmologist for further evaluation and management.
SUMMARY: The image shows significant retinal findings, including microaneurysms, hemorrhages, hard exudates, cotton wool spots, and venous beading. This indicates a high level of diabetic retinopathy.
",17.6
8699_left,3,structured,"IMAGE QUALITY: Adequate
FINDINGS:
- Microaneurysms: Present
- Hemorrhages: Present
- Hard exudates: Present
- Cotton wool spots: Present
- Venous beading or IRMA: Present
- Neovascularization: Absent
- Vitreous or preretinal hemorrhage: Absent
SEVERITY GRADE: 3
SEVERITY LABEL: Severe NPDR
RECOMMENDATION: Schedule a follow-up appointment to monitor for progression.
SUMMARY: The image shows significant retinal findings, including microaneurysms, hemorrhages, hard exudates, cotton wool spots, and venous beading. This indicates severe non-proliferative diabetic retinopathy.
",16.8
32064_right,3,structured,"IMAGE QUALITY: Adequate
FINDINGS:
- Microaneurysms: Present
- Hemorrhages: Absent
- Hard exudates: Absent
- Cotton wool spots: Absent
- Venous beading or IRMA: Absent
- Neovascularization: Absent
- Vitreous or preretinal hemorrhage: Absent
SEVERITY GRADE: 1
SEVERITY LABEL: Mild NPDR
RECOMMENDATION: Follow up in 6 months to monitor for progression.
SUMMARY: The image shows microaneurysms, indicating mild non-proliferative diabetic retinopathy. No other significant findings are present.
",15.6
31962_right,3,structured,"IMAGE QUALITY: Adequate
FINDINGS:
- Microaneurysms: Present
- Hemorrhages: Present
- Hard exudates: Present
- Cotton wool spots: Present
- Venous beading or IRMA: Absent
- Neovascularization: Absent
- Vitreous or preretinal hemorrhage: Absent
SEVERITY GRADE: 2
SEVERITY LABEL: Moderate NPDR
RECOMMENDATION: Follow up in 3 months to monitor for progression.
SUMMARY: The image shows moderate non-proliferative diabetic retinopathy with microaneurysms, hemorrhages, hard exudates, and cotton wool spots. Further monitoring is needed to assess for progression.
",16.7
14482_left,3,structured,"IMAGE QUALITY: Adequate
FINDINGS:
- Microaneurysms: Present
- Hemorrhages: Present
- Hard exudates: Present
- Cotton wool spots: Present
- Venous beading or IRMA: Present
- Neovascularization: Absent
- Vitreous or preretinal hemorrhage: Absent
SEVERITY GRADE: 3
SEVERITY LABEL: Severe NPDR
RECOMMENDATION: Follow up in 3 months to assess for progression.
SUMMARY: The fundus image shows significant retinal findings, including microaneurysms, hemorrhages, hard exudates, cotton wool spots, and venous beading. This indicates severe non-proliferative diabetic retinopathy.
",17.0
36213_right,3,structured,"IMAGE QUALITY: Adequate
FINDINGS:
- Microaneurysms: Present
- Hemorrhages: Present
- Hard exudates: Present
- Cotton wool spots: Present
- Venous beading or IRMA: Present
- Neovascularization: Absent
- Vitreous or preretinal hemorrhage: Absent
SEVERITY GRADE: 3
SEVERITY LABEL: Severe NPDR
RECOMMENDATION: Follow up in 3 months to monitor for progression.
SUMMARY: The image shows significant diabetic retinopathy with microaneurysms, hemorrhages, hard exudates, cotton wool spots, and venous beading. This indicates a high risk of progression.
",16.5
12881_left,3,structured,"IMAGE QUALITY: Adequate
FINDINGS:
- Microaneurysms: Present
- Hemorrhages: Present
- Hard exudates: Present
- Cotton wool spots: Present
- Venous beading or IRMA: Present
- Neovascularization: Absent
- Vitreous or preretinal hemorrhage: Absent
SEVERITY GRADE: 4
SEVERITY LABEL: Proliferative DR
RECOMMENDATION: Follow up with a retinal specialist for further evaluation and management.
SUMMARY: This image shows significant retinal findings, including microaneurysms, hemorrhages, hard exudates, cotton wool spots, venous beading, and neovascularization. This indicates a high-risk diabetic retinopathy.
",17.2
2577_left,3,structured,"IMAGE QUALITY: Adequate
FINDINGS:
- Microaneurysms: Present
- Hemorrhages: Present
- Hard exudates: Present
- Cotton wool spots: Present
- Venous beading or IRMA: Present
- Neovascularization: Absent
- Vitreous or preretinal hemorrhage: Absent
SEVERITY GRADE: 3
SEVERITY LABEL: Severe NPDR
RECOMMENDATION: Follow up with an ophthalmologist for further evaluation and management.
SUMMARY: The image shows significant retinal findings, including microaneurysms, hemorrhages, hard exudates, cotton wool spots, and venous beading. This indicates a high level of diabetic retinopathy.
",16.7
3748_right,3,structured,"IMAGE QUALITY: Adequate
FINDINGS:
- Microaneurysms: Present
- Hemorrhages: Present
- Hard exudates: Present
- Cotton wool spots: Present
- Venous beading or IRMA: Present
- Neovascularization: Present
- Vitreous or preretinal hemorrhage: Present
SEVERITY GRADE: 4
SEVERITY LABEL: Proliferative DR
RECOMMENDATION: Schedule a follow-up appointment to monitor for progression and manage complications.
SUMMARY: This image shows significant retinal findings, including microaneurysms, hemorrhages, hard exudates, cotton wool spots, venous beading, neovascularization, and vitreous hemorrhage. This indicates a high-severity diabetic retinopathy requiring prompt management.
",17.9
18046_left,3,structured,"IMAGE QUALITY: Adequate
FINDINGS:
- Microaneurysms: Present
- Hemorrhages: Present
- Hard exudates: Present
- Cotton wool spots: Present
- Venous beading or IRMA: Present
- Neovascularization: Absent
- Vitreous or preretinal hemorrhage: Absent
SEVERITY GRADE: 4
SEVERITY LABEL: Proliferative DR
RECOMMENDATION: Follow up with a retinal specialist for further evaluation and management.
SUMMARY: This image shows significant diabetic retinopathy with neovascularization, hemorrhages, and exudates. The patient requires prompt referral to a retinal specialist for comprehensive management.
",16.2
21233_left,3,structured,"IMAGE QUALITY: Adequate
FINDINGS:
- Microaneurysms: Present
- Hemorrhages: Present
- Hard exudates: Present
- Cotton wool spots: Present
- Venous beading or IRMA: Present
- Neovascularization: Absent
- Vitreous or preretinal hemorrhage: Absent
SEVERITY GRADE: 3
SEVERITY LABEL: Severe NPDR
RECOMMENDATION: Follow up with an ophthalmologist for further evaluation and management.
SUMMARY: The image shows significant retinal findings, including microaneurysms, hemorrhages, hard exudates, cotton wool spots, and venous beading. This indicates a high level of diabetic retinopathy.
",16.9
18350_right,3,structured,"IMAGE QUALITY: Adequate
FINDINGS:
- Microaneurysms: Present
- Hemorrhages: Present
- Hard exudates: Present
- Cotton wool spots: Present
- Venous beading or IRMA: Present
- Neovascularization: Absent
- Vitreous or preretinal hemorrhage: Absent
SEVERITY GRADE: 3
SEVERITY LABEL: Severe NPDR
RECOMMENDATION: Follow up in 3 months to monitor for progression.
SUMMARY: The image shows significant retinal findings, including microaneurysms, hemorrhages, hard exudates, cotton wool spots, and venous beading. This indicates a high level of diabetic retinopathy.
",16.6
16759_left,3,structured,"IMAGE QUALITY: Adequate
FINDINGS:
- Microaneurysms: Present
- Hemorrhages: Present
- Hard exudates: Present
- Cotton wool spots: Present
- Venous beading or IRMA: Present
- Neovascularization: Absent
- Vitreous or preretinal hemorrhage: Absent
SEVERITY GRADE: 4
SEVERITY LABEL: Proliferative DR
RECOMMENDATION: Follow up with a retinal specialist for further evaluation and management.
SUMMARY: This image shows significant retinal findings consistent with proliferative diabetic retinopathy. The presence of neovascularization and hemorrhages indicates a high risk of vision loss.
",16.2
15450_left,3,structured,"IMAGE QUALITY: Adequate
FINDINGS:
- Microaneurysms: Present
- Hemorrhages: Present
- Hard exudates: Present
- Cotton wool spots: Present
- Venous beading or IRMA: Present
- Neovascularization: Absent
- Vitreous or preretinal hemorrhage: Present
SEVERITY GRADE: 4
SEVERITY LABEL: Proliferative DR
RECOMMENDATION: Follow up with a retinal specialist for further evaluation and management.
SUMMARY: This image shows significant retinal hemorrhages, cotton wool spots, and venous beading, indicating a high level of diabetic retinopathy. The presence of neovascularization suggests a proliferative stage.
",17.4
15954_left,3,structured,"IMAGE QUALITY: Adequate
FINDINGS:
- Microaneurysms: Present
- Hemorrhages: Present
- Hard exudates: Present
- Cotton wool spots: Present
- Venous beading or IRMA: Present
- Neovascularization: Absent
- Vitreous or preretinal hemorrhage: Absent
SEVERITY GRADE: 3
SEVERITY LABEL: Severe NPDR
RECOMMENDATION: Schedule a follow-up appointment in 3 months to monitor for progression.
SUMMARY: The fundus image shows significant microaneurysms, hemorrhages, hard exudates, cotton wool spots, and venous beading. This indicates severe non-proliferative diabetic retinopathy.
",17.2
29604_right,3,structured,"IMAGE QUALITY: Adequate
FINDINGS:
- Microaneurysms: Present
- Hemorrhages: Present
- Hard exudates: Present
- Cotton wool spots: Present
- Venous beading or IRMA: Absent
- Neovascularization: Absent
- Vitreous or preretinal hemorrhage: Absent
SEVERITY GRADE: 2
SEVERITY LABEL: Moderate NPDR
RECOMMENDATION: Follow up in 6 months to monitor for progression.
SUMMARY: The image shows moderate non-proliferative diabetic retinopathy with microaneurysms, hemorrhages, hard exudates, and cotton wool spots. The patient should be monitored regularly to prevent progression to proliferative diabetic retinopathy.
",17.3
33374_left,3,structured,"IMAGE QUALITY: Adequate
FINDINGS:
- Microaneurysms: Present
- Hemorrhages: Present
- Hard exudates: Present
- Cotton wool spots: Present
- Venous beading or IRMA: Present
- Neovascularization: Absent
- Vitreous or preretinal hemorrhage: Absent
SEVERITY GRADE: 3
SEVERITY LABEL: Severe NPDR
RECOMMENDATION: Follow up in 3 months to monitor for progression.
SUMMARY: The image shows signs of diabetic retinopathy with microaneurysms, hemorrhages, hard exudates, cotton wool spots, and venous beading. This indicates a severe non-proliferative diabetic retinopathy.
",17.1
27773_right,3,structured,"IMAGE QUALITY: Adequate
FINDINGS:
- Microaneurysms: Present
- Hemorrhages: Present
- Hard exudates: Absent
- Cotton wool spots: Absent
- Venous beading or IRMA: Absent
- Neovascularization: Absent
- Vitreous or preretinal hemorrhage: Absent
SEVERITY GRADE: 2
SEVERITY LABEL: Moderate NPDR
RECOMMENDATION: Follow up in 6 months to monitor for progression.
SUMMARY: The image shows moderate non-proliferative diabetic retinopathy with microaneurysms and hemorrhages. Further monitoring is needed to assess for progression.
",16.0
14129_right,3,structured,"IMAGE QUALITY: Poor
FINDINGS:
- Microaneurysms: Present
- Hemorrhages: Present
- Hard exudates: Present
- Cotton wool spots: Present
- Venous beading or IRMA: Present
- Neovascularization: Present
- Vitreous or preretinal hemorrhage: Present
SEVERITY GRADE: 4
SEVERITY LABEL: Proliferative DR
RECOMMENDATION: Refer to a retinal specialist for further evaluation and management.
SUMMARY: This image shows significant retinal findings, including neovascularization, hemorrhages, and cotton wool spots. This indicates a high-risk proliferative diabetic retinopathy.
",16.0
12014_left,3,structured,"IMAGE QUALITY: Poor
FINDINGS:
- Microaneurysms: Present
- Hemorrhages: Present
- Hard exudates: Present
- Cotton wool spots: Present
- Venous beading or IRMA: Present
- Neovascularization: Present
- Vitreous or preretinal hemorrhage: Present
SEVERITY GRADE: 4
SEVERITY LABEL: Proliferative DR
RECOMMENDATION: Schedule a follow-up appointment with an ophthalmologist for further evaluation and management.
SUMMARY: This image shows significant retinal findings consistent with proliferative diabetic retinopathy. The presence of neovascularization, hemorrhages, and other signs indicates a high risk for vision loss. Prompt ophthalmological intervention is crucial.
",17.2
32821_left,3,structured,"IMAGE QUALITY: Adequate
FINDINGS:
- Microaneurysms: Present
- Hemorrhages: Present
- Hard exudates: Present
- Cotton wool spots: Present
- Venous beading or IRMA: Present
- Neovascularization: Absent
- Vitreous or preretinal hemorrhage: Absent
SEVERITY GRADE: 3
SEVERITY LABEL: Severe NPDR
RECOMMENDATION: Follow up with an ophthalmologist for further evaluation and management.
SUMMARY: This image shows significant retinal findings, including microaneurysms, hemorrhages, hard exudates, cotton wool spots, and venous beading. This indicates severe non-proliferative diabetic retinopathy.
",17.0
3343_right,3,structured,"IMAGE QUALITY: Adequate
FINDINGS:
- Microaneurysms: Present
- Hemorrhages: Present
- Hard exudates: Present
- Cotton wool spots: Present
- Venous beading or IRMA: Absent
- Neovascularization: Absent
- Vitreous or preretinal hemorrhage: Absent
SEVERITY GRADE: 2
SEVERITY LABEL: Moderate NPDR
RECOMMENDATION: Follow up in 3 months to monitor for progression.
SUMMARY: The image shows moderate non-proliferative diabetic retinopathy with microaneurysms, hemorrhages, hard exudates, and cotton wool spots. Further evaluation is needed to assess the progression of the disease.
",17.1
34445_right,3,structured,"IMAGE QUALITY: Adequate
FINDINGS:
- Microaneurysms: Present
- Hemorrhages: Present
- Hard exudates: Present
- Cotton wool spots: Present
- Venous beading or IRMA: Present
- Neovascularization: Absent
- Vitreous or preretinal hemorrhage: Present
SEVERITY GRADE: 4
SEVERITY LABEL: Proliferative DR
RECOMMENDATION: Follow up with a retinal specialist for further evaluation and management.
SUMMARY: This image shows significant retinal hemorrhages, exudates, and cotton wool spots, indicating a high level of diabetic retinopathy. The presence of neovascularization confirms proliferative diabetic retinopathy.
",16.6
18819_right,3,structured,"IMAGE QUALITY: Adequate
FINDINGS:
- Microaneurysms: Present
- Hemorrhages: Present
- Hard exudates: Present
- Cotton wool spots: Present
- Venous beading or IRMA: Present
- Neovascularization: Present
- Vitreous or preretinal hemorrhage: Present
SEVERITY GRADE: 4
SEVERITY LABEL: Proliferative DR
RECOMMENDATION: Follow up with a retinal specialist for further evaluation and management.
SUMMARY: The image shows significant retinal findings, including microaneurysms, hemorrhages, hard exudates, cotton wool spots, venous beading, neovascularization, and vitreous hemorrhage. This indicates a high-severity diabetic retinopathy requiring prompt specialist attention.
",17.8
36740_right,3,structured,"IMAGE QUALITY: Adequate
FINDINGS:
- Microaneurysms: Present
- Hemorrhages: Present
- Hard exudates: Present
- Cotton wool spots: Present
- Venous beading or IRMA: Present
- Neovascularization: Absent
- Vitreous or preretinal hemorrhage: Absent
SEVERITY GRADE: 3
SEVERITY LABEL: Severe NPDR
RECOMMENDATION: Follow up in 3 months to assess for progression.
SUMMARY: The image shows significant diabetic retinopathy with microaneurysms, hemorrhages, hard exudates, cotton wool spots, and venous beading. This indicates a high risk of progression.
",17.1
40731_left,3,structured,"IMAGE QUALITY: Adequate
FINDINGS:
- Microaneurysms: Present
- Hemorrhages: Present
- Hard exudates: Present
- Cotton wool spots: Present
- Venous beading or IRMA: Present
- Neovascularization: Absent
- Vitreous or preretinal hemorrhage: Absent
SEVERITY GRADE: 4
SEVERITY LABEL: Proliferative DR
RECOMMENDATION: Schedule a comprehensive dilated fundus exam with optical coherence tomography (OCT) and fluorescein angiography (FA) to assess the extent of neovascularization and guide treatment decisions.
SUMMARY: This image shows significant retinal findings consistent with proliferative diabetic retinopathy. The presence of neovascularization and extensive hemorrhages indicates a high risk for vision loss. Prompt referral to a retinal specialist is crucial for further evaluation and management.
",19.2
3422_right,3,structured,"IMAGE QUALITY: Poor
FINDINGS:
- Microaneurysms: Present
- Hemorrhages: Present
- Hard exudates: Present
- Cotton wool spots: Present
- Venous beading or IRMA: Present
- Neovascularization: Present
- Vitreous or preretinal hemorrhage: Present
SEVERITY GRADE: 4
SEVERITY LABEL: Proliferative DR
RECOMMENDATION: The patient requires immediate referral to a retinal specialist for possible panretinal photocoagulation and/or intravitreal anti-VEGF injections.
SUMMARY: This image shows extensive retinal hemorrhages, cotton wool spots, venous beading, and neovascularization, indicating proliferative diabetic retinopathy. The patient requires urgent evaluation and treatment by a retinal specialist.
",18.2
4366_right,3,structured,"IMAGE QUALITY: Adequate
FINDINGS:
- Microaneurysms: Present
- Hemorrhages: Present
- Hard exudates: Present
- Cotton wool spots: Present
- Venous beading or IRMA: Present
- Neovascularization: Absent
- Vitreous or preretinal hemorrhage: Absent
SEVERITY GRADE: 4
SEVERITY LABEL: Proliferative DR
RECOMMENDATION: Follow up with a retinal specialist for further evaluation and management.
SUMMARY: The image shows significant diabetic retinopathy with extensive hemorrhages, hard exudates, cotton wool spots, and venous beading. This indicates a high risk of vision loss.
",16.4
22930_left,3,structured,"IMAGE QUALITY: Adequate
FINDINGS:
- Microaneurysms: Present
- Hemorrhages: Present
- Hard exudates: Present
- Cotton wool spots: Present
- Venous beading or IRMA: Present
- Neovascularization: Present
- Vitreous or preretinal hemorrhage: Present
SEVERITY GRADE: 4
SEVERITY LABEL: Proliferative DR
RECOMMENDATION: The patient requires immediate referral to a retinal specialist for evaluation and management of proliferative diabetic retinopathy.
SUMMARY: The image shows significant diabetic retinopathy with neovascularization, hemorrhages, and other signs of advanced disease. This requires urgent ophthalmological intervention.
",16.7
15319_left,3,structured,"IMAGE QUALITY: Adequate
FINDINGS:
- Microaneurysms: Present
- Hemorrhages: Present
- Hard exudates: Absent
- Cotton wool spots: Absent
- Venous beading or IRMA: Absent
- Neovascularization: Absent
- Vitreous or preretinal hemorrhage: Absent
SEVERITY GRADE: 2
SEVERITY LABEL: Moderate NPDR
RECOMMENDATION: Follow up in 6 months to monitor for progression.
SUMMARY: The image shows moderate non-proliferative diabetic retinopathy with microaneurysms and hemorrhages. Further evaluation is needed to assess for progression.
",16.0
40366_right,3,structured,"IMAGE QUALITY: Adequate
FINDINGS:
- Microaneurysms: Present
- Hemorrhages: Present
- Hard exudates: Present
- Cotton wool spots: Present
- Venous beading or IRMA: Absent
- Neovascularization: Absent
- Vitreous or preretinal hemorrhage: Absent
SEVERITY GRADE: 2
SEVERITY LABEL: Moderate NPDR
RECOMMENDATION: Follow up in 3 months to monitor for progression.
SUMMARY: The image shows moderate non-proliferative diabetic retinopathy with microaneurysms, hemorrhages, hard exudates, and cotton wool spots. Further monitoring is needed to assess for progression.
",16.8
35850_right,3,structured,"IMAGE QUALITY: Adequate
FINDINGS:
- Microaneurysms: Present
- Hemorrhages: Present
- Hard exudates: Absent
- Cotton wool spots: Present
- Venous beading or IRMA: Absent
- Neovascularization: Absent
- Vitreous or preretinal hemorrhage: Absent
SEVERITY GRADE: 2
SEVERITY LABEL: Moderate NPDR
RECOMMENDATION: Follow up in 3 months to monitor for progression.
SUMMARY: The image shows moderate non-proliferative diabetic retinopathy with microaneurysms, hemorrhages, and cotton wool spots. Further evaluation is needed to assess the progression of the disease.
",16.6
8678_left,3,structured,"IMAGE QUALITY: Poor
FINDINGS:
- Microaneurysms: Present
- Hemorrhages: Present
- Hard exudates: Present
- Cotton wool spots: Present
- Venous beading or IRMA: Present
- Neovascularization: Absent
- Vitreous or preretinal hemorrhage: Present
SEVERITY GRADE: 4
SEVERITY LABEL: Proliferative DR
RECOMMENDATION: Schedule a comprehensive dilated fundus examination and optical coherence tomography (OCT) to assess the extent of neovascularization and retinal thickening.
SUMMARY: This image shows significant retinal findings, including microaneurysms, hemorrhages, hard exudates, cotton wool spots, venous beading, and vitreous hemorrhage. The presence of neovascularization indicates proliferative diabetic retinopathy.
",18.6
11267_left,3,structured,"IMAGE QUALITY: Adequate
FINDINGS:
- Microaneurysms: Present
- Hemorrhages: Present
- Hard exudates: Present
- Cotton wool spots: Present
- Venous beading or IRMA: Absent
- Neovascularization: Absent
- Vitreous or preretinal hemorrhage: Absent
SEVERITY GRADE: 3
SEVERITY LABEL: Severe NPDR
RECOMMENDATION: Follow up in 3 months to assess for progression.
SUMMARY: The image shows significant microaneurysms, hemorrhages, hard exudates, and cotton wool spots, indicating severe non-proliferative diabetic retinopathy. Further monitoring is needed to assess for progression.
",16.9
8302_left,3,structured,"IMAGE QUALITY: Adequate
FINDINGS:
- Microaneurysms: Present
- Hemorrhages: Present
- Hard exudates: Present
- Cotton wool spots: Present
- Venous beading or IRMA: Present
- Neovascularization: Absent
- Vitreous or preretinal hemorrhage: Absent
SEVERITY GRADE: 3
SEVERITY LABEL: Severe NPDR
RECOMMENDATION: Follow up in 3 months to monitor for progression.
SUMMARY: The image shows signs of severe non-proliferative diabetic retinopathy with microaneurysms, hemorrhages, hard exudates, cotton wool spots, and venous beading. This indicates a significant level of diabetic retinopathy.
",17.3
9598_right,4,structured,"IMAGE QUALITY: Poor
FINDINGS:
- Microaneurysms: Present
- Hemorrhages: Present
- Hard exudates: Present
- Cotton wool spots: Present
- Venous beading or IRMA: Present
- Neovascularization: Absent
- Vitreous or preretinal hemorrhage: Absent
SEVERITY GRADE: 4
SEVERITY LABEL: Proliferative DR
RECOMMENDATION: Schedule a follow-up appointment to assess for progression and treatment options.
SUMMARY: The image shows significant retinal findings, including microaneurysms, hemorrhages, hard exudates, cotton wool spots, venous beading, and neovascularization. This indicates a high level of diabetic retinopathy.
",17.6
4688_right,4,structured,"IMAGE QUALITY: Adequate
FINDINGS:
- Microaneurysms: Present
- Hemorrhages: Present
- Hard exudates: Present
- Cotton wool spots: Present
- Venous beading or IRMA: Present
- Neovascularization: Absent
- Vitreous or preretinal hemorrhage: Absent
SEVERITY GRADE: 4
SEVERITY LABEL: Proliferative DR
RECOMMENDATION: Follow up with a retinal specialist for further evaluation and management.
SUMMARY: The image shows significant retinal findings, including microaneurysms, hemorrhages, hard exudates, cotton wool spots, and venous beading. This indicates a high level of diabetic retinopathy.
",17.0
20432_right,4,structured,"IMAGE QUALITY: Adequate
FINDINGS:
- Microaneurysms: Present
- Hemorrhages: Present
- Hard exudates: Present
- Cotton wool spots: Present
- Venous beading or IRMA: Absent
- Neovascularization: Absent
- Vitreous or preretinal hemorrhage: Absent
SEVERITY GRADE: 2
SEVERITY LABEL: Moderate NPDR
RECOMMENDATION: Follow up in 3 months to monitor for progression.
SUMMARY: The image shows moderate non-proliferative diabetic retinopathy with microaneurysms, hemorrhages, hard exudates, and cotton wool spots. The patient should be monitored for progression.
",16.7
43050_left,4,structured,"IMAGE QUALITY: Poor
FINDINGS:
- Microaneurysms: Present
- Hemorrhages: Present
- Hard exudates: Present
- Cotton wool spots: Present
- Venous beading or IRMA: Present
- Neovascularization: Present
- Vitreous or preretinal hemorrhage: Present
SEVERITY GRADE: 4
SEVERITY LABEL: Proliferative DR
RECOMMENDATION: Refer to a retinal specialist immediately for further evaluation and management.
SUMMARY: This image shows significant retinal hemorrhages, cotton wool spots, and neovascularization, indicating a high-severity diabetic retinopathy. Immediate referral to a retinal specialist is crucial.
",16.6
17749_left,4,structured,"IMAGE QUALITY: Adequate
FINDINGS:
- Microaneurysms: Present
- Hemorrhages: Present
- Hard exudates: Present
- Cotton wool spots: Present
- Venous beading or IRMA: Absent
- Neovascularization: Absent
- Vitreous or preretinal hemorrhage: Absent
SEVERITY GRADE: 2
SEVERITY LABEL: Moderate NPDR
RECOMMENDATION: Follow up in 3 months to monitor for progression.
SUMMARY: The image shows moderate non-proliferative diabetic retinopathy with microaneurysms, hemorrhages, hard exudates, and cotton wool spots. The patient should be monitored closely for progression.
",17.1
20144_right,4,structured,"IMAGE QUALITY: Adequate
FINDINGS:
- Microaneurysms: Present
- Hemorrhages: Present
- Hard exudates: Present
- Cotton wool spots: Present
- Venous beading or IRMA: Present
- Neovascularization: Absent
- Vitreous or preretinal hemorrhage: Absent
SEVERITY GRADE: 4
SEVERITY LABEL: Proliferative DR
RECOMMENDATION: Follow up with a retinal specialist for further evaluation and management.
SUMMARY: This image shows significant retinal findings, including microaneurysms, hemorrhages, hard exudates, cotton wool spots, and venous beading. The presence of neovascularization indicates proliferative diabetic retinopathy.
",17.1
41339_right,4,structured,"IMAGE QUALITY: Adequate
FINDINGS:
- Microaneurysms: Present
- Hemorrhages: Present
- Hard exudates: Absent
- Cotton wool spots: Absent
- Venous beading or IRMA: Absent
- Neovascularization: Absent
- Vitreous or preretinal hemorrhage: Absent
SEVERITY GRADE: 3
SEVERITY LABEL: Severe NPDR
RECOMMENDATION: Follow up in 6 months to monitor for progression.
SUMMARY: The image shows significant microaneurysms and hemorrhages, indicating severe non-proliferative diabetic retinopathy. There are no signs of neovascularization or significant vitreous hemorrhage.
",16.6
9682_left,4,structured,"IMAGE QUALITY: Adequate
FINDINGS:
- Microaneurysms: Present
- Hemorrhages: Present
- Hard exudates: Present
- Cotton wool spots: Present
- Venous beading or IRMA: Present
- Neovascularization: Present
- Vitreous or preretinal hemorrhage: Present
SEVERITY GRADE: 4
SEVERITY LABEL: Proliferative DR
RECOMMENDATION: Schedule a follow-up appointment to monitor for progression and manage complications.
SUMMARY: The image shows significant retinal findings, including microaneurysms, hemorrhages, hard exudates, cotton wool spots, venous beading, neovascularization, and vitreous hemorrhage. This indicates a high-risk proliferative diabetic retinopathy.
",17.7
11492_left,4,structured,"IMAGE QUALITY: Poor
FINDINGS:
- Microaneurysms: Present
- Hemorrhages: Present
- Hard exudates: Present
- Cotton wool spots: Present
- Venous beading or IRMA: Present
- Neovascularization: Present
- Vitreous or preretinal hemorrhage: Present
SEVERITY GRADE: 4
SEVERITY LABEL: Proliferative DR
RECOMMENDATION: Schedule a comprehensive dilated fundus examination with optical coherence tomography (OCT) and fluorescein angiography (FA) to assess the extent of neovascularization and guide treatment decisions.
SUMMARY: The image shows extensive retinal findings, including microaneurysms, hemorrhages, hard exudates, cotton wool spots, venous beading, neovascularization, and vitreous hemorrhage. This indicates proliferative diabetic retinopathy.
",19.2
11854_left,4,structured,"IMAGE QUALITY: Poor
FINDINGS:
- Microaneurysms: Present
- Hemorrhages: Present
- Hard exudates: Present
- Cotton wool spots: Present
- Venous beading or IRMA: Present
- Neovascularization: Present
- Vitreous or preretinal hemorrhage: Present
SEVERITY GRADE: 4
SEVERITY LABEL: Proliferative DR
RECOMMENDATION: Urgent referral to a retinal specialist is required for further evaluation and management.
SUMMARY: This image shows significant retinal abnormalities, including neovascularization, hemorrhages, and cotton wool spots. The presence of these findings indicates a high-risk proliferative diabetic retinopathy.
",16.5
37232_left,4,structured,"IMAGE QUALITY: Adequate
FINDINGS:
- Microaneurysms: Present
- Hemorrhages: Present
- Hard exudates: Present
- Cotton wool spots: Present
- Venous beading or IRMA: Present
- Neovascularization: Absent
- Vitreous or preretinal hemorrhage: Absent
SEVERITY GRADE: 4
SEVERITY LABEL: Proliferative DR
RECOMMENDATION: Follow up with a retinal specialist for further evaluation and management.
SUMMARY: The image shows significant retinal findings consistent with proliferative diabetic retinopathy. The presence of neovascularization and other signs of advanced disease warrants prompt referral to a specialist.
",16.1
35861_left,4,structured,"IMAGE QUALITY: Adequate
FINDINGS:
- Microaneurysms: Present
- Hemorrhages: Present
- Hard exudates: Absent
- Cotton wool spots: Absent
- Venous beading or IRMA: Absent
- Neovascularization: Absent
- Vitreous or preretinal hemorrhage: Absent
SEVERITY GRADE: 2
SEVERITY LABEL: Moderate NPDR
RECOMMENDATION: Follow up in 6 months to monitor for progression.
SUMMARY: The image shows microaneurysms and hemorrhages, indicating moderate non-proliferative diabetic retinopathy. Further evaluation is needed to assess for progression.
",16.1
27251_left,4,structured,"IMAGE QUALITY: Adequate
FINDINGS:
- Microaneurysms: Present
- Hemorrhages: Present
- Hard exudates: Present
- Cotton wool spots: Present
- Venous beading or IRMA: Present
- Neovascularization: Absent
- Vitreous or preretinal hemorrhage: Absent
SEVERITY GRADE: 4
SEVERITY LABEL: Proliferative DR
RECOMMENDATION: Follow up with a retinal specialist for further evaluation and management.
SUMMARY: This image shows significant retinal findings consistent with proliferative diabetic retinopathy. There is extensive retinal vascular damage, including microaneurysms, hemorrhages, and cotton wool spots. Neovascularization is not present, but the overall picture indicates a high risk of vision loss.
",18.0
41174_right,4,structured,"IMAGE QUALITY: Poor
FINDINGS:
- Microaneurysms: Present
- Hemorrhages: Present
- Hard exudates: Present
- Cotton wool spots: Present
- Venous beading or IRMA: Present
- Neovascularization: Present
- Vitreous or preretinal hemorrhage: Present
SEVERITY GRADE: 4
SEVERITY LABEL: Proliferative DR
RECOMMENDATION: Schedule a follow-up appointment with an ophthalmologist for further evaluation and management.
SUMMARY: This image shows extensive retinal findings consistent with proliferative diabetic retinopathy. The presence of neovascularization, hemorrhages, and cotton wool spots indicates a high-risk condition. Prompt ophthalmological evaluation is crucial.
",17.8
9353_right,4,structured,"IMAGE QUALITY: Poor
FINDINGS:
- Microaneurysms: Present
- Hemorrhages: Present
- Hard exudates: Present
- Cotton wool spots: Present
- Venous beading or IRMA: Present
- Neovascularization: Present
- Vitreous or preretinal hemorrhage: Present
SEVERITY GRADE: 4
SEVERITY LABEL: Proliferative DR
RECOMMENDATION: Schedule a follow-up appointment with an ophthalmologist for further evaluation and management.
SUMMARY: The image shows significant retinal findings, including microaneurysms, hemorrhages, hard exudates, cotton wool spots, venous beading, neovascularization, and vitreous hemorrhage. This indicates a high-severity diabetic retinopathy requiring prompt ophthalmological attention.
",18.3
17489_right,4,structured,"IMAGE QUALITY: Poor
FINDINGS:
- Microaneurysms: Present
- Hemorrhages: Present
- Hard exudates: Present
- Cotton wool spots: Present
- Venous beading or IRMA: Present
- Neovascularization: Present
- Vitreous or preretinal hemorrhage: Present
SEVERITY GRADE: 4
SEVERITY LABEL: Proliferative DR
RECOMMENDATION: Schedule a follow-up appointment to assess for tractional retinal detachment and/or neovascular glaucoma.
SUMMARY: This image shows extensive retinal hemorrhages, microaneurysms, hard exudates, cotton wool spots, venous beading, neovascularization, and vitreous hemorrhage. This indicates proliferative diabetic retinopathy.
",17.8
19061_left,4,structured,"IMAGE QUALITY: Adequate
FINDINGS:
- Microaneurysms: Present
- Hemorrhages: Present
- Hard exudates: Present
- Cotton wool spots: Present
- Venous beading or IRMA: Present
- Neovascularization: Absent
- Vitreous or preretinal hemorrhage: Absent
SEVERITY GRADE: 4
SEVERITY LABEL: Proliferative DR
RECOMMENDATION: Follow up with a retinal specialist for further evaluation and management.
SUMMARY: The image shows significant retinal findings consistent with proliferative diabetic retinopathy. The presence of neovascularization and other features indicates a high risk for vision loss.
",16.0
17453_left,4,structured,"IMAGE QUALITY: Adequate
FINDINGS:
- Microaneurysms: Present
- Hemorrhages: Absent
- Hard exudates: Absent
- Cotton wool spots: Absent
- Venous beading or IRMA: Absent
- Neovascularization: Absent
- Vitreous or preretinal hemorrhage: Absent
SEVERITY GRADE: 2
SEVERITY LABEL: Moderate NPDR
RECOMMENDATION: Follow up in 6 months to monitor for progression.
SUMMARY: The image shows microaneurysms, indicating moderate non-proliferative diabetic retinopathy. No other significant findings are present.
",15.7
14844_left,4,structured,"IMAGE QUALITY: Poor
FINDINGS:
- Microaneurysms: Present
- Hemorrhages: Present
- Hard exudates: Present
- Cotton wool spots: Present
- Venous beading or IRMA: Present
- Neovascularization: Present
- Vitreous or preretinal hemorrhage: Present
SEVERITY GRADE: 4
SEVERITY LABEL: Proliferative DR
RECOMMENDATION: Urgent referral to a retinal specialist is recommended for further evaluation and management.
SUMMARY: This image shows extensive retinal abnormalities, including microaneurysms, hemorrhages, hard exudates, cotton wool spots, venous beading, neovascularization, and vitreous hemorrhage. This indicates a high-severity diabetic retinopathy requiring immediate specialist attention.
",18.3
28929_right,4,structured,"IMAGE QUALITY: Adequate
FINDINGS:
- Microaneurysms: Present
- Hemorrhages: Present
- Hard exudates: Present
- Cotton wool spots: Present
- Venous beading or IRMA: Present
- Neovascularization: Present
- Vitreous or preretinal hemorrhage: Present
SEVERITY GRADE: 4
SEVERITY LABEL: Proliferative DR
RECOMMENDATION: The patient requires immediate referral to a retinal specialist for further evaluation and management.
SUMMARY: This fundus image shows significant diabetic retinopathy with neovascularization, hemorrhages, and other signs of severe disease. The patient needs urgent specialist care.
",16.3
13938_left,4,structured,"IMAGE QUALITY: Adequate
FINDINGS:
- Microaneurysms: Present
- Hemorrhages: Present
- Hard exudates: Present
- Cotton wool spots: Present
- Venous beading or IRMA: Absent
- Neovascularization: Absent
- Vitreous or preretinal hemorrhage: Absent
SEVERITY GRADE: 4
SEVERITY LABEL: Proliferative DR
RECOMMENDATION: Follow up with a retinal specialist for further evaluation and management.
SUMMARY: The image shows extensive retinal hemorrhages, hard exudates, and cotton wool spots, indicating proliferative diabetic retinopathy. This requires prompt referral to a retinal specialist for comprehensive management.
",17.2
13308_right,4,structured,"IMAGE QUALITY: Poor
FINDINGS:
- Microaneurysms: Present
- Hemorrhages: Present
- Hard exudates: Present
- Cotton wool spots: Present
- Venous beading or IRMA: Present
- Neovascularization: Present
- Vitreous or preretinal hemorrhage: Present
SEVERITY GRADE: 4
SEVERITY LABEL: Proliferative DR
RECOMMENDATION: Urgent referral to a retinal specialist is recommended for further evaluation and management.
SUMMARY: This image shows significant retinal findings consistent with proliferative diabetic retinopathy. The presence of neovascularization, hemorrhages, and cotton wool spots indicates a high risk of vision loss. Immediate ophthalmological consultation is necessary.
",17.5
7945_left,4,structured,"IMAGE QUALITY: Adequate
FINDINGS:
- Microaneurysms: Present
- Hemorrhages: Present
- Hard exudates: Present
- Cotton wool spots: Present
- Venous beading or IRMA: Absent
- Neovascularization: Absent
- Vitreous or preretinal hemorrhage: Absent
SEVERITY GRADE: 2
SEVERITY LABEL: Moderate NPDR
RECOMMENDATION: Follow up in 6 months to monitor for progression.
SUMMARY: The image shows moderate non-proliferative diabetic retinopathy with microaneurysms, hemorrhages, hard exudates, and cotton wool spots. Further evaluation is needed to assess the progression of the disease.
",17.0
28948_left,4,structured,"IMAGE QUALITY: Adequate
FINDINGS:
- Microaneurysms: Present
- Hemorrhages: Present
- Hard exudates: Present
- Cotton wool spots: Present
- Venous beading or IRMA: Present
- Neovascularization: Present
- Vitreous or preretinal hemorrhage: Present
SEVERITY GRADE: 4
SEVERITY LABEL: Proliferative DR
RECOMMENDATION: Schedule a follow-up appointment to monitor for progression and consider treatment options.
SUMMARY: This image shows significant diabetic retinopathy with neovascularization, hemorrhages, and cotton wool spots. The patient requires prompt evaluation and management.
",16.2
15038_left,4,structured,"IMAGE QUALITY: Adequate
FINDINGS:
- Microaneurysms: Present
- Hemorrhages: Absent
- Hard exudates: Absent
- Cotton wool spots: Absent
- Venous beading or IRMA: Absent
- Neovascularization: Absent
- Vitreous or preretinal hemorrhage: Absent
SEVERITY GRADE: 2
SEVERITY LABEL: Moderate NPDR
RECOMMENDATION: Follow up in 6 months to monitor for progression.
SUMMARY: The image shows microaneurysms, indicating moderate non-proliferative diabetic retinopathy. There are no signs of more severe features like hemorrhages or neovascularization.
",16.2
27251_right,4,structured,"IMAGE QUALITY: Adequate
FINDINGS:
- Microaneurysms: Present
- Hemorrhages: Present
- Hard exudates: Present
- Cotton wool spots: Present
- Venous beading or IRMA: Present
- Neovascularization: Absent
- Vitreous or preretinal hemorrhage: Present
SEVERITY GRADE: 4
SEVERITY LABEL: Proliferative DR
RECOMMENDATION: Schedule a follow-up appointment to monitor for progression and treatment options.
SUMMARY: This image shows significant retinal findings, including microaneurysms, hemorrhages, hard exudates, cotton wool spots, venous beading, and vitreous hemorrhage. This indicates a high level of diabetic retinopathy.
",17.5
26772_left,4,structured,"IMAGE QUALITY: Poor
FINDINGS:
- Microaneurysms: Present
- Hemorrhages: Present
- Hard exudates: Present
- Cotton wool spots: Present
- Venous beading or IRMA: Present
- Neovascularization: Absent
- Vitreous or preretinal hemorrhage: Absent
SEVERITY GRADE: 4
SEVERITY LABEL: Proliferative DR
RECOMMENDATION: Follow up with a retinal specialist for further evaluation and management.
SUMMARY: The image shows significant retinal findings, including microaneurysms, hemorrhages, hard exudates, cotton wool spots, venous beading, and neovascularization. This indicates a high level of diabetic retinopathy.
",17.1
24019_right,4,structured,"IMAGE QUALITY: Adequate
FINDINGS:
- Microaneurysms: Present
- Hemorrhages: Present
- Hard exudates: Present
- Cotton wool spots: Present
- Venous beading or IRMA: Present
- Neovascularization: Present
- Vitreous or preretinal hemorrhage: Present
SEVERITY GRADE: 4
SEVERITY LABEL: Proliferative DR
RECOMMENDATION: Schedule a follow-up appointment to monitor for progression and manage complications.
SUMMARY: This image shows significant proliferative diabetic retinopathy with neovascularization, hemorrhages, and cotton wool spots. The patient requires prompt evaluation and management to prevent further vision loss.
",16.7
21373_right,4,structured,"IMAGE QUALITY: Adequate
FINDINGS:
- Microaneurysms: Absent
- Hemorrhages: Absent
- Hard exudates: Absent
- Cotton wool spots: Absent
- Venous beading or IRMA: Absent
- Neovascularization: Absent
- Vitreous or preretinal hemorrhage: Absent
SEVERITY GRADE: 0
SEVERITY LABEL: No DR
RECOMMENDATION: Schedule a follow-up examination in 6 months to monitor for any changes.
SUMMARY: The fundus image shows no signs of diabetic retinopathy. The patient should be monitored regularly to detect any progression.
",15.7
37332_right,4,structured,"IMAGE QUALITY: Adequate
FINDINGS:
- Microaneurysms: Present
- Hemorrhages: Present
- Hard exudates: Present
- Cotton wool spots: Present
- Venous beading or IRMA: Present
- Neovascularization: Absent
- Vitreous or preretinal hemorrhage: Absent
SEVERITY GRADE: 4
SEVERITY LABEL: Proliferative DR
RECOMMENDATION: Schedule a follow-up appointment to monitor for progression and manage complications.
SUMMARY: This image shows significant retinal findings consistent with proliferative diabetic retinopathy. The presence of neovascularization and hemorrhages indicates a high risk for vision loss.
",16.3
34901_left,4,structured,"IMAGE QUALITY: Poor
FINDINGS:
- Microaneurysms: Present
- Hemorrhages: Present
- Hard exudates: Present
- Cotton wool spots: Present
- Venous beading or IRMA: Present
- Neovascularization: Present
- Vitreous or preretinal hemorrhage: Present
SEVERITY GRADE: 4
SEVERITY LABEL: Proliferative DR
RECOMMENDATION: The patient requires immediate referral to a retinal specialist for possible panretinal photocoagulation and/or intravitreal anti-VEGF injections.
SUMMARY: This image shows extensive retinal findings consistent with proliferative diabetic retinopathy. The presence of neovascularization, hemorrhages, and cotton wool spots indicates a high risk of vision loss.
",18.1
34708_left,4,structured,"IMAGE QUALITY: Poor
FINDINGS:
- Microaneurysms: Present
- Hemorrhages: Present
- Hard exudates: Present
- Cotton wool spots: Present
- Venous beading or IRMA: Present
- Neovascularization: Present
- Vitreous or preretinal hemorrhage: Present
SEVERITY GRADE: 4
SEVERITY LABEL: Proliferative DR
RECOMMENDATION: The patient requires immediate referral to a retinal specialist for further evaluation and management.
SUMMARY: This image shows significant retinal findings consistent with proliferative diabetic retinopathy. The presence of neovascularization, hemorrhages, and cotton wool spots indicates a high risk of vision loss.
",16.8
15870_right,4,structured,"IMAGE QUALITY: Adequate
FINDINGS:
- Microaneurysms: Present
- Hemorrhages: Present
- Hard exudates: Present
- Cotton wool spots: Present
- Venous beading or IRMA: Absent
- Neovascularization: Absent
- Vitreous or preretinal hemorrhage: Absent
SEVERITY GRADE: 2
SEVERITY LABEL: Moderate NPDR
RECOMMENDATION: Follow up in 3 months to monitor for progression.
SUMMARY: The image shows moderate non-proliferative diabetic retinopathy with microaneurysms, hemorrhages, hard exudates, and cotton wool spots. Further evaluation is needed to assess the progression of the disease.
",17.1
10904_right,4,structured,"IMAGE QUALITY: Adequate
FINDINGS:
- Microaneurysms: Present
- Hemorrhages: Present
- Hard exudates: Absent
- Cotton wool spots: Absent
- Venous beading or IRMA: Absent
- Neovascularization: Absent
- Vitreous or preretinal hemorrhage: Absent
SEVERITY GRADE: 4
SEVERITY LABEL: Proliferative DR
RECOMMENDATION: Follow up with a retinal specialist for further evaluation and management.
SUMMARY: The image shows significant neovascularization and hemorrhages, indicating proliferative diabetic retinopathy. This requires prompt ophthalmological attention.
",15.6
13022_right,4,structured,"IMAGE QUALITY: Adequate
FINDINGS:
- Microaneurysms: Present
- Hemorrhages: Present
- Hard exudates: Present
- Cotton wool spots: Present
- Venous beading or IRMA: Present
- Neovascularization: Present
- Vitreous or preretinal hemorrhage: Present
SEVERITY GRADE: 4
SEVERITY LABEL: Proliferative DR
RECOMMENDATION: Schedule a follow-up appointment for further evaluation and management.
SUMMARY: This image shows significant retinal findings consistent with proliferative diabetic retinopathy. The presence of neovascularization and vitreous hemorrhage indicates a high risk for vision loss. Prompt referral to a retinal specialist is crucial.
",16.9
14495_right,4,structured,"IMAGE QUALITY: Adequate
FINDINGS:
- Microaneurysms: Present
- Hemorrhages: Present
- Hard exudates: Present
- Cotton wool spots: Present
- Venous beading or IRMA: Absent
- Neovascularization: Absent
- Vitreous or preretinal hemorrhage: Absent
SEVERITY GRADE: 4
SEVERITY LABEL: Proliferative DR
RECOMMENDATION: Schedule a follow-up appointment to monitor for progression.
SUMMARY: The image shows extensive retinal hemorrhages, hard exudates, and cotton wool spots, indicating proliferative diabetic retinopathy. Further evaluation and management are necessary.
",15.9
1663_left,4,structured,"IMAGE QUALITY: Adequate
FINDINGS:
- Microaneurysms: Present
- Hemorrhages: Present
- Hard exudates: Present
- Cotton wool spots: Present
- Venous beading or IRMA: Present
- Neovascularization: Present
- Vitreous or preretinal hemorrhage: Present
SEVERITY GRADE: 4
SEVERITY LABEL: Proliferative DR
RECOMMENDATION: The patient requires immediate referral to a retinal specialist for further evaluation and management.
SUMMARY: This image shows significant retinal findings, including microaneurysms, hemorrhages, hard exudates, cotton wool spots, venous beading, neovascularization, and vitreous hemorrhage. This indicates a high-severity diabetic retinopathy requiring urgent intervention.
",18.2
28077_right,4,structured,"IMAGE QUALITY: Adequate
FINDINGS:
- Microaneurysms: Present
- Hemorrhages: Present
- Hard exudates: Present
- Cotton wool spots: Present
- Venous beading or IRMA: Present
- Neovascularization: Present
- Vitreous or preretinal hemorrhage: Present
SEVERITY GRADE: 4
SEVERITY LABEL: Proliferative DR
RECOMMENDATION: The patient requires immediate referral to a retinal specialist for evaluation and management of proliferative diabetic retinopathy.
SUMMARY: The image shows significant retinal findings consistent with proliferative diabetic retinopathy, including neovascularization, hemorrhages, and cotton wool spots. This requires urgent ophthalmological attention.
",16.8
6707_right,4,structured,"IMAGE QUALITY: Adequate
FINDINGS:
- Microaneurysms: Present
- Hemorrhages: Present
- Hard exudates: Present
- Cotton wool spots: Present
- Venous beading or IRMA: Absent
- Neovascularization: Absent
- Vitreous or preretinal hemorrhage: Absent
SEVERITY GRADE: 4
SEVERITY LABEL: Proliferative DR
RECOMMENDATION: Follow up with a retinal specialist for further evaluation and management.
SUMMARY: The image shows extensive retinal changes, including microaneurysms, hemorrhages, and hard exudates. These findings indicate proliferative diabetic retinopathy.
",16.0
33358_right,4,structured,"IMAGE QUALITY: Adequate
FINDINGS:
- Microaneurysms: Present
- Hemorrhages: Present
- Hard exudates: Present
- Cotton wool spots: Present
- Venous beading or IRMA: Present
- Neovascularization: Present
- Vitreous or preretinal hemorrhage: Present
SEVERITY GRADE: 4
SEVERITY LABEL: Proliferative DR
RECOMMENDATION: Refer to a retinal specialist for further evaluation and management.
SUMMARY: This image shows extensive retinal abnormalities, including microaneurysms, hemorrhages, hard exudates, cotton wool spots, venous beading, neovascularization, and vitreous hemorrhage. This indicates a high-severity diabetic retinopathy requiring immediate attention.
",17.8
9863_left,4,structured,"IMAGE QUALITY: Adequate
FINDINGS:
- Microaneurysms: Present
- Hemorrhages: Present
- Hard exudates: Absent
- Cotton wool spots: Absent
- Venous beading or IRMA: Absent
- Neovascularization: Absent
- Vitreous or preretinal hemorrhage: Absent
SEVERITY GRADE: 2
SEVERITY LABEL: Moderate NPDR
RECOMMENDATION: Follow up in 6 months to monitor for progression.
SUMMARY: The image shows moderate non-proliferative diabetic retinopathy with microaneurysms and hemorrhages. Further evaluation is needed to assess for progression.
",16.0
18017_left,4,structured,"IMAGE QUALITY: Adequate
FINDINGS:
- Microaneurysms: Absent
- Hemorrhages: Absent
- Hard exudates: Absent
- Cotton wool spots: Absent
- Venous beading or IRMA: Absent
- Neovascularization: Absent
- Vitreous or preretinal hemorrhage: Absent
SEVERITY GRADE: 0
SEVERITY LABEL: No DR
RECOMMENDATION: Schedule a follow-up examination in 6 months.
SUMMARY: The fundus image shows no signs of diabetic retinopathy. The patient should be monitored regularly to detect any changes.
",15.1
12108_left,4,structured,"IMAGE QUALITY: Poor
FINDINGS:
- Microaneurysms: Present
- Hemorrhages: Present
- Hard exudates: Present
- Cotton wool spots: Present
- Venous beading or IRMA: Present
- Neovascularization: Absent
- Vitreous or preretinal hemorrhage: Absent
SEVERITY GRADE: 4
SEVERITY LABEL: Proliferative DR
RECOMMENDATION: Follow up with a retinal specialist for further evaluation and management.
SUMMARY: The image shows extensive retinal abnormalities, including microaneurysms, hemorrhages, hard exudates, cotton wool spots, venous beading, and neovascularization. This indicates proliferative diabetic retinopathy.
",16.8
24773_left,4,structured,"IMAGE QUALITY: Adequate
FINDINGS:
- Microaneurysms: Present
- Hemorrhages: Present
- Hard exudates: Present
- Cotton wool spots: Present
- Venous beading or IRMA: Present
- Neovascularization: Absent
- Vitreous or preretinal hemorrhage: Present
SEVERITY GRADE: 4
SEVERITY LABEL: Proliferative DR
RECOMMENDATION: Follow up with a retinal specialist for further evaluation and management.
SUMMARY: This image shows significant retinal findings, including microaneurysms, hemorrhages, cotton wool spots, venous beading, and vitreous hemorrhage. The presence of neovascularization indicates proliferative diabetic retinopathy.
",17.1
20752_right,4,structured,"IMAGE QUALITY: Poor
FINDINGS:
- Microaneurysms: Present
- Hemorrhages: Present
- Hard exudates: Present
- Cotton wool spots: Present
- Venous beading or IRMA: Present
- Neovascularization: Present
- Vitreous or preretinal hemorrhage: Present
SEVERITY GRADE: 4
SEVERITY LABEL: Proliferative DR
RECOMMENDATION: Refer to a retinal specialist immediately for further evaluation and management.
SUMMARY: This image shows extensive retinal abnormalities, including neovascularization, hemorrhages, and exudates. This indicates a high-risk proliferative diabetic retinopathy.
",16.1
13066_right,4,structured,"IMAGE QUALITY: Adequate
FINDINGS:
- Microaneurysms: Present
- Hemorrhages: Present
- Hard exudates: Present
- Cotton wool spots: Present
- Venous beading or IRMA: Present
- Neovascularization: Absent
- Vitreous or preretinal hemorrhage: Absent
SEVERITY GRADE: 3
SEVERITY LABEL: Severe NPDR
RECOMMENDATION: Follow up with an ophthalmologist for further evaluation and management.
SUMMARY: The image shows signs of severe non-proliferative diabetic retinopathy, including microaneurysms, hemorrhages, hard exudates, cotton wool spots, and venous beading. This requires prompt ophthalmological attention.
",17.2
31461_right,4,structured,"IMAGE QUALITY: Adequate
FINDINGS:
- Microaneurysms: Present
- Hemorrhages: Present
- Hard exudates: Present
- Cotton wool spots: Present
- Venous beading or IRMA: Present
- Neovascularization: Present
- Vitreous or preretinal hemorrhage: Present
SEVERITY GRADE: 4
SEVERITY LABEL: Proliferative DR
RECOMMENDATION: Consider panretinal photocoagulation (PRP) and intravitreal anti-VEGF injections.
SUMMARY: This image shows significant retinal findings consistent with proliferative diabetic retinopathy. The presence of neovascularization, hemorrhages, and exudates indicates a high risk of vision loss. Prompt treatment is necessary to prevent further complications.
",18.0
16392_left,4,structured,"IMAGE QUALITY: Adequate
FINDINGS:
- Microaneurysms: Present
- Hemorrhages: Present
- Hard exudates: Present
- Cotton wool spots: Present
- Venous beading or IRMA: Present
- Neovascularization: Present
- Vitreous or preretinal hemorrhage: Present
SEVERITY GRADE: 4
SEVERITY LABEL: Proliferative DR
RECOMMENDATION: The patient requires immediate referral to a retinal specialist for further evaluation and management.
SUMMARY: The fundus image shows extensive retinal hemorrhages, neovascularization, and other signs of proliferative diabetic retinopathy. This indicates a high risk of vision loss and requires urgent specialist attention.
",17.0
38064_left,4,structured,"IMAGE QUALITY: Adequate
FINDINGS:
- Microaneurysms: Present
- Hemorrhages: Present
- Hard exudates: Present
- Cotton wool spots: Present
- Venous beading or IRMA: Present
- Neovascularization: Absent
- Vitreous or preretinal hemorrhage: Absent
SEVERITY GRADE: 4
SEVERITY LABEL: Proliferative DR
RECOMMENDATION: Follow up with a retinal specialist for further evaluation and management.
SUMMARY: This image shows extensive retinal findings consistent with proliferative diabetic retinopathy. The presence of neovascularization and other signs of advanced disease warrants prompt specialist referral.
",16.5
7853_right,4,structured,"IMAGE QUALITY: Poor
FINDINGS:
- Microaneurysms: Present
- Hemorrhages: Present
- Hard exudates: Present
- Cotton wool spots: Present
- Venous beading or IRMA: Present
- Neovascularization: Present
- Vitreous or preretinal hemorrhage: Present
SEVERITY GRADE: 4
SEVERITY LABEL: Proliferative DR
RECOMMENDATION: Follow up with a retinal specialist for further evaluation and management.
SUMMARY: This image shows significant retinal findings consistent with proliferative diabetic retinopathy. The presence of neovascularization, hemorrhages, and cotton wool spots indicates a high-risk condition. A specialist consultation is necessary for appropriate treatment planning.
",17.2
4095_right,0,zero_shot,"Okay, based on the provided retinal fundus image, here's a description and assessment of the diabetic retinopathy severity:

**Description:**

The image shows a relatively clear view of the optic disc and retinal vessels. The optic disc appears normal in size and shape. The retinal vessels are visible, but the image is quite dark, making it difficult to assess for microaneurysms, hemorrhages, or exudates. The image is also not centered, which can make it difficult to assess the peripheral retina.

**Assessment of Diabetic Retinopathy Severity:**

Given the limited visibility in the image, it is impossible to definitively assess the severity of diabetic retinopathy. However, based on the information available, I can provide a preliminary assessment:

*   **No obvious signs of diabetic retinopathy are visible.** The image is too dark and not centered to assess for microaneurysms, hemorrhages, exudates, or neovascularization.

**Important Considerations:**

*   **Image Quality:** The quality of the image is a significant limitation. A higher-resolution image with better lighting would be necessary for a more accurate assessment.
*   **Clinical History:** The patient's medical history, including duration of diabetes, glycemic control, and other relevant factors, is crucial for determining the severity of diabetic retinopathy.
*   **Dilated Fundus Examination:** A comprehensive dilated fundus examination is essential for diagnosing and staging diabetic retinopathy.

**Recommendation:**

A comprehensive dilated fundus examination by an ophthalmologist is necessary to accurately assess the severity of diabetic retinopathy and determine the appropriate management plan.

**Disclaimer:** This assessment is based solely on the provided image and is for informational purposes only. It should not be considered a substitute for a professional medical evaluation.
",33.9
11527_left,0,zero_shot,"Okay, I've examined the retinal fundus image. Here's a description of the findings and an assessment of the diabetic retinopathy severity:

**Description of Findings:**

*   **Macula:** The macula appears relatively normal in terms of its central area. There is no obvious edema or significant distortion.
*   **Retinal Vessels:** The retinal vessels appear to be somewhat attenuated, which is common in diabetic retinopathy. There are some signs of microaneurysms, which are small, abnormal bulges in the walls of the retinal blood vessels.
*   **Cotton Wool Spots:** There are some small, white fluffy patches (cotton wool spots) visible in the nerve fiber layer. These represent areas of nerve fiber infarction due to ischemia.
*   **Hemorrhages:** There are some small hemorrhages present, likely microaneurysms that have ruptured.
*   **Optic Disc:** The optic disc appears normal in appearance.

**Diabetic Retinopathy Severity Assessment:**

Based on the findings, the diabetic retinopathy severity is likely **Mild to Moderate**.

Here's the reasoning:

*   **Microaneurysms:** The presence of microaneurysms is a hallmark of diabetic retinopathy.
*   **Cotton Wool Spots:** The presence of cotton wool spots indicates some degree of retinal ischemia.
*   **Hemorrhages:** The presence of hemorrhages suggests some leakage from the damaged blood vessels.

The absence of significant macular edema or neovascularization (new blood vessel growth) suggests that the disease is not yet at the severe stage.

**Important Considerations:**

*   This assessment is based solely on the provided image. A comprehensive evaluation would require a complete dilated fundus examination, including assessment of the peripheral retina, optic disc, and macula.
*   The severity of diabetic retinopathy can vary significantly from person to person, even with similar findings.
*   The presence of other factors, such as the patient's blood sugar control, blood pressure, and other medical conditions, can also influence the progression of diabetic retinopathy.

**Recommendations:**

*   The patient should be monitored regularly by an ophthalmologist to assess for progression of diabetic retinopathy.
*   Blood sugar control, blood pressure management, and lifestyle modifications (such as diet and exercise) are crucial for slowing the progression of diabetic retinopathy.
*   The ophthalmologist may recommend laser treatment or intravitreal injections to address specific findings, such as macular edema or neovascularization",46.7
35004_right,0,zero_shot,"I am unable to provide a definitive assessment of diabetic retinopathy severity based on this image alone. The image quality is very poor, making it difficult to discern any specific retinal features.

Here's why I can't give a reliable assessment:

*   **Poor Image Quality:** The image is blurry and lacks sufficient detail. It's impossible to see the retinal vessels clearly, which are crucial for diagnosing diabetic retinopathy.
*   **Lack of Key Features:** To assess diabetic retinopathy, I need to see:
    *   **Microaneurysms:** Tiny, red dots on the retina.
    *   **Hemorrhages:** Bleeding in the retina.
    *   **Exudates:** Protein deposits in the retina.
    *   **Cotton Wool Spots:** White patches indicating nerve fiber layer infarcts.
    *   **Macular Edema:** Swelling of the macula (central part of the retina).
    *   **Neovascularization:** Growth of new, abnormal blood vessels.

Without these features, I can only make very general observations.

**In summary, I cannot provide a diabetic retinopathy severity assessment based on this image.** A proper evaluation requires a high-quality fundus photograph or OCT scan.

If you have a clearer image or a diagnosis from another source, please provide it, and I can offer a more informed opinion.
",27.9
25941_left,0,zero_shot,"Okay, I've examined the retinal fundus image. Here's a description of the findings and an assessment of the diabetic retinopathy severity:

**Findings:**

*   **Macula:** The macula appears relatively clear and well-defined. There are no obvious signs of macular edema, drusen, or significant pigmentary changes.
*   **Retinal Vessels:** The retinal vessels appear to be generally normal in caliber and distribution. There are no significant signs of arteriolar narrowing (microaneurysms) or hemorrhages.
*   **Optic Disc:** The optic disc appears normal in appearance.

**Diabetic Retinopathy Severity Assessment:**

Based on the provided image, the diabetic retinopathy severity appears to be **mild**.

**Explanation:**

The absence of significant microaneurysms, hemorrhages, or other signs of diabetic retinopathy makes this a low-risk finding. The macula appears healthy, which is a positive sign.

**Important Considerations:**

*   **This is a limited assessment.** A full diabetic retinopathy evaluation requires a comprehensive examination, including assessment of the peripheral retina, optic disc, and potentially optical coherence tomography (OCT) to evaluate for macular edema.
*   **Clinical History is Crucial:** The severity of diabetic retinopathy can vary significantly based on the patient's history of diabetes, blood sugar control, and other risk factors.
*   **Follow-up is Essential:** Regular eye exams are crucial for individuals with diabetes to monitor for the development of diabetic retinopathy and to receive timely treatment if needed.

**Disclaimer:** This assessment is based solely on the provided image and should not be considered a substitute for a comprehensive eye examination by a qualified ophthalmologist.
",33.2
28774_right,0,zero_shot,"Okay, I've reviewed the retinal fundus image. Here's a description of the findings and an assessment of the diabetic retinopathy severity:

**Description of Findings:**

*   **Macular Edema:** There is evidence of macular edema, which is a common complication of diabetic retinopathy. The macula is the central part of the retina responsible for sharp, central vision. The edema appears as a hazy, indistinct area in the center of the fundus.
*   **Retinal Vein Occlusion:** There is a retinal vein occlusion (RVO) in the image. The retinal vein appears narrowed and tortuous.
*   **Cotton Wool Spots:** There are several cotton wool spots, which are small, white patches on the retina. These represent areas of nerve fiber layer infarction due to ischemia.
*   **Microaneurysms:** There are some microaneurysms, which are small, abnormal bulges in the walls of retinal blood vessels. These are a hallmark of diabetic retinopathy.
*   **Hyperpigmentation:** There is some hyperpigmentation in the fundus, which can be associated with chronic conditions like diabetes.
*   **Optic Disc:** The optic disc appears normal.

**Diabetic Retinopathy Severity Assessment:**

Based on the findings, the diabetic retinopathy severity is likely **moderate to severe**.

*   The presence of macular edema, retinal vein occlusion, cotton wool spots, and microaneurysms all indicate a significant level of retinal damage.
*   The macular edema is a particularly concerning finding, as it can lead to vision loss.

**Important Considerations:**

*   This assessment is based solely on the provided image. A comprehensive evaluation would require a complete ophthalmologic examination, including visual acuity testing, fundus photography, and potentially other imaging modalities like optical coherence tomography (OCT) and fluorescein angiography.
*   The severity of diabetic retinopathy can vary significantly from person to person, depending on factors such as the duration of diabetes, blood sugar control, and other health conditions.
*   The presence of macular edema and RVO can significantly impact vision and quality of life.

**Recommendations:**

*   The patient should be referred to an ophthalmologist for a comprehensive evaluation and management plan.
*   Management options for diabetic retinopathy may include laser photocoagulation, intravitreal injections of anti-VEGF medications, and/or surgery.
*   Strict blood sugar control is essential to prevent further progression of diabetic retinopathy",47.0
17561_left,0,zero_shot,"Okay, I've reviewed the retinal fundus image. Here's a description of the findings and an assessment of the diabetic retinopathy severity:

**Description of Findings:**

*   **Overall Appearance:** The image appears to be a fundus photograph of the retina. The image quality is somewhat limited due to the low resolution and the presence of artifacts.
*   **Macula:** The macula appears to be relatively clear, with no obvious signs of macular edema or drusen.
*   **Retinal Vessels:** The retinal vessels appear to be somewhat attenuated, which can be a sign of chronic hypertension or diabetes.
*   **Other Structures:** The optic disc appears normal in size and shape. The peripheral retina appears relatively normal.

**Diabetic Retinopathy Severity Assessment:**

Based on the limited information available in this image, it is difficult to definitively assess the severity of diabetic retinopathy. However, I can provide a preliminary assessment:

*   **No obvious signs of severe diabetic retinopathy:** There are no clear signs of neovascularization, vitreous hemorrhage, or tractional retinal detachment.
*   **Possible signs of mild to moderate diabetic retinopathy:** The attenuated retinal vessels could be a sign of diabetic retinopathy, but further evaluation is needed to confirm this.

**Important Considerations:**

*   **Limited Image Quality:** The low resolution and artifacts in the image make it difficult to assess the retina accurately.
*   **Need for Further Evaluation:** A comprehensive dilated fundus examination is necessary to accurately assess the severity of diabetic retinopathy. This examination should include evaluation of the macula, retinal vessels, and peripheral retina.
*   **Clinical History:** The patient's medical history, including their diabetes control and other relevant factors, is also important for assessing the severity of diabetic retinopathy.

**Disclaimer:**

This assessment is based solely on the provided image and is for informational purposes only. It should not be considered a substitute for a comprehensive eye examination by a qualified ophthalmologist. A proper diagnosis and treatment plan can only be determined after a thorough evaluation of the retina.
",39.5
8316_right,0,zero_shot,"Okay, I've examined the retinal fundus image you provided. Based on the image, here's a description and assessment of the diabetic retinopathy severity:

**Description:**

The image shows a relatively clear view of the fundus, although the image quality is not ideal. The optic disc appears normal in size and shape. The retinal vessels are visible, but the details are somewhat limited due to the image quality.

**Assessment of Diabetic Retinopathy Severity:**

Based on the limited image quality, it is difficult to definitively assess the severity of diabetic retinopathy. However, I can make some preliminary observations:

*   **No obvious signs of significant macular edema or neovascularization:** The image does not show any clear signs of fluid accumulation in the macula (macular edema) or the growth of new blood vessels (neovascularization).
*   **Possible early signs of microaneurysms:** It is difficult to definitively rule out microaneurysms, which are small, abnormal bulges in the walls of retinal blood vessels. However, the image quality is not sufficient to confirm or deny their presence.
*   **Possible early signs of hemorrhages:** It is difficult to definitively rule out hemorrhages, which are bleeding in the retina. However, the image quality is not sufficient to confirm or deny their presence.

**Conclusion:**

Based on the limited image quality, it is difficult to definitively assess the severity of diabetic retinopathy. However, the image does not show any obvious signs of significant macular edema or neovascularization. It is possible that there are early signs of microaneurysms or hemorrhages, but these cannot be confirmed with certainty.

**Recommendations:**

Given the limitations of the image, I would recommend the following:

*   **Repeat fundus examination:** A repeat fundus examination with better image quality is necessary to accurately assess the presence and severity of any potential diabetic retinopathy findings.
*   **Optical coherence tomography (OCT):** OCT is a non-invasive imaging technique that can be used to detect macular edema.
*   **Fluorescein angiography (FA):** FA is a more invasive imaging technique that can be used to detect neovascularization and microaneurysms.

**Disclaimer:**

This assessment is based solely on the provided image and is for informational purposes only. It is not a substitute for a comprehensive eye examination by a qualified ophthalmologist. A proper diagnosis and treatment plan can only be determined after a thorough evaluation of the patient's",46.8
21539_right,0,zero_shot,"Okay, I've reviewed the retinal fundus image you provided. Based on the limited information and the image quality, here's my assessment:

**Findings:**

*   **Macula:** The macula appears relatively clear. There are no obvious signs of macular edema, drusen, or significant pigmentary changes.
*   **Retinal Vessels:** The retinal vessels appear generally normal in caliber and distribution. There are no obvious signs of significant arteriolar narrowing (AVN) or hemorrhages.
*   **Optic Disc:** The optic disc appears normal in appearance.

**Diabetic Retinopathy Severity Assessment:**

Based on the limited information and the image quality, it is difficult to definitively assess the severity of diabetic retinopathy. However, I can provide a preliminary assessment:

*   **No obvious signs of diabetic retinopathy:** The image does not show any clear signs of diabetic retinopathy, such as microaneurysms, hemorrhages, exudates, or neovascularization.
*   **Need for further evaluation:** A more detailed fundus examination is required to rule out any subtle signs of diabetic retinopathy that may not be visible in this image.

**Important Considerations:**

*   **Image Quality:** The image quality is limited, which makes it difficult to assess the fundus in detail.
*   **Clinical History:** The patient's clinical history, including their duration of diabetes, blood sugar control, and other relevant medical conditions, is crucial for accurate assessment.
*   **Follow-up:** A follow-up fundus examination is recommended to monitor for any changes in the retina.

**Disclaimer:** This assessment is based solely on the provided image and limited information. A comprehensive ophthalmological examination is necessary for an accurate diagnosis and treatment plan.
",34.6
42485_right,0,zero_shot,"Okay, I've reviewed the retinal fundus image you provided. Based on the image, I can assess the findings and provide a preliminary assessment of diabetic retinopathy severity.

**Findings:**

*   **Macula:** The macula appears relatively clear and well-defined. There are no obvious signs of macular edema, drusen, or significant pigmentary changes.
*   **Retinal Vessels:** The retinal vessels appear to be generally normal in caliber and distribution. There are no obvious signs of significant arteriolar narrowing (microaneurysms) or hemorrhages.
*   **Optic Disc:** The optic disc appears normal in appearance.

**Diabetic Retinopathy Severity Assessment:**

Based on the limited information available from this single image, I would classify the diabetic retinopathy severity as **no diabetic retinopathy (NDR)**.

**Explanation:**

The absence of any significant findings such as microaneurysms, hemorrhages, exudates, or neovascularization makes it difficult to assess the severity of diabetic retinopathy.

**Important Considerations:**

*   **This is a preliminary assessment based on a single image.** A comprehensive evaluation requires a full dilated fundus examination, including assessment of the peripheral retina, optic disc, and other relevant structures.
*   **The patient's history of diabetes is crucial.** The presence of diabetes, duration of diabetes, glycemic control, and other relevant medical conditions significantly influence the risk and progression of diabetic retinopathy.
*   **Other factors can influence the severity of diabetic retinopathy.** These include genetics, lifestyle factors (smoking, diet, exercise), and other medical conditions.

**Recommendations:**

*   **Referral to an ophthalmologist for a comprehensive dilated fundus examination is highly recommended.** This will allow for a more accurate assessment of the patient's diabetic retinopathy status and appropriate management.
*   **If the patient has diabetes, regular eye exams are essential.** This will help to detect and manage diabetic retinopathy early, preventing vision loss.

**Disclaimer:**

This assessment is based on the limited information provided in the image and should not be considered a substitute for a comprehensive ophthalmological examination.
",40.5
32246_right,0,zero_shot,"Okay, I've reviewed the retinal fundus image.

**Findings:**

*   **Darkness:** The image is very dark, making it difficult to visualize the retinal details.
*   **Macula:** The macula appears to be relatively clear, but the lack of light makes it hard to assess for any macular edema or drusen.
*   **Retinal Vessels:** The retinal vessels are not clearly visible due to the darkness.

**Assessment of Diabetic Retinopathy Severity:**

Based on the limited information and the darkness of the image, it is **impossible to accurately assess the severity of diabetic retinopathy.**

**Why I can't provide a definitive assessment:**

*   **Insufficient Detail:** The image is too dark to visualize the key features of diabetic retinopathy, such as microaneurysms, hemorrhages, exudates, and neovascularization.
*   **Lack of Contrast:** The lack of contrast makes it difficult to differentiate between normal retinal structures and those affected by diabetic retinopathy.
*   **No Fundus Features:** Without seeing the fundus, I cannot assess for the presence of any of the characteristic features of diabetic retinopathy.

**Recommendations:**

To accurately assess the severity of diabetic retinopathy, a fundus examination with good lighting and contrast is required. The ophthalmologist would need to look for the following:

*   **Microaneurysms:** Small, red dots on the retina.
*   **Hemorrhages:** Bleeding in the retina or vitreous.
*   **Exudates:** Protein deposits in the retina.
*   **Macular Edema:** Swelling of the macula.
*   **Neovascularization:** Growth of new blood vessels.

If you have a fundus image with better lighting and contrast, I would be happy to provide a more detailed assessment.
",35.8
18923_right,0,zero_shot,"Okay, I've reviewed the retinal fundus image. Here's a description of the findings and an assessment of the diabetic retinopathy severity:

**Description of Findings:**

*   **Central Macular Edema (CME):** The most prominent finding is a large, white, opaque area in the center of the fundus. This is highly suggestive of central macular edema (CME). The edema appears to be affecting the macula, which is responsible for central vision.
*   **Optic Disc:** The optic disc appears relatively normal in appearance.
*   **Retinal Vessels:** The retinal vessels appear somewhat attenuated (narrowed) in the periphery, which can be a sign of chronic hypertension or diabetes.
*   **Overall Image Quality:** The image quality is somewhat suboptimal due to the presence of the opaque area, which obscures the view of the deeper retinal structures.

**Diabetic Retinopathy Severity Assessment:**

Based on the findings, the diabetic retinopathy severity is likely **Severe**.

**Reasoning:**

*   **Central Macular Edema (CME):** CME is a significant finding in diabetic retinopathy and can lead to vision loss. It is a hallmark of advanced diabetic retinopathy.
*   **Other Factors:** The presence of attenuated retinal vessels could be a sign of diabetic retinopathy, but it is not sufficient to determine the severity on its own.

**Important Considerations:**

*   **This assessment is based solely on the provided image.** A complete evaluation requires a comprehensive ophthalmologic examination, including visual acuity testing, fundus photography, optical coherence tomography (OCT), and possibly fluorescein angiography.
*   **The severity of diabetic retinopathy can vary significantly from person to person.** Factors such as the duration of diabetes, blood sugar control, and other medical conditions can influence the progression of the disease.
*   **The presence of CME does not necessarily mean that the patient is legally blind.** The extent of vision loss depends on the size and location of the edema, as well as the patient's visual acuity.

**Recommendations:**

*   **Immediate Referral:** This patient needs to be referred to an ophthalmologist for a comprehensive evaluation and management plan.
*   **Management:** The management of diabetic retinopathy with CME typically involves:
    *   **Intravitreal injections of anti-VEGF medications:** These medications help to reduce the swelling in the macula and improve vision.
    *   **Laser photocoagulation:** This procedure can be used to",46.8
42070_left,0,zero_shot,"Okay, I've examined the retinal fundus image. Here's a description of the findings and an assessment of the diabetic retinopathy severity:

**Description of Findings:**

*   **Overall Appearance:** The image appears to be a fundus photograph of the retina. The optic disc is visible, and the retinal vessels are present.
*   **Macula:** The macula appears relatively normal in terms of its central area. There are no obvious signs of macular edema or significant drusen.
*   **Retinal Vessels:** The retinal vessels appear to be of normal caliber and distribution. There are no significant signs of arteriolar narrowing (microaneurysms) or hemorrhages.
*   **Other Structures:** The image shows the typical structures of the fundus, including the choroid, sclera, and optic disc.

**Diabetic Retinopathy Severity Assessment:**

Based on the provided image, I would assess the diabetic retinopathy severity as **no diabetic retinopathy (NDR)**.

**Explanation:**

*   **No Evidence of Diabetic Retinopathy:** The image does not show any of the characteristic features of diabetic retinopathy, such as microaneurysms, hemorrhages, exudates, or neovascularization.
*   **Normal Fundus Appearance:** The retinal vessels appear normal, and the macula shows no signs of edema or drusen.

**Important Considerations:**

*   **Limited Information:** This assessment is based solely on the provided image. A comprehensive evaluation would require a full fundus examination, including assessment of the macula, peripheral retina, and optic disc.
*   **Clinical History:** The patient's history of diabetes, blood sugar control, and other relevant medical conditions are crucial for accurate diagnosis and management.
*   **Follow-up:** Regular follow-up examinations are essential to monitor for the development of diabetic retinopathy.

**Disclaimer:**

This assessment is for informational purposes only and should not be considered a substitute for professional medical advice. A qualified ophthalmologist should be consulted for a complete eye examination and diagnosis.",39.5
42515_left,0,zero_shot,"Okay, based on the provided retinal fundus image, here's a description and assessment of the diabetic retinopathy severity:

**Description:**

*   **Macula:** The macula appears relatively clear and well-defined. There are no obvious signs of macular edema or significant drusen.
*   **Retinal Vessels:** The retinal vessels appear to be generally normal in caliber and distribution. There are no significant signs of microaneurysms, hemorrhages, or cotton wool spots.
*   **Optic Disc:** The optic disc appears normal in appearance.

**Diabetic Retinopathy Severity Assessment:**

Based on the image, the diabetic retinopathy severity appears to be **mild**.

**Reasoning:**

*   The absence of microaneurysms, hemorrhages, or cotton wool spots is a key indicator of mild diabetic retinopathy.
*   The macula appears relatively normal, suggesting that macular edema is not a significant factor.

**Important Considerations:**

*   **This assessment is based solely on the provided image.** A comprehensive evaluation requires a full dilated fundus examination, including assessment of the peripheral retina, optic disc, and other structures.
*   **Clinical History is Crucial:** The patient's history of diabetes, blood sugar control, and other relevant factors are essential for accurate diagnosis and management.
*   **Further Evaluation:** While the image suggests mild diabetic retinopathy, it's important to monitor the patient regularly to detect any progression to more severe stages.

**Disclaimer:** This is an expert opinion based on a single image and should not be considered a substitute for a comprehensive ophthalmological examination by a qualified professional.
",32.0
19627_right,0,zero_shot,"Okay, I've examined the retinal fundus image. Here's a description of the findings and an assessment of the diabetic retinopathy severity:

**Description of Findings:**

*   **Overall Appearance:** The image appears to be a relatively clear fundus photograph. The optic disc is visible, and the retinal vessels are present.
*   **Macula:** The macula appears to be relatively clear, with no obvious signs of macular edema or drusen.
*   **Retinal Vessels:** The retinal vessels appear to be of normal caliber and distribution. There are no significant signs of arteriolar narrowing (hemorrhages) or AV nicking.
*   **Other Structures:** The image shows the typical structures of the fundus, including the choroid, sclera, and optic disc.

**Diabetic Retinopathy Severity Assessment:**

Based on the provided image, I would assess the diabetic retinopathy severity as **no diabetic retinopathy (NDR)**.

**Explanation:**

*   **No Evidence of Diabetic Retinopathy:** The image does not show any of the characteristic features of diabetic retinopathy, such as microaneurysms, hemorrhages, exudates, or neovascularization.
*   **Normal Fundus Appearance:** The retinal vessels appear normal, and the macula is clear.

**Important Considerations:**

*   **Limited Information:** This assessment is based solely on the provided image. A comprehensive evaluation would require a complete fundus examination, including assessment of the macula, optic disc, and peripheral retina.
*   **Clinical History:** The patient's history of diabetes, including duration of diabetes, glycemic control, and presence of other medical conditions, is crucial for accurate assessment.
*   **Follow-up:** Regular follow-up examinations are essential to monitor for the development of diabetic retinopathy.

**Disclaimer:** This assessment is for informational purposes only and should not be considered a substitute for a professional medical evaluation. A qualified ophthalmologist should be consulted for diagnosis and treatment of any eye condition.",38.9
26020_right,0,zero_shot,"Okay, I've reviewed the retinal fundus image. Here's a description of the findings and an assessment of the diabetic retinopathy severity:

**Description of Findings:**

*   **Overall Appearance:** The image appears to be a fundus photograph of the retina. The image quality is good, allowing for visualization of the retinal vessels.
*   **Macula:** The macula appears relatively normal in size and shape. There are no obvious signs of macular edema or drusen.
*   **Retinal Vessels:** The retinal vessels appear to be of normal caliber and distribution. There are no significant signs of arteriolar narrowing (microaneurysms) or hemorrhages.
*   **Optic Disc:** The optic disc appears normal in appearance.

**Diabetic Retinopathy Severity Assessment:**

Based on the provided image, the diabetic retinopathy severity is **mild**.

**Reasoning:**

*   The image does not show any signs of diabetic retinopathy. There are no microaneurysms, hemorrhages, exudates, or neovascularization.
*   The retinal vessels appear normal in caliber and distribution.
*   The macula appears normal.

**Important Considerations:**

*   This assessment is based solely on the provided image. A comprehensive evaluation would require a complete fundus examination, including assessment of the peripheral retina, optic disc, and macula.
*   The patient's history of diabetes, including duration of diabetes, glycemic control, and presence of other diabetic complications, is crucial for accurate assessment and management.
*   This assessment is for informational purposes only and should not be considered a substitute for professional medical advice.

**Disclaimer:** I am an AI and cannot provide medical diagnoses or treatment recommendations. This assessment is based on the limited information provided and should be reviewed by a qualified ophthalmologist.
",35.5
41965_right,0,zero_shot,"Okay, I've examined the retinal fundus image you provided. Here's a description of the findings and an assessment of the diabetic retinopathy severity:

**Description of Findings:**

*   **Macula:** The macula appears relatively clear and well-defined. There are no obvious signs of macular edema, drusen, or other macular pathologies.
*   **Retinal Vessels:** The retinal vessels appear normal in caliber and distribution. There are no significant signs of arteriolar narrowing (hemorrhages, cotton wool spots, or AV nicking).
*   **Optic Disc:** The optic disc appears normal in appearance.
*   **Overall:** The image shows a generally healthy appearance of the retina and optic disc.

**Diabetic Retinopathy Severity Assessment:**

Based on the provided image, the diabetic retinopathy severity is **mild**.

**Explanation:**

The absence of significant findings such as hemorrhages, cotton wool spots, or neovascularization makes it difficult to assess the severity of diabetic retinopathy. The image shows a healthy appearance of the retina and optic disc.

**Important Considerations:**

*   **This assessment is based solely on the provided image.** A comprehensive evaluation requires a full dilated fundus examination, including assessment of the peripheral retina, optic disc, and other structures.
*   **The patient's history of diabetes is crucial.** The presence of diabetes, duration of diabetes, and glycemic control are all important factors in determining the risk of diabetic retinopathy.
*   **Other factors can influence the severity of diabetic retinopathy.** These include age, race, hypertension, hyperlipidemia, and smoking.

**Recommendation:**

I recommend that the patient undergo a comprehensive dilated fundus examination by an ophthalmologist to confirm the assessment and to rule out any other potential retinal abnormalities. The ophthalmologist can also assess the patient's risk factors for diabetic retinopathy and provide appropriate recommendations for management.

**Disclaimer:** This information is for educational purposes only and should not be considered medical advice. It is essential to consult with a qualified ophthalmologist for any eye-related concerns.
",39.4
35277_left,0,zero_shot,"Okay, I've reviewed the retinal fundus image. Here's a description of the findings and an assessment of the diabetic retinopathy severity:

**Description of Findings:**

*   **Macula:** The macula appears relatively clear, with no obvious signs of edema or significant macular degeneration.
*   **Retinal Vessels:** The retinal vessels appear to be generally normal in caliber and distribution. There are no significant signs of arteriolar narrowing (microaneurysms) or hemorrhages.
*   **Optic Disc:** The optic disc appears normal in appearance.
*   **Other:** There are some small, scattered areas of retinal pigment epithelium (RPE) changes, which are common in individuals with diabetes and can be associated with age.

**Diabetic Retinopathy Severity Assessment:**

Based on the provided image, the diabetic retinopathy severity appears to be **mild**.

**Reasoning:**

*   The absence of significant microaneurysms, hemorrhages, or macular edema is a key indicator of mild diabetic retinopathy.
*   The retinal vessels appear relatively normal in caliber and distribution.
*   The macula appears clear.

**Important Considerations:**

*   **This assessment is based solely on the provided image.** A comprehensive evaluation requires a full dilated fundus examination, including assessment of the peripheral retina, optic disc, and other structures.
*   **The patient's history of diabetes is crucial.** The presence of other risk factors, such as hypertension, hyperlipidemia, and smoking, can influence the progression of diabetic retinopathy.
*   **Regular follow-up is essential.** Even in mild diabetic retinopathy, regular monitoring is necessary to detect any progression to more severe stages.

**Disclaimer:**

This assessment is for informational purposes only and should not be considered a substitute for a professional medical evaluation by a qualified ophthalmologist. A comprehensive eye exam is necessary for accurate diagnosis and management of diabetic retinopathy.
",36.8
15644_left,0,zero_shot,"Okay, I've examined the retinal fundus image. Here's a description of the findings and an assessment of the diabetic retinopathy severity:

**Description of Findings:**

*   **Macula:** The macula appears relatively clear and well-defined. There are no obvious signs of macular edema, drusen, or significant pigmentary changes.
*   **Retinal Vessels:** The retinal vessels appear to be of normal caliber and without significant signs of narrowing (microaneurysms, hemorrhages, exudates).
*   **Optic Disc:** The optic disc appears normal in appearance.

**Diabetic Retinopathy Severity Assessment:**

Based on the provided image, the diabetic retinopathy severity appears to be **mild**.

**Reasoning:**

*   The absence of significant microaneurysms, hemorrhages, or exudates is a key indicator of mild diabetic retinopathy.
*   The retinal vessels appear normal in caliber.
*   The macula appears clear.

**Important Considerations:**

*   This assessment is based solely on the provided image. A comprehensive evaluation requires a full dilated fundus examination, including assessment of the peripheral retina, optic disc, and other structures.
*   The severity of diabetic retinopathy can change over time. Regular follow-up with an ophthalmologist is crucial for monitoring and managing the condition.
*   Other factors, such as the patient's blood sugar control, blood pressure, and cholesterol levels, also influence the progression of diabetic retinopathy.

**Disclaimer:** This is an automated assessment based on a single image. It is not a substitute for a professional ophthalmological examination. A qualified ophthalmologist should be consulted for a complete evaluation and management plan.",33.2
40014_left,0,zero_shot,"Okay, I've examined the retinal fundus image. Here's a description of the findings and an assessment of the diabetic retinopathy severity:

**Description of Findings:**

*   **Macula:** The macula appears relatively clear and well-defined. There are no obvious signs of macular edema, drusen, or significant pigmentary changes.
*   **Retinal Vessels:** The retinal vessels appear generally normal in caliber and distribution. There are no significant signs of arteriolar narrowing (microaneurysms) or hemorrhages.
*   **Optic Disc:** The optic disc appears normal in appearance.
*   **Overall:** The image shows a relatively normal fundus appearance, with no obvious signs of diabetic retinopathy.

**Diabetic Retinopathy Severity Assessment:**

Based on the provided image, the diabetic retinopathy severity is **no diabetic retinopathy (NDR)**.

**Explanation:**

The absence of any significant findings such as microaneurysms, hemorrhages, exudates, or neovascularization makes it impossible to classify the diabetic retinopathy severity.

**Important Considerations:**

*   **Image Quality:** The image quality is limited, and a more detailed examination would be required for a definitive assessment.
*   **Clinical History:** The patient's history of diabetes, duration of diabetes, and other relevant medical conditions are crucial for accurate diagnosis and management.
*   **Follow-up:** Regular follow-up examinations are essential to monitor for the development of diabetic retinopathy.

**Disclaimer:**

This assessment is based solely on the provided image and is for informational purposes only. It should not be considered a substitute for a comprehensive eye examination by a qualified ophthalmologist.
",33.3
13536_right,0,zero_shot,"Okay, I've examined the retinal fundus image you provided. Based on the image alone, I can offer a preliminary assessment, but it's crucial to remember that a definitive diagnosis requires a comprehensive examination, including a dilated fundus exam with optical coherence tomography (OCT) and possibly fluorescein angiography.

**Preliminary Findings:**

*   **Macula:** The macula appears relatively clear and well-defined. There are no obvious signs of macular edema, drusen, or other macular pathologies.
*   **Retinal Vessels:** The retinal vessels appear generally normal in caliber and distribution. There are no significant signs of arteriolar narrowing (hypertension), arteriovenous nicking, or hemorrhages.
*   **Optic Disc:** The optic disc appears normal in appearance.

**Diabetic Retinopathy Severity Assessment (Based on Image Alone):**

Based solely on the image, it is difficult to definitively assess the severity of diabetic retinopathy. However, I can provide a very preliminary assessment:

*   **No obvious signs of diabetic retinopathy:** The image does not show any clear signs of diabetic retinopathy, such as microaneurysms, hemorrhages, exudates, or neovascularization.

**Important Considerations:**

*   **Image Quality:** The image quality is limited. It is difficult to assess the peripheral retina and the presence of subtle findings.
*   **Lack of Clinical History:** I have no information about the patient's medical history, including their diabetes control, blood pressure, and other relevant factors.
*   **Need for Further Evaluation:** A comprehensive dilated fundus exam is essential to accurately diagnose and stage diabetic retinopathy.

**Recommendations:**

1.  **Dilated Fundus Exam:** The patient should undergo a comprehensive dilated fundus exam by an ophthalmologist.
2.  **OCT:** Optical coherence tomography (OCT) is highly recommended to evaluate the macula and retinal nerve fiber layer.
3.  **Fluorescein Angiography (if indicated):** Fluorescein angiography may be necessary to assess the retinal vasculature and detect signs of diabetic retinopathy that are not visible on OCT.
4.  **Blood Glucose Control:** The patient should have good blood glucose control to prevent further progression of diabetic retinopathy.
5.  **Blood Pressure Control:** Blood pressure should be well-controlled to reduce the risk of diabetic retinopathy.

**Disclaimer:** This assessment is based solely on the provided image and is for informational purposes only. It should not be considered a",47.0
27067_left,0,zero_shot,"Okay, I've reviewed the retinal fundus image. Here's a description of the findings and an assessment of the diabetic retinopathy severity:

**Description of Findings:**

*   **Overall Appearance:** The image appears to be a relatively clear fundus photograph. The optic disc is visible, and the retinal vessels are present.
*   **Macula:** The macula appears to be relatively clear, without any obvious signs of edema or hemorrhage.
*   **Retinal Vessels:** The retinal vessels appear to be of normal caliber and without significant branching irregularities.
*   **No Obvious Hemorrhages or Exudates:** There are no visible hemorrhages or exudates in the fundus.
*   **No Significant Retinal Edema:** There is no evidence of significant retinal edema.

**Diabetic Retinopathy Severity Assessment:**

Based on the provided image, the diabetic retinopathy severity is likely **no diabetic retinopathy (NDR)** or **mild non-proliferative diabetic retinopathy (NPDR)**.

**Explanation:**

*   **No Diabetic Retinopathy (NDR):** This is the most benign form of diabetic retinopathy. It is characterized by the absence of any signs of diabetic retinopathy.
*   **Mild Non-Proliferative Diabetic Retinopathy (NPDR):** This is the next level of severity. It is characterized by the absence of hemorrhages, exudates, or neovascularization.

**Important Considerations:**

*   **This assessment is based solely on the provided image.** A comprehensive evaluation requires a full fundus examination, including assessment of the macula, peripheral retina, and optic disc.
*   **Clinical History is Crucial:** The patient's history of diabetes, duration of diabetes, blood sugar control, and other relevant medical conditions are essential for accurate diagnosis and management.
*   **Further Evaluation:** If there are any concerns or atypical findings, further evaluation with optical coherence tomography (OCT) or fluorescein angiography (FA) may be necessary to rule out more severe forms of diabetic retinopathy.

**Disclaimer:** This information is for educational purposes only and should not be considered medical advice. It is essential to consult with a qualified ophthalmologist for a comprehensive eye examination and diagnosis.
",42.8
7024_right,0,zero_shot,"Okay, based on the provided retinal fundus image, here's a description and assessment of the diabetic retinopathy severity:

**Description:**

The image shows a relatively clear view of the retina. The optic disc appears normal in size and shape. The retinal vessels are visible, and there are no obvious signs of significant hemorrhages, exudates, or neovascularization. The image is well-exposed and has good contrast.

**Diabetic Retinopathy Severity Assessment:**

Based on the provided image, the diabetic retinopathy severity is likely **no diabetic retinopathy (NDR)** or **mild non-proliferative diabetic retinopathy (NPDR)**.

**Explanation:**

*   **No signs of significant damage:** The image does not show any of the characteristic features of diabetic retinopathy, such as:
    *   Microaneurysms
    *   Hemorrhages
    *   Exudates
    *   Cotton wool spots
    *   Neovascularization

*   **Normal optic disc:** The optic disc appears normal, which is a good sign.

**Important Considerations:**

*   **This is a limited assessment:** A complete assessment of diabetic retinopathy requires a comprehensive examination, including:
    *   Detailed evaluation of the retinal vessels
    *   Assessment of the macula
    *   Measurement of the retinal thickness (OCT)
    *   Possibly, fluorescein angiography

*   **Clinical history is crucial:** The severity of diabetic retinopathy can vary significantly depending on the patient's history of diabetes, blood sugar control, and other risk factors.

**Recommendation:**

While the image suggests a low risk of diabetic retinopathy, it is essential to have a comprehensive eye exam by an ophthalmologist to confirm the diagnosis and monitor for any changes over time. Early detection and management of diabetic retinopathy are crucial to prevent vision loss.

**Disclaimer:** This assessment is based solely on the provided image and is for informational purposes only. It should not be considered a substitute for a professional medical evaluation by a qualified ophthalmologist.
",39.1
35298_left,0,zero_shot,"Okay, I've reviewed the retinal fundus image. Here's a description of the findings and an assessment of the diabetic retinopathy severity:

**Description of Findings:**

*   **Bright Reflection:** The image is significantly affected by a bright reflection, likely from the anterior chamber of the eye. This makes it difficult to visualize the retinal details clearly.
*   **Macula:** The macula appears to be relatively clear, although the bright reflection makes it hard to assess for any macular edema or drusen.
*   **Retinal Vessels:** The retinal vessels are visible, but the quality is poor due to the reflection. It's difficult to assess for signs of microaneurysms, hemorrhages, or neovascularization.
*   **Optic Disc:** The optic disc appears to be normal in appearance.

**Diabetic Retinopathy Severity Assessment:**

Based on the limited view and the presence of the bright reflection, it is **impossible to accurately assess the severity of diabetic retinopathy.** The reflection obscures the retinal details necessary for a proper evaluation.

**Recommendations:**

*   **Repeat Examination:** A repeat examination with better lighting and potentially a different imaging technique (e.g., OCT, fundus photography) is crucial to obtain a more accurate assessment.
*   **Clinical History:** The patient's history of diabetes, including duration, control, and any previous diabetic retinopathy findings, is essential for proper classification.

**Disclaimer:** This assessment is based solely on the provided image and is not a substitute for a comprehensive ophthalmologic examination by a qualified professional.
",31.6
2840_left,0,zero_shot,"Okay, I've examined the retinal fundus image you provided.

**Findings:**

*   **Overall Appearance:** The image is somewhat blurry and lacks sufficient detail to make a definitive assessment. The image is also not properly centered.
*   **Macula:** The macula appears to be relatively clear, but the image quality is poor.
*   **Retinal Vessels:** The retinal vessels are not clearly visible due to the poor image quality.

**Assessment of Diabetic Retinopathy Severity:**

Based on the limited information available, I cannot accurately assess the severity of diabetic retinopathy. A proper assessment requires a high-resolution fundus image with good visualization of the retina, macula, and retinal vessels.

**Recommendations:**

To accurately assess the diabetic retinopathy severity, I recommend:

1.  **Obtain a high-resolution fundus image:** This will allow for better visualization of the retina and retinal vessels.
2.  **Consider Optical Coherence Tomography (OCT):** OCT can provide detailed information about the retinal layers, including the macula, which is crucial for assessing diabetic macular edema and other macular complications.
3.  **Consult with a retinal specialist:** A retinal specialist can perform a comprehensive examination and provide an accurate diagnosis and treatment plan.

**Disclaimer:** This assessment is based solely on the limited information provided in the image. It is not a substitute for a comprehensive ophthalmological examination by a qualified professional.
",29.0
11232_left,0,zero_shot,"Okay, I've examined the retinal fundus image you provided.

**Findings:**

*   **Clear View:** The image appears to be a fundus photograph, showing the optic disc, retinal vessels, and potentially some retinal details.
*   **No Obvious Macular Edema:** There is no obvious sign of macular edema (swelling of the macula).
*   **No Hemorrhages or Exudates:** I don't see any significant hemorrhages (bleeding) or exudates (protein leaks) in the retina.
*   **No Neovascularization:** There is no evidence of neovascularization (new blood vessel growth), which is a sign of proliferative diabetic retinopathy.
*   **No Significant Retinal Detachment:** There is no obvious sign of retinal detachment.
*   **Normal Optic Disc:** The optic disc appears normal in appearance.

**Diabetic Retinopathy Severity Assessment:**

Based on the limited information available in this single fundus image, I cannot definitively assess the severity of diabetic retinopathy. A comprehensive assessment requires a full fundus examination, including:

*   **Microaneurysms:** Looking for small, red dots (microaneurysms) in the retina.
*   **Hemorrhages:** Identifying any bleeding in the retina.
*   **Exudates:** Detecting protein leaks in the retina.
*   **Cotton Wool Spots:** Looking for white, fluffy patches (cotton wool spots) indicating nerve fiber layer infarcts.
*   **Macular Edema:** Assessing for swelling of the macula, which can cause vision loss.
*   **Neovascularization:** Checking for the growth of new blood vessels, which is a sign of proliferative diabetic retinopathy.
*   **Retinal Thickness:** Measuring retinal thickness to assess for diabetic macular edema.

**Conclusion:**

Without a full fundus examination, I cannot provide a definitive assessment of the diabetic retinopathy severity. The image shows no obvious signs of advanced diabetic retinopathy, but further evaluation is needed to rule out any subtle findings.

**Disclaimer:** This assessment is based solely on the provided image and is for informational purposes only. It is not a substitute for a professional ophthalmological examination. A qualified ophthalmologist should perform a comprehensive eye exam to accurately diagnose and manage diabetic retinopathy.",44.2
14333_right,0,zero_shot,"Okay, I've examined the retinal fundus image. Here's a description of the findings and an assessment of the diabetic retinopathy severity:

**Description of Findings:**

*   **Macula:** The macula appears relatively clear and well-defined. There are no obvious signs of macular edema, drusen, or significant pigmentary changes.
*   **Retinal Vessels:** The retinal vessels appear to be generally normal in caliber and distribution. There are no significant signs of arteriolar narrowing (microaneurysms) or hemorrhages.
*   **Optic Disc:** The optic disc appears normal in appearance.
*   **Overall:** The image shows a relatively healthy fundus with no obvious signs of significant diabetic retinopathy.

**Diabetic Retinopathy Severity Assessment:**

Based on the provided image, the diabetic retinopathy severity is likely **no diabetic retinopathy (NDR)** or **mild non-proliferative diabetic retinopathy (NPDR)**.

**Explanation:**

*   **No Diabetic Retinopathy (NDR):** This is the most favorable outcome. It indicates that there are no signs of diabetic retinopathy present in the fundus.
*   **Mild Non-Proliferative Diabetic Retinopathy (NPDR):** This is a possible diagnosis if there are only very subtle findings, such as a few microaneurysms that are difficult to detect.

**Important Considerations:**

*   **This assessment is based solely on the provided image.** A comprehensive evaluation requires a complete dilated fundus examination, including assessment of the peripheral retina, optic disc, and other structures.
*   **Clinical History is Crucial:** The patient's history of diabetes, blood sugar control, and other relevant factors are essential for accurate diagnosis and management.
*   **Further Evaluation:** If there are any concerns or atypical findings, further evaluation with optical coherence tomography (OCT) or fluorescein angiography (FA) may be necessary to rule out more advanced diabetic retinopathy.

**Disclaimer:** This information is for educational purposes only and should not be considered medical advice. It is essential to consult with a qualified ophthalmologist for a comprehensive eye examination and diagnosis.
",41.2
23850_left,0,zero_shot,"Okay, based on the provided retinal fundus image, here's a description and assessment of the potential diabetic retinopathy severity:

**Description:**

The image is very dark, making it difficult to discern fine details. However, I can see the following:

*   **Macula:** The macula appears to be present, although its exact location and characteristics are obscured by the darkness.
*   **Retinal Vessels:** The retinal vessels are not clearly visible.
*   **Optic Disc:** The optic disc is not visible.

**Assessment of Diabetic Retinopathy Severity:**

Given the limited visibility, a definitive assessment of diabetic retinopathy severity is impossible. However, I can provide some general considerations:

*   **No Visible Features:** The lack of visible features makes it difficult to assess for common diabetic retinopathy findings such as microaneurysms, hemorrhages, exudates, or neovascularization.
*   **Possible Early Stage:** It's possible that the image represents an early stage of diabetic retinopathy, where the changes are subtle and not yet easily detectable.
*   **Need for Further Evaluation:** A more detailed examination with better lighting and potentially additional imaging (e.g., OCT) would be required to accurately assess the severity of diabetic retinopathy.

**In summary, based on the limited information, I cannot definitively determine the severity of diabetic retinopathy in this image. A full fundus examination is necessary for a proper assessment.**

**Disclaimer:** This assessment is based solely on the provided image and is for informational purposes only. It should not be considered a substitute for a professional ophthalmological examination.
",31.8
41948_right,0,zero_shot,"Okay, I've reviewed the retinal fundus image. Here's a description of the findings and an assessment of the diabetic retinopathy severity:

**Findings:**

*   **Macula:** The macula appears relatively clear and well-defined. There are no obvious signs of macular edema, drusen, or significant pigmentary changes.
*   **Retinal Vessels:** The retinal vessels appear to be of normal caliber and without significant signs of narrowing (microaneurysms, hemorrhages, exudates).
*   **Optic Disc:** The optic disc appears normal in appearance.
*   **Overall:** The image shows a generally healthy appearance of the retina and optic disc.

**Diabetic Retinopathy Severity Assessment:**

Based on the provided image, the diabetic retinopathy severity is likely **no diabetic retinopathy (NDR)** or **mild non-proliferative diabetic retinopathy (NPDR)**.

**Explanation:**

*   **No signs of diabetic retinopathy:** There are no visible microaneurysms, hemorrhages, exudates, or neovascularization.
*   **Mild NPDR:** If there are no signs of diabetic retinopathy, it is likely mild NPDR.

**Important Considerations:**

*   **This assessment is based solely on the provided image.** A comprehensive evaluation requires a full dilated fundus examination, including assessment of the peripheral retina, optic disc, and other relevant structures.
*   **Clinical History:** The patient's history of diabetes, duration of diabetes, blood sugar control, and other relevant medical conditions are crucial for accurate assessment.
*   **Other Factors:** Other factors, such as the presence of hypertension, hyperlipidemia, and smoking, can also influence the development and progression of diabetic retinopathy.

**Recommendations:**

*   **Referral to an Ophthalmologist:** It is recommended that the patient be referred to an ophthalmologist for a comprehensive dilated fundus examination and further evaluation.
*   **Blood Sugar Control:** Strict blood sugar control is essential to prevent the progression of diabetic retinopathy.
*   **Regular Monitoring:** Regular eye exams are necessary to monitor for the development of diabetic retinopathy.

**Disclaimer:** This information is for educational purposes only and should not be considered medical advice. It is essential to consult with a qualified healthcare professional for any health concerns or before making any decisions related to your health or treatment.
",44.5
4274_left,0,zero_shot,"Okay, I've reviewed the retinal fundus image. Here's a description of the findings and an assessment of the diabetic retinopathy severity:

**Description of Findings:**

*   **Overall Appearance:** The image appears to be a fundus photograph, showing the back of the eye. The image is somewhat dark, which can make it difficult to visualize fine details.
*   **Macula:** The macula, the central part of the retina responsible for sharp, central vision, is not clearly visible in this image. It is difficult to assess the macular details.
*   **Retinal Vessels:** The retinal vessels are present, but their appearance is not fully detailed.
*   **Other Structures:** Other retinal structures, such as the optic disc and peripheral retina, are not clearly visible due to the image quality.

**Diabetic Retinopathy Severity Assessment:**

Based on the limited information available in this image, it is difficult to provide a definitive assessment of diabetic retinopathy severity. However, I can offer some general observations:

*   **No obvious signs of severe diabetic retinopathy:** There are no clear signs of neovascularization (new blood vessel growth), vitreous hemorrhage (bleeding into the vitreous humor), or tractional retinal detachment.
*   **Possible early signs:** There may be some subtle signs of early diabetic retinopathy, such as microaneurysms or mild retinal thickening, but these are difficult to discern without a higher-resolution image.
*   **Need for further evaluation:** A comprehensive dilated fundus examination by an ophthalmologist is necessary to accurately assess the severity of diabetic retinopathy. This examination would involve using a special lens to view the retina in detail and would allow for the identification of any microaneurysms, hemorrhages, exudates, or other signs of diabetic retinopathy.

**Important Considerations:**

*   **Image Quality:** The quality of the image is a significant limitation in this assessment. A higher-resolution image would be much more helpful.
*   **Clinical History:** The patient's medical history, including their duration of diabetes, blood sugar control, and any other relevant medical conditions, is also important for assessing diabetic retinopathy severity.
*   **Other Factors:** Other factors, such as the patient's age and ethnicity, can also influence the risk of developing diabetic retinopathy.

**Disclaimer:**

This assessment is based solely on the provided image and is for informational purposes only. It should not be considered a substitute for a comprehensive eye examination by a",47.1
8320_left,0,zero_shot,"Okay, I've examined the retinal fundus image. Based on the provided image, here's a description of the findings and an assessment of the diabetic retinopathy severity:

**Findings:**

*   **Macula:** The macula appears relatively clear and well-defined. There are no obvious signs of macular edema, drusen, or significant pigmentary changes.
*   **Retinal Vessels:** The retinal vessels appear to be of normal caliber and without significant signs of narrowing (microaneurysms, hemorrhages, exudates).
*   **Optic Disc:** The optic disc appears normal in appearance.

**Diabetic Retinopathy Severity Assessment:**

Based on the provided image, the diabetic retinopathy severity is likely **no diabetic retinopathy (NDR)** or **mild non-proliferative diabetic retinopathy (NPDR)**.

**Explanation:**

*   **No signs of diabetic retinopathy:** There are no visible microaneurysms, hemorrhages, exudates, or neovascularization.
*   **Mild NPDR:** The image shows no signs of diabetic retinopathy.

**Important Considerations:**

*   **This assessment is based solely on the provided image.** A comprehensive evaluation requires a full dilated fundus examination, including assessment of the peripheral retina, optic disc, and other structures.
*   **Clinical history is crucial.** The patient's history of diabetes, duration of diabetes, blood sugar control, and other relevant factors are essential for accurate diagnosis and management.
*   **Further evaluation may be needed.** Depending on the patient's history and other clinical findings, further evaluation with optical coherence tomography (OCT) or fluorescein angiography (FA) may be necessary to rule out subtle diabetic retinopathy or other retinal conditions.

**Disclaimer:** This is a preliminary assessment based on a single image. A definitive diagnosis and management plan can only be determined by a qualified ophthalmologist after a complete examination.
",37.1
13769_left,0,zero_shot,"Okay, I've examined the retinal fundus image. Here's a description of the findings and an assessment of the diabetic retinopathy severity:

**Description of Findings:**

*   **Clear Optic Disc:** The optic disc appears relatively clear, with no significant edema or hemorrhages.
*   **Normal Retina:** The retina appears generally normal in terms of its overall appearance.
*   **No Macular Edema:** There is no evidence of macular edema, which is a common complication of diabetic retinopathy.
*   **No Significant Hemorrhages:** There are no obvious, large hemorrhages present in the fundus.
*   **No Neovascularization:** There is no evidence of neovascularization (new blood vessel growth), which is a sign of proliferative diabetic retinopathy.
*   **No Significant Retinal Detachment:** There is no evidence of retinal detachment.

**Diabetic Retinopathy Severity Assessment:**

Based on the findings, the diabetic retinopathy severity appears to be **mild**.

**Explanation:**

The absence of significant hemorrhages, macular edema, neovascularization, and a clear optic disc suggests that the diabetic retinopathy is not advanced. The fundus appears relatively normal.

**Important Considerations:**

*   **This is a preliminary assessment based on a single image.** A comprehensive evaluation requires a full dilated fundus examination, including assessment of the peripheral retina, and potentially other imaging modalities like OCT (Optical Coherence Tomography) or fluorescein angiography, to rule out any subtle findings.
*   **The patient's history is crucial.** The severity of diabetic retinopathy can vary significantly depending on the duration of diabetes, glycemic control, and other factors.
*   **This assessment is for informational purposes only and should not be considered a substitute for professional medical advice.** A qualified ophthalmologist should be consulted for a complete evaluation and management plan.

**In summary, the image suggests mild diabetic retinopathy, but a full examination is necessary for a definitive diagnosis and management plan.**
",38.2
27496_left,0,zero_shot,"Okay, I've reviewed the retinal fundus image. Here's a description of the findings and an assessment of the diabetic retinopathy severity:

**Description of Findings:**

*   **Overall Appearance:** The image is somewhat dark and difficult to interpret due to the low contrast and potential artifacts. The fundus details are not very clear.
*   **Macula:** The macula appears relatively clear, but the details are not well defined.
*   **Retinal Vessels:** The retinal vessels are present, but their appearance is not easily assessed due to the low contrast.
*   **Other Structures:** The optic disc and other retinal structures are not clearly visible.

**Diabetic Retinopathy Severity Assessment:**

Based on the limited information available in this image, it is **impossible to definitively assess the severity of diabetic retinopathy.** The image quality is poor, and many key features of diabetic retinopathy (e.g., microaneurysms, hemorrhages, exudates, neovascularization) are not clearly visible.

**To accurately assess the severity, a high-quality fundus image is required.** A fundus exam should be performed by a qualified ophthalmologist.

**Important Considerations:**

*   **Image Quality:** The quality of the image is crucial for accurate diagnosis.
*   **Clinical History:** The patient's medical history, including their diabetes control, duration of diabetes, and any other relevant medical conditions, is essential.
*   **Other Examinations:** Other tests, such as optical coherence tomography (OCT) and fluorescein angiography (FA), may be needed to provide a more comprehensive assessment.

**Disclaimer:** This assessment is based solely on the provided image and is for informational purposes only. It should not be considered a substitute for a professional ophthalmological examination.
",34.5
32089_left,0,zero_shot,"Okay, based on the provided retinal fundus image, here's a description and assessment of the diabetic retinopathy severity:

**Description:**

*   **Overall Appearance:** The image shows a relatively clear view of the fundus, although the image quality is not ideal. The optic disc appears to be normal in size and shape. The retinal vessels are visible, but the details are somewhat limited.
*   **Macula:** The macula appears to be relatively clear, with no obvious signs of edema or hemorrhage.
*   **Vascular Changes:** There are some subtle signs of microaneurysms and possibly some early signs of hemorrhages. The vessels appear to be somewhat attenuated, which can be a sign of diabetic retinopathy.
*   **Other Findings:** There are some reflections and artifacts in the image, which can make it difficult to assess the fundus accurately.

**Diabetic Retinopathy Severity Assessment:**

Based on the limited information available in this image, I would assess the diabetic retinopathy severity as **mild to moderate**.

**Reasoning:**

*   **No obvious signs of severe complications:** There are no large hemorrhages, significant macular edema, or neovascularization (new blood vessel growth) visible in this image.
*   **Subtle signs of early changes:** The presence of microaneurysms and attenuated vessels suggests that there are some early signs of diabetic retinopathy.
*   **Need for further evaluation:** A more detailed examination is needed to confirm the presence of microaneurysms and to assess the extent of any vascular changes.

**Important Considerations:**

*   **Image Quality:** The image quality is not ideal, which makes it difficult to assess the fundus accurately. A higher-resolution image would be needed for a more definitive diagnosis.
*   **Clinical History:** The patient's clinical history, including their blood sugar control, blood pressure, and other relevant factors, is also important for assessing the severity of diabetic retinopathy.
*   **Other Findings:** The presence of other retinal findings, such as glaucoma or macular degeneration, can also affect the overall assessment.

**Recommendations:**

*   **Referral to an ophthalmologist:** It is recommended that the patient be referred to an ophthalmologist for a comprehensive eye examination.
*   **Further imaging:** The ophthalmologist may order additional imaging, such as optical coherence tomography (OCT) or fluorescein angiography, to further evaluate the fundus.
*   **Management:** The ophthalmologist will",46.7
19180_left,0,zero_shot,"Okay, I've examined the retinal fundus image. Here's a description of the findings and an assessment of the diabetic retinopathy severity:

**Description of Findings:**

*   **Macula:** The macula appears relatively clear, with no obvious signs of edema or significant macular degeneration.
*   **Retinal Vessels:** The retinal vessels appear to be generally normal in caliber and distribution. There are no significant signs of arteriolar narrowing (microaneurysms) or hemorrhages.
*   **Optic Disc:** The optic disc appears normal in appearance.
*   **Peripheral Retina:** The peripheral retina appears relatively normal.

**Diabetic Retinopathy Severity Assessment:**

Based on the provided image, the diabetic retinopathy severity appears to be **mild**.

**Reasoning:**

*   The absence of significant microaneurysms, hemorrhages, or exudates in the retinal vessels is a key indicator of mild diabetic retinopathy.
*   The macula appears clear, suggesting that macular edema is not present.
*   The optic disc is normal, which is also consistent with mild diabetic retinopathy.

**Important Considerations:**

*   This assessment is based solely on the provided image. A comprehensive evaluation would require a full dilated fundus examination, including assessment of the peripheral retina, optic disc, and macula.
*   The severity of diabetic retinopathy can change over time. Regular follow-up with an ophthalmologist is essential for monitoring and managing the condition.
*   Other factors, such as the patient's blood sugar control, blood pressure, and cholesterol levels, can also influence the progression of diabetic retinopathy.

**Disclaimer:** This assessment is for informational purposes only and should not be considered a substitute for professional medical advice. It is essential to consult with a qualified ophthalmologist for a comprehensive eye examination and diagnosis.
",35.5
9857_left,0,zero_shot,"Okay, I've reviewed the retinal fundus image. Here's a description of the findings and an assessment of the diabetic retinopathy severity:

**Description of Findings:**

*   **Macula:** The macula appears relatively clear and well-defined. There are no obvious signs of macular edema, drusen, or significant pigmentary changes.
*   **Retinal Vessels:** The retinal vessels appear to be of normal caliber and without significant signs of narrowing (microaneurysms, hemorrhages, exudates).
*   **Optic Disc:** The optic disc appears normal in appearance.
*   **Overall:** The image shows a generally healthy appearance of the fundus, with no obvious signs of significant diabetic retinopathy.

**Diabetic Retinopathy Severity Assessment:**

Based on the provided image, the diabetic retinopathy severity is likely **no diabetic retinopathy (NDR)** or **mild non-proliferative diabetic retinopathy (NPDR)**.

**Explanation:**

*   **No Diabetic Retinopathy (NDR):** This is the most favorable outcome. It indicates that there are no visible signs of diabetic retinopathy in the fundus.
*   **Mild Non-Proliferative Diabetic Retinopathy (NPDR):** This is a possible diagnosis if there are only mild findings, such as microaneurysms, dot and blot hemorrhages, or hard exudates, but no significant macular edema or neovascularization.

**Important Considerations:**

*   **This assessment is based solely on the provided image.** A comprehensive evaluation requires a complete ophthalmologic examination, including visual acuity testing, dilated fundus examination, and potentially optical coherence tomography (OCT) or fluorescein angiography (FA) to rule out subtle findings.
*   **The patient's history of diabetes is crucial.** The presence and duration of diabetes, as well as the patient's glycemic control, significantly influence the risk and progression of diabetic retinopathy.
*   **Other factors can affect the fundus appearance.** Conditions like hypertension, glaucoma, and age-related macular degeneration can also influence the retinal findings.

**Recommendations:**

*   **Referral to an ophthalmologist:** It is essential for the patient to be evaluated by an ophthalmologist for a comprehensive assessment of their diabetic retinopathy.
*   **Glycemic control:** Strict glycemic control is crucial to prevent the progression of diabetic retinopathy.
*   **Regular eye exams:** Regular eye exams are necessary to monitor for any changes in the fundus and to",47.0
32942_right,0,zero_shot,"Okay, I've reviewed the retinal fundus image. Here's a description of the findings and an assessment of the diabetic retinopathy severity:

**Description of Findings:**

*   **Macula:** The macula appears relatively clear, with no obvious signs of edema or significant macular degeneration.
*   **Retinal Vessels:** The retinal vessels appear to be generally normal in caliber and distribution. There are no significant signs of arteriolar narrowing (microaneurysms) or hemorrhages.
*   **Optic Disc:** The optic disc appears normal in appearance.
*   **Overall:** The image shows a relatively normal fundus appearance, with no obvious signs of significant diabetic retinopathy.

**Diabetic Retinopathy Severity Assessment:**

Based on the provided image, the diabetic retinopathy severity is likely **no diabetic retinopathy (NDR)** or **mild non-proliferative diabetic retinopathy (NPDR)**.

**Explanation:**

*   **No Diabetic Retinopathy (NDR):** This is the most favorable outcome. It indicates that there are no visible signs of diabetic retinopathy in the fundus.
*   **Mild Non-Proliferative Diabetic Retinopathy (NPDR):** This is a possible diagnosis if there are only very subtle findings, such as some minor microaneurysms or small hemorrhages that are difficult to see.

**Important Considerations:**

*   **This assessment is based solely on the provided image.** A comprehensive evaluation requires a full dilated fundus examination, including assessment of the peripheral retina, optic disc, and other structures.
*   **Clinical History is Crucial:** The patient's history of diabetes, duration of diabetes, blood sugar control, and other relevant medical conditions are essential for accurate diagnosis and management.
*   **Further Evaluation:** If there are any concerns or atypical findings, further evaluation with optical coherence tomography (OCT) or fluorescein angiography (FA) may be necessary to rule out more severe diabetic retinopathy.

**Disclaimer:** This is an expert opinion based on a single image. A definitive diagnosis and treatment plan can only be provided by a qualified ophthalmologist after a complete examination.
",41.0
3758_right,0,zero_shot,"Okay, I've reviewed the retinal fundus image. Here's a description of the findings and an assessment of the diabetic retinopathy severity:

**Description of Findings:**

*   **Macula:** The macula appears relatively clear and well-defined. There are no obvious signs of macular edema or significant drusen.
*   **Retinal Vessels:** The retinal vessels appear to be generally normal in caliber and distribution. There are no significant signs of arteriolar narrowing (hemorrhages) or AV nicking.
*   **Optic Disc:** The optic disc appears normal in appearance.
*   **Other:** There are no obvious signs of significant hemorrhages, exudates, or neovascularization.

**Diabetic Retinopathy Severity Assessment:**

Based on the provided image, the diabetic retinopathy severity appears to be **mild**.

**Reasoning:**

*   The absence of significant hemorrhages, exudates, or neovascularization is a key indicator of mild diabetic retinopathy.
*   The retinal vessels appear normal in caliber and distribution.
*   The macula appears relatively clear.

**Important Considerations:**

*   **This assessment is based solely on the provided image.** A comprehensive evaluation requires a full dilated fundus examination, including assessment of the peripheral retina, optic disc, and other structures.
*   **The patient's history of diabetes is crucial.** The severity of diabetic retinopathy is directly related to the duration and control of blood sugar levels.
*   **Other factors can influence the severity.** These include genetics, other medical conditions, and lifestyle factors.

**Recommendations:**

*   **Referral to an ophthalmologist is recommended for a comprehensive evaluation.**
*   **The ophthalmologist will perform a dilated fundus examination and may order additional tests, such as optical coherence tomography (OCT) or fluorescein angiography, to further assess the condition.**
*   **The ophthalmologist will provide appropriate management recommendations based on the severity of the diabetic retinopathy.**

**Disclaimer:** This information is for educational purposes only and should not be considered medical advice. It is essential to consult with a qualified ophthalmologist for any eye-related concerns.
",41.1
6193_left,0,zero_shot,"Okay, I've reviewed the retinal fundus image. Here's a description of the findings and an assessment of the diabetic retinopathy severity:

**Description of Findings:**

*   **Macula:** The macula appears relatively clear and well-defined. There are no obvious signs of macular edema, drusen, or significant pigmentary changes.
*   **Retinal Vessels:** The retinal vessels appear to be generally normal in caliber and distribution. There are no significant signs of arteriolar narrowing (microaneurysms) or hemorrhages.
*   **Optic Disc:** The optic disc appears normal in appearance.
*   **Overall:** The image shows a generally healthy appearance of the fundus, with no obvious signs of significant diabetic retinopathy.

**Diabetic Retinopathy Severity Assessment:**

Based on the provided image, the diabetic retinopathy severity is likely **no diabetic retinopathy (NDR)** or **mild non-proliferative diabetic retinopathy (NPDR)**.

**Explanation:**

*   **No Diabetic Retinopathy (NDR):** This is the most favorable outcome. It indicates that there are no visible signs of diabetic retinopathy in the fundus.
*   **Mild Non-Proliferative Diabetic Retinopathy (NPDR):** This is a possible diagnosis if there are only very subtle findings, such as a few microaneurysms that are difficult to detect.

**Important Considerations:**

*   **This assessment is based solely on the provided image.** A comprehensive evaluation requires a full dilated fundus examination, including assessment of the peripheral retina, optic disc, and other structures.
*   **Clinical History is Crucial:** The patient's history of diabetes, blood sugar control, and other relevant factors are essential for accurate diagnosis and management.
*   **Further Evaluation:** If there are any concerns or atypical findings, further evaluation with optical coherence tomography (OCT) or fluorescein angiography may be necessary to rule out more severe diabetic retinopathy.

**Disclaimer:** This is an expert opinion based on the limited information provided. A definitive diagnosis and management plan can only be determined by a qualified ophthalmologist after a complete examination.
",41.3
41645_right,0,zero_shot,"Okay, I've reviewed the retinal fundus image. Here's a description of the findings and an assessment of the diabetic retinopathy severity:

**Description of Findings:**

*   **Macula:** The macula appears relatively clear and well-defined. There are no obvious signs of macular edema or significant drusen.
*   **Retinal Vessels:** The retinal vessels appear to be generally normal in caliber and distribution. There are no significant signs of arteriolar narrowing (hemorrhages) or AV nicking.
*   **Optic Disc:** The optic disc appears normal in appearance.
*   **Other:** There are no obvious signs of significant hemorrhages, exudates, or neovascularization.

**Diabetic Retinopathy Severity Assessment:**

Based on the provided image, the diabetic retinopathy severity appears to be **mild**.

**Reasoning:**

*   The absence of significant hemorrhages, exudates, or neovascularization is a key indicator of mild diabetic retinopathy.
*   The retinal vessels appear normal in caliber and distribution.
*   The macula appears relatively clear.

**Important Considerations:**

*   This assessment is based solely on the provided image. A comprehensive evaluation would require a full dilated fundus examination, including assessment of the peripheral retina, and potentially OCT (Optical Coherence Tomography) or fluorescein angiography to rule out more advanced stages of diabetic retinopathy.
*   The patient's history of diabetes, including duration of diabetes, glycemic control, and any other relevant medical conditions, is crucial for accurate assessment and management.
*   This is not a substitute for a professional ophthalmological examination.

**Disclaimer:** I am an AI and cannot provide medical diagnoses. This assessment is for informational purposes only and should not be used to make any decisions about your health. Please consult with a qualified ophthalmologist for a comprehensive eye examination and appropriate management.",36.3
6429_left,0,zero_shot,"Okay, based on the provided retinal fundus image, here's a description of the findings and an assessment of the diabetic retinopathy severity:

**Description of Findings:**

*   **Macular Edema:** There is evidence of macular edema, indicated by the presence of fluid accumulation in the macula. This is a common complication of diabetic retinopathy.
*   **Microaneurysms:** Microaneurysms are small, red dots that represent weakened blood vessel walls. They are a hallmark of diabetic retinopathy.
*   **Cotton Wool Spots:** These are white, fluffy patches that represent areas of nerve fiber layer infarction (ischemia). They are also a sign of diabetic retinopathy.
*   **Hemorrhages:** There are some hemorrhages present, which are bleeding within the retina.
*   **Blood Vessel Changes:** The retinal blood vessels appear to be somewhat irregular and may show signs of thickening and narrowing (microangiopathy), which are characteristic of diabetic retinopathy.

**Diabetic Retinopathy Severity Assessment:**

Based on the findings, the diabetic retinopathy severity is likely **moderate to severe**.

**Reasoning:**

*   The presence of microaneurysms, cotton wool spots, and hemorrhages indicates a significant level of retinal damage.
*   Macular edema is a particularly concerning finding, as it can lead to vision loss.
*   The overall appearance of the retina suggests a more advanced stage of diabetic retinopathy than mild or early stages.

**Important Considerations:**

*   **This assessment is based solely on the provided image.** A comprehensive evaluation requires a full dilated fundus examination, including assessment of the optic disc, retinal vessels, and the macula.
*   **The severity of diabetic retinopathy can vary significantly from person to person.** Factors such as the duration of diabetes, blood sugar control, and other health conditions can influence the progression of the disease.
*   **This information is for educational purposes only and should not be considered medical advice.** A qualified ophthalmologist should be consulted for diagnosis and treatment of diabetic retinopathy.

**Recommendations:**

*   **Immediate referral to an ophthalmologist is strongly recommended.**
*   The ophthalmologist will perform a comprehensive examination to confirm the diagnosis and assess the extent of the damage.
*   Treatment options may include laser photocoagulation, intravitreal injections of anti-VEGF medications, and/or observation.
*   Strict blood sugar control is crucial to prevent further progression of diabetic retinopathy.

I hope",46.9
20325_right,0,zero_shot,"Okay, I've examined the retinal fundus image you provided. Based on the image alone, I can describe the findings and assess the diabetic retinopathy severity.

**Description of Findings:**

*   **Clear View:** The image appears to be a clear fundus photograph.
*   **Macula:** The macula, the central part of the retina responsible for sharp, central vision, is visible.
*   **Optic Disc:** The optic disc, the location where the optic nerve exits the eye, is visible.
*   **Vascular Pattern:** The retinal blood vessels appear to be present and relatively normal in appearance.
*   **No Obvious Lesions:** There are no obvious hemorrhages, exudates, or neovascularization (new blood vessel growth) visible in the image.

**Diabetic Retinopathy Severity Assessment:**

Based on the limited information provided by this single fundus image, I can only provide a preliminary assessment. A definitive diagnosis requires a comprehensive examination, including:

*   **Dilated Fundus Examination:** This involves dilating the pupils to allow for a more detailed view of the retina and optic disc.
*   **Optical Coherence Tomography (OCT):** This imaging technique provides cross-sectional images of the retina, allowing for the detection of microaneurysms, fluid, and other structural abnormalities.
*   **Fluorescein Angiography (FA):** This test involves injecting a dye into the bloodstream and taking photographs of the retina to visualize blood flow and identify areas of leakage.
*   **Assessment of Hemoglobin A1c (HbA1c):** This blood test provides an average measure of blood sugar control over the past 2-3 months.

**However, based on the image alone, I would classify the diabetic retinopathy severity as:**

*   **No Diabetic Retinopathy (NDR):** The image does not show any signs of diabetic retinopathy.

**Important Considerations:**

*   **This is a preliminary assessment.** A complete evaluation is necessary for an accurate diagnosis and management plan.
*   **Diabetic retinopathy can progress.** Even if the initial fundus exam is normal, the condition can worsen over time.
*   **Early detection and treatment are crucial.** Early intervention can help prevent vision loss.

**Disclaimer:**

I am an AI and cannot provide medical advice. This information is for educational purposes only and should not be considered a substitute for professional medical care. Please consult with",46.8
14981_right,0,zero_shot,"Okay, I've reviewed the retinal fundus image. Here's a description of the findings and an assessment of the diabetic retinopathy severity:

**Description of Findings:**

*   **Macula:** The macula appears relatively clear, with no obvious signs of edema or significant macular degeneration.
*   **Retinal Vessels:** The retinal vessels are generally visible, but the image quality is somewhat limited due to the presence of a large, opaque object in the center of the image. This object likely represents a retinal prosthesis or other implanted device.
*   **Peripheral Retina:** The peripheral retina appears relatively normal, with no obvious signs of hemorrhages, exudates, or neovascularization.
*   **Optic Disc:** The optic disc appears normal in appearance.

**Diabetic Retinopathy Severity Assessment:**

Based on the limited view of the fundus, it is difficult to definitively assess the severity of diabetic retinopathy. However, I can provide a preliminary assessment:

*   **No obvious signs of diabetic retinopathy:** The image does not show any clear signs of diabetic retinopathy, such as microaneurysms, hemorrhages, exudates, or neovascularization.
*   **Possible presence of retinal prosthesis:** The presence of a large, opaque object in the center of the image suggests the possibility of a retinal prosthesis. This could potentially affect the assessment of the fundus, as it may obscure some of the retinal details.

**Important Considerations:**

*   **Image Quality:** The image quality is limited due to the presence of the opaque object. A higher-resolution image would be needed for a more accurate assessment.
*   **Clinical History:** The patient's clinical history, including their diabetes control, duration of diabetes, and any previous ophthalmological examinations, is crucial for a comprehensive assessment.
*   **Further Evaluation:** A comprehensive dilated fundus examination is necessary to rule out any subtle signs of diabetic retinopathy that may not be visible in this image.

**Disclaimer:**

This assessment is based solely on the provided retinal fundus image and is for informational purposes only. It should not be considered a substitute for a comprehensive ophthalmological examination by a qualified medical professional. A proper diagnosis and treatment plan can only be determined after a thorough evaluation of the patient's clinical history and a complete fundus examination.",43.8
29407_right,0,zero_shot,"Okay, I've reviewed the retinal fundus image. Based on the provided image, I can offer the following assessment:

**Findings:**

*   **Macula:** The macula appears relatively clear and well-defined. There are no obvious signs of macular edema, drusen, or significant pigmentary changes.
*   **Retinal Vessels:** The retinal vessels appear to be of normal caliber and without significant signs of narrowing (microaneurysms) or hemorrhages.
*   **Optic Disc:** The optic disc appears normal in appearance.

**Diabetic Retinopathy Severity Assessment:**

Based on the provided image, the diabetic retinopathy severity is **likely mild or no diabetic retinopathy (NDR)**.

**Explanation:**

*   The absence of significant microaneurysms, hemorrhages, or neovascularization makes it unlikely that the patient has diabetic retinopathy.
*   The clear appearance of the macula suggests that macular edema is not present.

**Important Considerations:**

*   **This assessment is based solely on the provided image.** A comprehensive evaluation requires a full dilated fundus examination, including assessment of the peripheral retina, optic disc, and other relevant structures.
*   **Clinical History is Crucial:** The patient's history of diabetes, blood sugar control, and other relevant medical conditions are essential for accurate diagnosis and management.
*   **Further Evaluation:** If the patient has a history of diabetes, even with a seemingly normal fundus exam, further evaluation is recommended to monitor for the development of diabetic retinopathy.

**Disclaimer:** This assessment is for informational purposes only and should not be considered a substitute for a professional medical evaluation by a qualified ophthalmologist.
",33.1
29043_left,0,zero_shot,"Okay, I've examined the retinal fundus image you provided. Based on the image alone, I can assess the following:

**Findings:**

*   **Macula:** The macula appears relatively clear and well-defined. There are no obvious signs of macular edema, drusen, or other macular pathologies.
*   **Retinal Vessels:** The retinal vessels appear to be of normal caliber and without significant signs of narrowing (microaneurysms, hemorrhages, exudates).
*   **Optic Disc:** The optic disc appears normal in appearance.

**Diabetic Retinopathy Severity Assessment:**

Based on the limited information available from this single image, I cannot definitively assess the severity of diabetic retinopathy. A comprehensive assessment requires a full fundus examination, including:

*   **Microaneurysms:** The presence and number of microaneurysms are key indicators of diabetic retinopathy.
*   **Hemorrhages:** The presence and location of hemorrhages (dot, blot, flame-shaped) are important.
*   **Exudates:** The presence of exudates (cotton wool spots, hard exudates) indicates more advanced disease.
*   **Neovascularization:** The presence of new blood vessel growth (neovascularization) is a sign of proliferative diabetic retinopathy, which is a serious complication.
*   **Retinal Thickness:** Measuring retinal thickness can help assess for diabetic macular edema.
*   **Vitreous Hemorrhage:** The presence of blood in the vitreous cavity.

**Conclusion:**

Without a full fundus examination, I cannot provide a definitive assessment of diabetic retinopathy severity. The image shows no obvious signs of diabetic retinopathy, but it is not sufficient to rule out the condition.

**Recommendation:**

A comprehensive dilated fundus examination by an ophthalmologist is necessary to accurately assess the severity of diabetic retinopathy and to monitor for any progression of the disease.

**Disclaimer:** This assessment is based solely on the provided image and is for informational purposes only. It should not be considered a substitute for a professional medical evaluation.
",39.9
41287_left,0,zero_shot,"Okay, I've examined the retinal fundus image. Here's a description of the findings and an assessment of the diabetic retinopathy severity:

**Description of Findings:**

*   **Macula:** The macula appears relatively clear and well-defined. There are no obvious signs of macular edema, drusen, or significant pigmentary changes.
*   **Retinal Vessels:** The retinal vessels appear generally normal in caliber and distribution. There is no evidence of significant arteriolar narrowing (microaneurysms) or hemorrhages.
*   **Optic Disc:** The optic disc appears normal in appearance.
*   **Overall:** The image shows a relatively healthy fundus with no obvious signs of significant diabetic retinopathy.

**Diabetic Retinopathy Severity Assessment:**

Based on the provided image, the diabetic retinopathy severity is likely **no diabetic retinopathy (NDR)** or **mild non-proliferative diabetic retinopathy (NPDR)**.

**Explanation:**

*   **No Diabetic Retinopathy (NDR):** This is the most favorable outcome. It indicates that there are no signs of diabetic retinopathy present in the fundus.
*   **Mild Non-Proliferative Diabetic Retinopathy (NPDR):** This is a possible diagnosis if there are some very subtle findings, such as microaneurysms, but they are not numerous or widespread.

**Important Considerations:**

*   **This assessment is based solely on the provided image.** A comprehensive evaluation requires a full dilated fundus examination, including assessment of the peripheral retina, optic disc, and other structures.
*   **Clinical History is Crucial:** The patient's history of diabetes, blood sugar control, and other relevant factors are essential for accurate diagnosis and management.
*   **Further Evaluation:** If there are any concerns or atypical findings, further evaluation with optical coherence tomography (OCT) or fluorescein angiography (FA) may be necessary to rule out more severe diabetic retinopathy.

**Disclaimer:** This information is for educational purposes only and should not be considered medical advice. It is essential to consult with a qualified ophthalmologist for a comprehensive eye examination and diagnosis.
",40.7
24542_left,0,zero_shot,"Okay, I've examined the retinal fundus image. Here's a description of the findings and an assessment of the diabetic retinopathy severity:

**Description of Findings:**

*   **Macula:** The macula appears relatively clear and well-defined. There are no obvious signs of macular edema, drusen, or significant pigmentary changes.
*   **Retinal Vessels:** The retinal vessels appear to be generally normal in caliber and distribution. There are no significant signs of arteriolar narrowing (hemorrhages, cotton wool spots, or AV nicking).
*   **Optic Disc:** The optic disc appears normal in appearance.
*   **Overall:** The image shows a relatively normal fundus appearance, with no obvious signs of significant diabetic retinopathy.

**Diabetic Retinopathy Severity Assessment:**

Based on the provided image, the diabetic retinopathy severity is likely **Mild**.

**Reasoning:**

*   The absence of significant hemorrhages, cotton wool spots, or neovascularization makes it unlikely that the patient has a more severe form of diabetic retinopathy.
*   The retinal vessels appear normal, which is a positive finding.
*   The macula appears clear, which is also a positive finding.

**Important Considerations:**

*   This assessment is based solely on the provided image. A comprehensive evaluation would require a full dilated fundus examination, including assessment of the peripheral retina, optic disc, and other relevant structures.
*   The patient's history of diabetes, blood sugar control, and other relevant factors would also be important in determining the overall severity of diabetic retinopathy.
*   It is important to note that diabetic retinopathy can progress over time, and even mild cases can eventually develop into more severe forms.

**Disclaimer:** This assessment is for informational purposes only and should not be considered a substitute for a professional medical evaluation. A qualified ophthalmologist should be consulted for a complete diagnosis and treatment plan.
",37.0
5573_right,0,zero_shot,"Okay, I've reviewed the retinal fundus image. Here's a description of the findings and an assessment of the diabetic retinopathy severity:

**Description of Findings:**

*   **Overall Appearance:** The image is somewhat challenging to interpret due to the low resolution and poor lighting conditions. However, I can see some retinal structures.
*   **Macula:** The macula appears to be relatively clear, although the details are limited.
*   **Retinal Vessels:** The retinal vessels are visible, but their appearance is not fully clear.
*   **Other Structures:** I can see some other retinal structures, but their details are not well defined.

**Diabetic Retinopathy Severity Assessment:**

Based on the limited information available, I can only provide a preliminary assessment. A definitive diagnosis requires a comprehensive examination, including a detailed assessment of the retinal vessels, presence of hemorrhages, exudates, and neovascularization.

However, based on the image, I would classify the diabetic retinopathy severity as **Mild to Moderate**.

**Reasoning:**

*   The presence of some retinal vessels suggests that the patient has diabetic retinopathy.
*   The limited information makes it difficult to assess the severity accurately.
*   The presence of some retinal vessels suggests that the patient has diabetic retinopathy.
*   The limited information makes it difficult to assess the severity accurately.

**Important Considerations:**

*   This assessment is based solely on the provided image and is not a substitute for a comprehensive eye examination by a qualified ophthalmologist.
*   A thorough examination is necessary to determine the exact severity of diabetic retinopathy and to monitor for any progression.
*   The presence of other eye conditions (e.g., glaucoma, macular degeneration) can also influence the overall eye health and management plan.

**Recommendations:**

I strongly recommend that the patient undergo a comprehensive eye examination by an ophthalmologist as soon as possible. This examination should include:

*   Dilated fundus examination
*   Optical coherence tomography (OCT)
*   Fluorescein angiography (if indicated)

The ophthalmologist will be able to provide an accurate diagnosis and recommend appropriate management strategies to protect the patient's vision.

**Disclaimer:** I am an AI and cannot provide medical advice. This assessment is for informational purposes only and should not be considered a substitute for professional medical care.
",44.6
1394_left,0,zero_shot,"Okay, I've reviewed the retinal fundus image. Here's a description of the findings and an assessment of the diabetic retinopathy severity:

**Description of Findings:**

*   **Macula:** The macula appears relatively clear, with no obvious signs of edema or significant macular degeneration.
*   **Retinal Vessels:** The retinal vessels appear to be generally normal in caliber and distribution. There are no obvious signs of significant arteriolar narrowing (microaneurysms) or hemorrhages.
*   **Optic Disc:** The optic disc appears normal in appearance.
*   **Overall:** The image shows a relatively normal fundus appearance, with no obvious signs of advanced diabetic retinopathy.

**Diabetic Retinopathy Severity Assessment:**

Based on the provided image, the diabetic retinopathy severity is likely **mild**.

**Reasoning:**

*   The absence of significant microaneurysms, hemorrhages, or exudates is a key indicator of mild diabetic retinopathy.
*   The retinal vessels appear normal in caliber and distribution.
*   The macula appears clear, suggesting no macular edema or significant macular degeneration.

**Important Considerations:**

*   **This assessment is based solely on the provided image.** A comprehensive evaluation requires a full dilated fundus examination, including assessment of the peripheral retina, optic disc, and other relevant structures.
*   **The patient's history of diabetes is crucial.** The severity of diabetic retinopathy is directly related to the duration and control of blood sugar levels.
*   **Other factors can influence the severity of diabetic retinopathy.** These include genetics, hypertension, and other medical conditions.

**Recommendations:**

*   **Referral to an ophthalmologist for a comprehensive dilated fundus examination is highly recommended.** This will allow for a more accurate assessment of the patient's diabetic retinopathy status and appropriate management.
*   **If the patient has diabetes, strict blood sugar control is essential to prevent progression of diabetic retinopathy.**
*   **Regular eye exams are crucial for early detection and management of diabetic retinopathy.**

**Disclaimer:** This assessment is for informational purposes only and should not be considered a substitute for professional medical advice. A qualified ophthalmologist should be consulted for diagnosis and treatment of any eye condition.
",42.5
43816_left,0,zero_shot,"Okay, based on the provided image, here's a description of the findings and an assessment of the diabetic retinopathy severity:

**Description of Findings:**

*   **Clear Optic Disc:** The optic disc appears normal in appearance, with no signs of edema or hemorrhages.
*   **No Macular Edema:** There is no evidence of fluid accumulation in the macula, which is a key indicator of diabetic macular edema (DME).
*   **No Significant Hemorrhages:** The image does not show any significant retinal hemorrhages.
*   **No Neovascularization:** There is no evidence of new blood vessel growth (neovascularization), which is a hallmark of proliferative diabetic retinopathy (PDR).
*   **Normal Retinal Vessels:** The retinal vessels appear relatively normal in caliber and distribution.

**Assessment of Diabetic Retinopathy Severity:**

Based on the findings, the diabetic retinopathy severity is likely **no diabetic retinopathy (NDR)** or **mild non-proliferative diabetic retinopathy (NPDR)**.

**Explanation:**

*   **No Diabetic Retinopathy (NDR):** This is the most benign form of diabetic retinopathy. It is characterized by the absence of any signs of diabetic retinopathy.
*   **Mild Non-Proliferative Diabetic Retinopathy (NPDR):** This is a mild form of diabetic retinopathy. It is characterized by the absence of any signs of diabetic retinopathy.

**Important Considerations:**

*   **This is a limited assessment based on a single image.** A comprehensive evaluation requires a full dilated fundus examination, including assessment of the macula, peripheral retina, and optic disc.
*   **The patient's history of diabetes is crucial.** The presence and duration of diabetes, as well as the patient's blood sugar control, are important factors in determining the overall risk of diabetic retinopathy progression.
*   **Other factors can influence the severity of diabetic retinopathy.** These include genetics, ethnicity, and other medical conditions.

**Recommendations:**

*   **Referral to an ophthalmologist:** It is recommended that the patient be referred to an ophthalmologist for a comprehensive dilated fundus examination and appropriate management.
*   **Blood sugar control:** Strict blood sugar control is essential to prevent the progression of diabetic retinopathy.
*   **Regular eye exams:** Regular eye exams are crucial for early detection and management of diabetic retinopathy.

**Disclaimer:** This assessment is based solely on the provided image and is for informational purposes only.",46.7
34526_right,0,zero_shot,"Okay, I've reviewed the retinal fundus image. Here's a description of the findings and an assessment of the diabetic retinopathy severity:

**Description of Findings:**

*   **Overall Appearance:** The image is somewhat difficult to interpret due to the low resolution and the presence of artifacts. However, I can see some retinal structures.
*   **Macula:** The macula appears to be relatively clear, although the details are limited.
*   **Retinal Vessels:** The retinal vessels are present, but their appearance is not well-defined.
*   **Other Structures:** Other retinal structures, such as the optic disc and peripheral retina, are not clearly visible.

**Diabetic Retinopathy Severity Assessment:**

Based on the limited information available, it is difficult to provide a definitive assessment of diabetic retinopathy severity. However, I can offer some preliminary observations:

*   **No obvious signs of severe diabetic retinopathy:** There are no clear signs of neovascularization, vitreous hemorrhage, or tractional retinal detachment.
*   **Possible early signs:** There may be some subtle signs of early diabetic retinopathy, such as microaneurysms or mild retinal thickening, but these are difficult to confirm without a higher-resolution image.

**Important Considerations:**

*   **Image Quality:** The image quality is poor, which limits the accuracy of the assessment.
*   **Clinical History:** A complete clinical history, including the patient's blood sugar control, duration of diabetes, and any other relevant medical conditions, is essential for a proper diagnosis.
*   **Further Evaluation:** A comprehensive dilated fundus examination by an ophthalmologist is necessary to accurately assess the severity of diabetic retinopathy and to rule out other retinal conditions.

**Disclaimer:**

This assessment is based solely on the provided image and is for informational purposes only. It should not be considered a substitute for a professional medical evaluation by a qualified ophthalmologist.
",37.0
41804_left,1,zero_shot,"Okay, I've reviewed the retinal fundus image. Here's a description of the findings and an assessment of the diabetic retinopathy severity:

**Description of Findings:**

*   **Macula:** The macula appears relatively clear, with no obvious signs of significant macular edema or drusen.
*   **Retinal Vessels:** The retinal vessels appear to be somewhat attenuated (narrowed) in the nerve fiber layer, which can be a sign of chronic hypertension or diabetes.
*   **Retinal Edema:** There is some subtle retinal edema, particularly in the nerve fiber layer.
*   **Microaneurysms:** There are some microaneurysms present, which are small, abnormal bulges in the walls of the retinal blood vessels.
*   **Cotton Wool Spots:** There are some cotton wool spots present, which are white, fluffy patches on the retina that indicate areas of nerve fiber layer infarction (lack of blood supply).
*   **Hemorrhages:** There are some hemorrhages present, which are bleeding within the retina.

**Diabetic Retinopathy Severity Assessment:**

Based on the findings, the diabetic retinopathy severity is likely **Mild to Moderate**.

Here's a breakdown of why:

*   **Mild:** The presence of microaneurysms and some retinal edema is consistent with mild diabetic retinopathy.
*   **Moderate:** The presence of cotton wool spots and hemorrhages suggests a progression to moderate diabetic retinopathy.

**Important Considerations:**

*   **This is a preliminary assessment based on a single image.** A comprehensive evaluation requires a full dilated fundus examination, including assessment of the peripheral retina, optic disc, and other relevant structures.
*   **The severity of diabetic retinopathy can vary significantly from person to person.** Factors such as the duration of diabetes, blood sugar control, blood pressure control, and genetics can all influence the progression of the disease.
*   **The presence of other conditions, such as hypertension or glaucoma, can also affect the findings on the fundus exam.**

**Recommendations:**

*   **Referral to an ophthalmologist:** It is essential to have a comprehensive dilated fundus examination by an ophthalmologist to confirm the diagnosis and assess the severity of diabetic retinopathy.
*   **Blood sugar and blood pressure control:** Strict control of blood sugar and blood pressure is crucial to prevent further progression of diabetic retinopathy.
*   **Regular follow-up:** Regular follow-up appointments with an ophthalmologist are necessary to monitor",46.6
20404_right,1,zero_shot,"Okay, I've examined the retinal fundus image you provided. Based on the image, here's a description and assessment of the potential diabetic retinopathy severity:

**Description:**

*   **Macula:** The macula appears relatively clear and well-defined. There are no obvious signs of macular edema or significant drusen.
*   **Retinal Vessels:** The retinal vessels appear to be generally normal in caliber and distribution. There are no obvious signs of significant arteriolar narrowing (microaneurysms) or hemorrhages.
*   **Optic Disc:** The optic disc appears normal in appearance.

**Assessment of Diabetic Retinopathy Severity:**

Based on the limited information available in this single image, it is difficult to definitively assess the severity of diabetic retinopathy. However, I can provide a preliminary assessment:

*   **No obvious signs of diabetic retinopathy:** The image does not show any clear signs of diabetic retinopathy.

**Important Considerations:**

*   **Limited Information:** This assessment is based on a single fundus image. A comprehensive evaluation requires a full dilated fundus examination, including assessment of the peripheral retina, optic disc, and other structures.
*   **Other Factors:** The severity of diabetic retinopathy can be influenced by factors such as the duration of diabetes, glycemic control, blood pressure control, and other medical conditions.
*   **Further Evaluation:** A comprehensive eye exam by an ophthalmologist is essential for accurate diagnosis and management of diabetic retinopathy.

**Disclaimer:**

This assessment is for informational purposes only and should not be considered a substitute for professional medical advice. It is crucial to consult with a qualified ophthalmologist for a complete eye examination and diagnosis.
",32.8
17317_left,1,zero_shot,"Okay, I've reviewed the retinal fundus image. Here's a description of the findings and an assessment of the diabetic retinopathy severity:

**Description of Findings:**

*   **Dark Image:** The image is very dark, making it difficult to visualize the retinal details clearly. This could be due to several factors, including poor lighting conditions during the image acquisition, a high-powered lens, or a problem with the camera.
*   **Possible Optic Disc:** There is a dark area in the center of the image that could represent the optic disc. However, it's difficult to confirm this definitively due to the poor image quality.
*   **Possible Blood Vessels:** There are some faint, dark structures that could be retinal blood vessels. However, they are not easily discernible due to the darkness of the image.
*   **Possible Macula:** The macula, the central part of the retina responsible for sharp central vision, is not clearly visible.

**Assessment of Diabetic Retinopathy Severity:**

Based on the limited information and poor image quality, it is impossible to accurately assess the severity of diabetic retinopathy. The lack of clear visualization of the retinal details makes it difficult to identify any specific features associated with diabetic retinopathy, such as:

*   Microaneurysms
*   Hemorrhages
*   Cotton wool spots
*   Macular edema
*   Neovascularization

**Recommendation:**

A more detailed and well-lit retinal fundus image is required to accurately assess the severity of diabetic retinopathy. If possible, a fundus photograph with better lighting and resolution should be obtained.

**Disclaimer:**

This assessment is based solely on the provided image and is for informational purposes only. It should not be considered a substitute for a comprehensive eye examination by a qualified ophthalmologist.
",35.3
40757_right,1,zero_shot,"Okay, based on the provided retinal fundus image, here's a description and assessment of the diabetic retinopathy severity:

**Description:**

*   **Overall Appearance:** The image shows a relatively clear fundus view. The optic disc appears normal in size and shape. The retinal vessels are visible, but there are no obvious signs of significant vascular occlusion or hemorrhage.
*   **Macula:** The macula appears to be relatively clear, with no obvious signs of macular edema or drusen.
*   **Retinal Vessels:** The retinal vessels appear to be of normal caliber and without significant narrowing or tortuosity.

**Diabetic Retinopathy Severity Assessment:**

Based on the provided image, the diabetic retinopathy severity is likely **no diabetic retinopathy (NDR)** or **mild non-proliferative diabetic retinopathy (NPDR)**.

**Reasoning:**

*   **No Evidence of Significant Damage:** The image does not show any of the characteristic features of diabetic retinopathy, such as:
    *   Microaneurysms
    *   Hemorrhages
    *   Cotton wool spots
    *   Neovascularization
    *   Macular edema

**Important Considerations:**

*   **Limited Information:** This assessment is based solely on the provided image. A comprehensive evaluation requires a full dilated fundus examination, including assessment of the macula, optic disc, and peripheral retina.
*   **Clinical History:** The patient's history of diabetes, blood sugar control, and other relevant medical conditions are crucial for accurate diagnosis and management.
*   **Follow-up:** Regular follow-up examinations are essential to monitor for the development of diabetic retinopathy and to implement appropriate treatment strategies if needed.

**Disclaimer:** This assessment is for informational purposes only and should not be considered a substitute for professional medical advice. A qualified ophthalmologist should perform a comprehensive eye examination to determine the appropriate diagnosis and treatment plan.",37.3
41863_right,1,zero_shot,"Okay, I've reviewed the retinal fundus image. Here's a description of the findings and an assessment of the diabetic retinopathy severity:

**Description of Findings:**

*   **Macular Edema:** There appears to be some evidence of macular edema, indicated by the hazy, indistinct appearance of the central retinal area. The presence of fluid in the macula can cause blurred vision.
*   **Microaneurysms:** I can see some small, red dots that are likely microaneurysms. These are tiny, abnormal bulges in the walls of the retinal capillaries, a hallmark of diabetic retinopathy.
*   **Cotton Wool Spots:** There are some white, fluffy patches scattered throughout the fundus. These are cotton wool spots, which represent areas of nerve fiber layer infarction (damage to the nerve fibers in the retina due to lack of blood supply).
*   **Hard Exudates:** There are some yellowish, waxy-looking deposits in the retina. These are hard exudates, which are lipid deposits that leak from damaged blood vessels.
*   **Hyperpigmentation:** There is some increased pigmentation in the fundus, which can be associated with chronic conditions like diabetes.
*   **Optic Disc:** The optic disc appears relatively normal in size and shape.

**Diabetic Retinopathy Severity Assessment:**

Based on the findings, the diabetic retinopathy severity appears to be **moderate**.

Here's why:

*   The presence of microaneurysms, cotton wool spots, and hard exudates indicates that the patient has diabetic retinopathy.
*   The presence of macular edema suggests that the disease is affecting the macula, which is responsible for central vision.
*   The number of findings and their distribution suggest that the disease is not severe, but it is present and causing some degree of damage.

**Important Considerations:**

*   This assessment is based solely on the provided image. A comprehensive evaluation would require a complete ophthalmologic examination, including measurements of visual acuity, intraocular pressure, and a dilated fundus examination.
*   The severity of diabetic retinopathy can vary significantly from person to person, depending on factors such as the duration of diabetes, blood sugar control, and other health conditions.
*   The presence of macular edema can significantly impact vision, and it is important to manage this condition to prevent further vision loss.

**Recommendations:**

*   The patient should be referred to an ophthalmologist for a comprehensive evaluation and management plan",47.1
15855_right,1,zero_shot,"Okay, I've reviewed the retinal fundus image. Here's a description of the findings and an assessment of the diabetic retinopathy severity:

**Description of Findings:**

*   **Macula:** The macula appears relatively clear, with no significant macular edema or drusen noted.
*   **Retinal Vessels:** The retinal vessels appear to be of normal caliber. There is no evidence of significant arteriolar narrowing (hemorrhages) or tortuosity.
*   **Optic Disc:** The optic disc appears normal in appearance.
*   **Peripheral Retina:** The peripheral retina appears relatively normal.

**Diabetic Retinopathy Severity Assessment:**

Based on the provided image, the diabetic retinopathy severity appears to be **mild**.

**Reasoning:**

*   The absence of significant hemorrhages, exudates, or neovascularization makes this a low-risk category.
*   The retinal vessels appear normal in caliber.
*   The macula appears clear.

**Important Considerations:**

*   This assessment is based solely on the provided image. A comprehensive evaluation would require a full dilated fundus examination, including assessment of the peripheral retina, optic disc, and the presence of any other signs of diabetic retinopathy.
*   The severity of diabetic retinopathy can change over time. Regular follow-up with an ophthalmologist is crucial for monitoring and managing the condition.
*   The presence of other systemic conditions (e.g., hypertension, hyperlipidemia) can also influence the progression of diabetic retinopathy.

**Disclaimer:**

This is an automated assessment based on a single image. It is not a substitute for a professional ophthalmological examination. A qualified ophthalmologist should be consulted for a definitive diagnosis and management plan.
",33.9
8513_right,1,zero_shot,"Okay, I've reviewed the retinal fundus image. Here's a description of the findings and an assessment of the diabetic retinopathy severity:

**Description of Findings:**

*   **Macula:** The macula appears relatively clear. There are no obvious signs of macular edema, drusen, or significant pigmentary changes.
*   **Retinal Vessels:** The retinal vessels appear to be generally normal in caliber and distribution. There are no significant signs of microaneurysms, hemorrhages, or cotton wool spots.
*   **Optic Disc:** The optic disc appears normal in appearance.
*   **Overall:** The image shows a relatively normal fundus appearance, with no obvious signs of diabetic retinopathy.

**Diabetic Retinopathy Severity Assessment:**

Based on the provided image, the diabetic retinopathy severity is likely **no diabetic retinopathy (NDR)** or **mild non-proliferative diabetic retinopathy (NPDR)**.

**Explanation:**

*   **No Diabetic Retinopathy (NDR):** This is the most favorable outcome. It indicates that there are no signs of diabetic retinopathy present in the fundus.
*   **Mild Non-Proliferative Diabetic Retinopathy (NPDR):** This is a possible diagnosis if there are only very subtle findings, such as a few microaneurysms that are difficult to visualize.

**Important Considerations:**

*   **This assessment is based solely on the provided image.** A comprehensive evaluation requires a full dilated fundus examination, including assessment of the peripheral retina, optic disc, and other structures.
*   **Clinical History is Crucial:** The patient's history of diabetes, duration of diabetes, blood sugar control, and other relevant factors are essential for accurate diagnosis and management.
*   **Further Evaluation:** If there are any concerns or atypical findings, further evaluation with optical coherence tomography (OCT) or fluorescein angiography (FA) may be necessary to rule out diabetic retinopathy or other retinal conditions.

**Disclaimer:** This information is for educational purposes only and should not be considered medical advice. It is essential to consult with a qualified ophthalmologist for a comprehensive eye examination and diagnosis.
",41.3
8889_left,1,zero_shot,"Okay, I've reviewed the retinal fundus image. Here's a description of the findings and an assessment of the diabetic retinopathy severity:

**Description of Findings:**

*   **Macula:** The macula appears relatively clear and well-defined. There are no obvious signs of macular edema, drusen, or significant pigmentary changes.
*   **Retinal Vessels:** The retinal vessels appear to be of normal caliber and without significant signs of narrowing (microaneurysms, hemorrhages, exudates).
*   **Optic Disc:** The optic disc appears normal in appearance.
*   **Overall:** The image shows a generally healthy appearance of the fundus, with no obvious signs of significant diabetic retinopathy.

**Diabetic Retinopathy Severity Assessment:**

Based on the provided image, the diabetic retinopathy severity is likely **no diabetic retinopathy (NDR)** or **mild non-proliferative diabetic retinopathy (NPDR)**.

**Explanation:**

*   **No Diabetic Retinopathy (NDR):** This is the most favorable outcome. It indicates that there are no visible signs of diabetic retinopathy in the fundus.
*   **Mild Non-Proliferative Diabetic Retinopathy (NPDR):** This is a possible diagnosis if there are only very subtle findings, such as a few microaneurysms that are difficult to detect.

**Important Considerations:**

*   **This assessment is based solely on the provided image.** A comprehensive evaluation requires a complete ophthalmologic examination, including a dilated fundus exam, optical coherence tomography (OCT), and possibly fluorescein angiography.
*   **The patient's history of diabetes is crucial.** The presence and duration of diabetes, as well as the patient's blood sugar control, significantly influence the risk and progression of diabetic retinopathy.
*   **Other factors can affect the fundus appearance.** Conditions like hypertension, glaucoma, and macular degeneration can mimic or coexist with diabetic retinopathy.

**Recommendations:**

*   **Referral to an ophthalmologist:** It is essential for the patient to be evaluated by an ophthalmologist for a comprehensive assessment of their diabetic retinopathy.
*   **Blood sugar control:** Strict blood sugar control is crucial to prevent the progression of diabetic retinopathy.
*   **Regular eye exams:** Regular eye exams are necessary to monitor for any changes in the fundus and to detect diabetic retinopathy early.

**Disclaimer:** This information is for educational purposes only and should not be considered medical advice. It",47.0
38163_left,1,zero_shot,"Okay, I've reviewed the retinal fundus image. Here's a description of the findings and an assessment of the diabetic retinopathy severity:

**Description of Findings:**

*   **Overall Appearance:** The image appears to be a fundus photograph, likely taken with a fundus camera. The image is somewhat dark, which can be due to various factors, including the lighting conditions during the examination, the camera settings, or the patient's pupil size.
*   **Macula:** The macula, the central part of the retina responsible for sharp, central vision, is difficult to visualize clearly in this image. The fundus details are not well-defined.
*   **Retinal Vessels:** The retinal vessels are not clearly visible.
*   **Optic Disc:** The optic disc, the location where the optic nerve exits the eye, is not clearly visible.

**Assessment of Diabetic Retinopathy Severity:**

Based on the limited information available in this image, it is impossible to definitively assess the severity of diabetic retinopathy. The image is not detailed enough to evaluate the presence of microaneurysms, hemorrhages, exudates, neovascularization, or other characteristic features of diabetic retinopathy.

**Recommendations:**

To accurately assess the severity of diabetic retinopathy, a detailed fundus examination is required. This examination should include:

*   **Careful evaluation of the macula:** To assess for macular edema or other macular changes.
*   **Assessment of retinal vessels:** To look for microaneurysms, hemorrhages, cotton wool spots, and other signs of diabetic retinopathy.
*   **Evaluation of the optic disc:** To look for signs of optic nerve damage.
*   **Measurement of retinal thickness:** To assess for macular edema.

**Disclaimer:**

This assessment is based solely on the provided image and is for informational purposes only. It should not be considered a substitute for a comprehensive eye examination by a qualified ophthalmologist. A proper diagnosis and treatment plan can only be determined after a thorough evaluation of the retina.",39.2
16818_left,1,zero_shot,"Okay, I've reviewed the retinal fundus image. Here's a description of the findings and an assessment of the diabetic retinopathy severity:

**Description of Findings:**

*   **Macula:** The macula appears relatively clear, with no obvious signs of edema or significant macular degeneration.
*   **Retinal Vessels:** The retinal vessels appear to be generally normal in caliber and distribution. There is no significant arteriolar narrowing or hemorrhages.
*   **Optic Disc:** The optic disc appears normal in appearance.
*   **Overall:** The image is somewhat difficult to assess due to the poor image quality and the presence of artifacts.

**Diabetic Retinopathy Severity Assessment:**

Based on the limited information available, I would assess the diabetic retinopathy severity as **Mild**.

**Reasoning:**

*   The absence of significant hemorrhages, exudates, or neovascularization makes a more severe stage of diabetic retinopathy less likely.
*   The macula appears relatively clear, suggesting that macular edema is not a prominent feature.
*   The retinal vessels appear normal in caliber and distribution.

**Important Considerations:**

*   **Image Quality:** The image quality is suboptimal, which limits the accuracy of the assessment. A higher-resolution image would be necessary for a more definitive diagnosis.
*   **Clinical History:** The patient's history of diabetes, including duration of diabetes, glycemic control, and any other relevant medical conditions, is crucial for accurate assessment.
*   **Further Evaluation:** A comprehensive dilated fundus examination is necessary to rule out any other potential retinal abnormalities.

**Disclaimer:**

This assessment is based solely on the provided image and limited information. A definitive diagnosis and treatment plan can only be determined by a qualified ophthalmologist after a complete examination.
",34.6
6175_right,1,zero_shot,"Okay, I've examined the retinal fundus image. Here's a description of the findings and an assessment of the diabetic retinopathy severity:

**Description of Findings:**

*   **Macular Edema:** There appears to be some evidence of macular edema, indicated by the blurring of the central retinal details.
*   **Microaneurysms:** There are several small, red dots (microaneurysms) present, particularly in the nerve fiber layer.
*   **Hemorrhages:** There are some small hemorrhages present, also appearing as red dots.
*   **Cotton Wool Spots:** There are some white fluffy patches (cotton wool spots) present, indicating nerve fiber layer infarcts.
*   **Retinal Vein Occlusion:** There is a possible retinal vein occlusion, indicated by the presence of hemorrhages and cotton wool spots.

**Diabetic Retinopathy Severity Assessment:**

Based on the findings, the diabetic retinopathy severity is likely **moderate**.

**Reasoning:**

*   The presence of microaneurysms, hemorrhages, and cotton wool spots indicates diabetic retinopathy.
*   The presence of macular edema suggests that the disease is progressing.
*   The presence of retinal vein occlusion suggests that the disease is progressing.

**Important Considerations:**

*   This assessment is based solely on the provided image. A comprehensive evaluation requires a complete ophthalmologic examination, including visual acuity testing, fundus photography, and potentially optical coherence tomography (OCT) and fluorescein angiography.
*   The severity of diabetic retinopathy can vary significantly from person to person.
*   The presence of macular edema can significantly impact visual acuity and quality of life.

**Recommendations:**

*   The patient should be referred to an ophthalmologist for a comprehensive evaluation and management plan.
*   The ophthalmologist will determine the appropriate treatment options, which may include laser photocoagulation, intravitreal injections of anti-VEGF medications, or other interventions.
*   The patient should be educated about the importance of blood sugar control, blood pressure control, and regular eye exams to prevent further progression of diabetic retinopathy.

**Disclaimer:** This information is for educational purposes only and should not be considered medical advice. It is essential to consult with a qualified ophthalmologist for diagnosis and treatment of any eye condition.
",44.0
13643_right,1,zero_shot,"Okay, I've reviewed the retinal fundus image. Here's a description of the findings and an assessment of the diabetic retinopathy severity:

**Description of Findings:**

*   **Macula:** The macula appears relatively clear, with no significant edema or hemorrhages.
*   **Retinal Vessels:** The retinal vessels are generally visible, with some evidence of microaneurysms.
*   **Cotton Wool Spots:** There are some small, white fluffy patches (cotton wool spots) present, particularly in the nerve fiber layer.
*   **Hemorrhages:** There are some small hemorrhages present, particularly in the nerve fiber layer.
*   **Other:** The image shows a normal optic disc and a clear view of the retinal vessels.

**Diabetic Retinopathy Severity Assessment:**

Based on the findings, the diabetic retinopathy severity is likely **Mild to Moderate**.

Here's the reasoning:

*   **Microaneurysms:** The presence of microaneurysms is a hallmark of diabetic retinopathy.
*   **Cotton Wool Spots:** The presence of cotton wool spots indicates some retinal nerve fiber layer damage, which is a sign of more advanced diabetic retinopathy.
*   **Hemorrhages:** The presence of hemorrhages indicates some retinal damage.

**Important Considerations:**

*   **This assessment is based solely on the provided image.** A comprehensive evaluation requires a full dilated fundus examination, including assessment of the peripheral retina, optic disc, and other structures.
*   **The severity of diabetic retinopathy can vary significantly from person to person.** Factors such as duration of diabetes, glycemic control, and other health conditions can influence the progression of the disease.
*   **This is not a substitute for a professional medical opinion.** It is essential to consult with an ophthalmologist for a proper diagnosis and management plan.

**Recommendations:**

*   **Follow-up with an ophthalmologist:** Regular eye exams are crucial for individuals with diabetes to monitor for and manage diabetic retinopathy.
*   **Glycemic control:** Maintaining good blood sugar control is essential to prevent further progression of diabetic retinopathy.
*   **Blood pressure and cholesterol management:** Controlling blood pressure and cholesterol levels is also important for overall eye health.
*   **Lifestyle modifications:** A healthy diet, regular exercise, and smoking cessation can help reduce the risk of diabetic retinopathy.

**Disclaimer:** I am an AI and cannot provide medical advice. This information is for educational purposes only and should not be",46.8
43973_right,1,zero_shot,"Okay, I've reviewed the retinal fundus image. Here's a description of the findings and an assessment of the diabetic retinopathy severity:

**Description of Findings:**

*   **Overall Appearance:** The image appears to be a relatively clear fundus photograph. The optic disc is visible, and the retinal vessels are present.
*   **Macula:** The macula appears to be relatively clear, with no obvious signs of macular edema or drusen.
*   **Retinal Vessels:** The retinal vessels appear to be of normal caliber and distribution. There are no significant signs of arteriolar narrowing (hemorrhages, cotton wool spots, or microaneurysms).
*   **Other Structures:** The image shows the typical structures of the fundus, including the optic disc, retinal vessels, and the periphery of the retina.

**Diabetic Retinopathy Severity Assessment:**

Based on the provided image, the diabetic retinopathy severity is likely **no diabetic retinopathy (NDR)** or **mild non-proliferative diabetic retinopathy (NPDR)**.

**Reasoning:**

*   **Absence of Key Features:** The image lacks the characteristic features of diabetic retinopathy, such as:
    *   Microaneurysms
    *   Hemorrhages
    *   Cotton wool spots
    *   Macular edema
    *   Neovascularization (in proliferative diabetic retinopathy)

**Important Considerations:**

*   **Limited Information:** This assessment is based solely on the provided image. A comprehensive evaluation requires a full dilated fundus examination, including assessment of the macula, optic disc, and peripheral retina.
*   **Clinical History:** The patient's history of diabetes, blood sugar control, and other relevant medical conditions are crucial for accurate diagnosis and management.
*   **Follow-up:** Regular follow-up examinations are essential to monitor for the development of diabetic retinopathy and to implement appropriate treatment strategies if needed.

**Disclaimer:** This assessment is for informational purposes only and should not be considered a substitute for a professional medical evaluation by a qualified ophthalmologist.
",42.0
19859_right,1,zero_shot,"Okay, I've reviewed the retinal fundus image. Here's a description of the findings and an assessment of the diabetic retinopathy severity:

**Findings:**

*   **Macula:** The macula appears relatively normal in terms of its central area. There is no obvious macular edema or significant drusen noted.
*   **Retinal Vessels:** The retinal vessels appear to be somewhat attenuated (narrowed) in the nerve fiber layer, which can be a sign of chronic hyperglycemia.
*   **Microaneurysms:** There are several small, red dots present, which are likely microaneurysms. These are a hallmark of diabetic retinopathy.
*   **Hemorrhages:** There are some small hemorrhages present, also likely related to diabetic retinopathy.
*   **Cotton Wool Spots:** There are some small, white fluffy patches present, which are indicative of cotton wool spots. These are signs of nerve fiber layer infarction.
*   **Optic Disc:** The optic disc appears normal in appearance.

**Diabetic Retinopathy Severity Assessment:**

Based on the findings, the diabetic retinopathy severity is likely **Mild to Moderate**.

**Explanation:**

*   The presence of microaneurysms, hemorrhages, and cotton wool spots indicates diabetic retinopathy.
*   The number of these findings suggests that the disease is not severe.
*   The absence of significant macular edema or neovascularization (new blood vessel growth) further supports a lower severity classification.

**Important Considerations:**

*   This assessment is based solely on the provided image. A comprehensive evaluation would require a full dilated fundus examination, including assessment of the peripheral retina, optic disc, and other structures.
*   The severity of diabetic retinopathy can vary significantly from person to person, even with similar findings.
*   The presence of these findings does not necessarily mean that the patient has diabetic retinopathy. Other conditions can cause similar findings.
*   The patient's history of diabetes, blood sugar control, and other relevant factors are crucial for accurate diagnosis and management.

**Recommendations:**

*   The patient should be referred to an ophthalmologist for a comprehensive dilated fundus examination.
*   The ophthalmologist will be able to provide a definitive diagnosis and recommend appropriate management strategies, which may include monitoring, laser treatment, or injections.
*   The patient should be educated about the importance of good blood sugar control and regular eye exams.

**Disclaimer:** This assessment is for informational purposes only and",47.0
25203_left,1,zero_shot,"Okay, I've examined the retinal fundus image. Based on the provided image, here's a description and assessment:

**Description:**

The image shows a relatively clear view of the fundus. The optic disc appears normal in size and shape. The retinal vessels are visible, and there are no obvious signs of significant hemorrhages, exudates, or neovascularization. The image is not high resolution, so some subtle details may be difficult to discern.

**Diabetic Retinopathy Severity Assessment:**

Based on the limited information available in this single image, I would assess the diabetic retinopathy severity as **no diabetic retinopathy (NDR)**.

**Explanation:**

*   **No Evidence of Diabetic Retinopathy:** The image does not show any of the characteristic features of diabetic retinopathy, such as:
    *   Microaneurysms
    *   Hemorrhages (dot and blot)
    *   Exudates
    *   Cotton wool spots
    *   Neovascularization

**Important Considerations:**

*   **Limited Information:** This assessment is based on a single image. A comprehensive evaluation requires a full dilated fundus examination, including assessment of the peripheral retina, optic disc, and retinal vessels.
*   **Other Factors:** The severity of diabetic retinopathy can also be influenced by factors such as the duration of diabetes, glycemic control, blood pressure control, and the presence of other vascular risk factors.
*   **Follow-up:** Even if the current image shows no signs of diabetic retinopathy, regular follow-up examinations are essential to monitor for the development of diabetic retinopathy over time.

**Disclaimer:**

This assessment is for informational purposes only and should not be considered a substitute for a professional medical evaluation. A qualified ophthalmologist should be consulted for a complete diagnosis and treatment plan.
",35.7
9959_right,1,zero_shot,"Okay, I've examined the retinal fundus image. Here's a description of the findings and an assessment of the diabetic retinopathy severity:

**Description of Findings:**

*   **Macula:** The macula appears relatively clear, with no obvious signs of edema or significant macular degeneration.
*   **Retinal Vessels:** The retinal vessels appear to be generally normal in caliber and distribution. There are no significant signs of arteriolar narrowing (microaneurysms) or hemorrhages.
*   **Optic Disc:** The optic disc appears normal in appearance.
*   **Other:** There are no other obvious abnormalities noted in the image.

**Diabetic Retinopathy Severity Assessment:**

Based on the provided image, the diabetic retinopathy severity appears to be **mild**.

**Reasoning:**

*   The absence of significant microaneurysms, hemorrhages, or exudates is a key indicator of mild diabetic retinopathy.
*   The retinal vessels appear normal in caliber and distribution.
*   The macula appears clear, suggesting no macular edema or significant macular degeneration.

**Important Considerations:**

*   **This assessment is based solely on the provided image.** A comprehensive evaluation requires a full dilated fundus examination, including assessment of the peripheral retina, optic disc, and other structures.
*   **The patient's history of diabetes is crucial.** The severity of diabetic retinopathy can vary significantly depending on the duration of diabetes, glycemic control, and other risk factors.
*   **Further evaluation may be necessary.** Even with a mild presentation, it's important to monitor the patient regularly for any signs of progression.

**Disclaimer:**

I am an AI and cannot provide medical diagnoses. This assessment is for informational purposes only and should not be considered a substitute for professional medical advice. A qualified ophthalmologist should be consulted for a complete eye examination and diagnosis.",36.3
16612_right,1,zero_shot,"Okay, I've examined the retinal fundus image. Here's a description of the findings and an assessment of the diabetic retinopathy severity:

**Description of Findings:**

*   **Macula:** The macula appears relatively clear, with no significant edema or hemorrhages.
*   **Retinal Vessels:** There are some signs of microaneurysms, which are small, abnormal bulges in the walls of the retinal blood vessels.
*   **Cotton Wool Spots:** There are some cotton wool spots, which are white, fluffy patches on the retina that represent areas of nerve fiber layer infarction.
*   **Hemorrhages:** There are some small hemorrhages present.
*   **Optic Disc:** The optic disc appears normal.

**Diabetic Retinopathy Severity Assessment:**

Based on the findings, the diabetic retinopathy severity is likely **Mild to Moderate**.

**Explanation:**

*   The presence of microaneurysms, cotton wool spots, and hemorrhages indicates diabetic retinopathy.
*   The number and size of these findings suggest that the disease is not severe.
*   The absence of significant macular edema or neovascularization (new blood vessel growth) further supports a lower severity classification.

**Important Considerations:**

*   This assessment is based solely on the provided image. A comprehensive evaluation would require a complete ophthalmologic examination, including visual acuity testing, fundus photography, and potentially optical coherence tomography (OCT) or fluorescein angiography.
*   The severity of diabetic retinopathy can vary significantly from person to person, and the findings in this image may not be representative of the overall condition.
*   It is crucial to follow up with an ophthalmologist for regular monitoring and management of diabetic retinopathy.

**Disclaimer:** This information is for educational purposes only and should not be considered medical advice. It is essential to consult with a qualified ophthalmologist for diagnosis and treatment of any eye condition.
",37.2
6772_left,1,zero_shot,"Okay, I've reviewed the retinal fundus image. Here's a description of the findings and an assessment of the diabetic retinopathy severity:

**Description of Findings:**

*   **Macula:** The macula appears relatively clear, with no significant edema or hemorrhages.
*   **Retinal Vessels:** The retinal vessels are present and appear generally normal in caliber. There are some small microaneurysms present.
*   **Cotton Wool Spots:** There are some small cotton wool spots present.
*   **Hemorrhages:** There are some small hemorrhages present.
*   **Other:** The image is well-centered and the optic disc appears normal.

**Diabetic Retinopathy Severity Assessment:**

Based on the findings, the diabetic retinopathy severity is likely **Mild to Moderate**.

**Explanation:**

*   **Mild Diabetic Retinopathy:** Typically characterized by microaneurysms.
*   **Moderate Diabetic Retinopathy:** Characterized by microaneurysms, cotton wool spots, and hemorrhages.

**Important Considerations:**

*   **This is a preliminary assessment based on a single image.** A comprehensive evaluation requires a full dilated fundus examination, including assessment of the peripheral retina, optic disc, and other relevant structures.
*   **The severity of diabetic retinopathy can vary significantly from person to person.** Factors such as duration of diabetes, glycemic control, and other health conditions can influence the progression of the disease.
*   **This assessment is not a substitute for a professional medical opinion.** It is essential to consult with an ophthalmologist for a proper diagnosis and management plan.

**Recommendations:**

*   **Referral to an ophthalmologist:** It is highly recommended that the patient be referred to an ophthalmologist for a comprehensive dilated fundus examination and further evaluation.
*   **Glycemic control:** Strict glycemic control is crucial to prevent further progression of diabetic retinopathy.
*   **Regular monitoring:** Regular follow-up appointments with an ophthalmologist are necessary to monitor the progression of diabetic retinopathy and to implement appropriate treatment strategies.

**Disclaimer:** I am an AI and cannot provide medical advice. This information is for educational purposes only and should not be considered a substitute for professional medical consultation.
",42.4
10297_right,1,zero_shot,"Okay, I've reviewed the retinal fundus image. Here's a description of the findings and an assessment of the diabetic retinopathy severity:

**Description of Findings:**

*   **Overall Appearance:** The image appears to be a fundus photograph of the retina. The optic disc is visible, and the retinal vessels are present.
*   **Macula:** The macula appears relatively clear, with no obvious signs of macular edema or drusen.
*   **Retinal Vessels:** The retinal vessels appear to be of normal caliber and distribution. There are no significant signs of arteriolar narrowing (microaneurysms) or hemorrhages.
*   **Other Structures:** The image shows the typical structures of the fundus, including the choroid and the sclera.

**Diabetic Retinopathy Severity Assessment:**

Based on the provided image, the diabetic retinopathy severity is **mild**.

**Reasoning:**

*   **No Evidence of Significant Damage:** The image does not show any signs of the characteristic features of diabetic retinopathy, such as microaneurysms, hemorrhages, exudates, or neovascularization.
*   **Normal Vessel Appearance:** The retinal vessels appear normal in caliber and distribution.
*   **Macula Intact:** The macula appears clear, suggesting no macular edema or other macular pathology.

**Important Considerations:**

*   **Limited Information:** This assessment is based solely on the provided image. A comprehensive evaluation would require a full dilated fundus examination, including assessment of the peripheral retina, optic disc, and other structures.
*   **Clinical History:** The patient's history of diabetes, including duration of diabetes, glycemic control, and any other relevant medical conditions, is crucial for accurate assessment.
*   **Follow-up:** Regular follow-up examinations are essential to monitor for the development of diabetic retinopathy and to ensure appropriate management.

**Disclaimer:** This assessment is for informational purposes only and should not be considered a substitute for a professional medical evaluation. A qualified ophthalmologist should be consulted for a complete diagnosis and treatment plan.",40.0
1932_right,1,zero_shot,"Okay, I've reviewed the retinal fundus image. Here's a description of the findings and an assessment of the diabetic retinopathy severity:

**Description of Findings:**

*   **Macula:** The macula appears relatively clear, with no obvious signs of significant macular edema or drusen.
*   **Retinal Vessels:** The retinal vessels appear to be generally normal in caliber and distribution. There is no evidence of significant arteriolar narrowing (microaneurysms) or hemorrhages.
*   **Optic Disc:** The optic disc appears normal in appearance.
*   **Overall:** The image shows a relatively normal fundus appearance, with no obvious signs of diabetic retinopathy.

**Diabetic Retinopathy Severity Assessment:**

Based on the provided image, the diabetic retinopathy severity is likely **no diabetic retinopathy (NDR)** or **mild non-proliferative diabetic retinopathy (NPDR)**.

**Explanation:**

*   **No Diabetic Retinopathy (NDR):** This is the most favorable outcome. It indicates that there are no signs of diabetic retinopathy present in the fundus.
*   **Mild Non-Proliferative Diabetic Retinopathy (NPDR):** This is a possible diagnosis if there are some subtle findings, such as microaneurysms, hemorrhages, or cotton wool spots, but they are minimal and do not meet the criteria for more severe stages.

**Important Considerations:**

*   **This assessment is based solely on the provided image.** A comprehensive evaluation requires a complete ophthalmologic examination, including a dilated fundus exam, optical coherence tomography (OCT), and possibly fluorescein angiography.
*   **The patient's history of diabetes is crucial.** The presence and duration of diabetes, as well as any other relevant medical conditions, will influence the overall assessment.
*   **The image quality is limited.** The image is somewhat grainy and difficult to assess in detail. A higher-resolution image would be ideal for a more accurate evaluation.

**Recommendations:**

*   **Referral to an ophthalmologist:** It is essential to refer the patient to an ophthalmologist for a comprehensive eye examination.
*   **Follow-up:** If the patient is diagnosed with NPDR, regular follow-up appointments are necessary to monitor for progression to more severe stages of diabetic retinopathy.

**Disclaimer:** This information is for educational purposes only and should not be considered medical advice. It is essential to consult with a qualified ophthalmologist for any eye-",47.6
4885_right,1,zero_shot,"Okay, I've reviewed the retinal fundus image. Here's a description of the findings and an assessment of the diabetic retinopathy severity:

**Description of Findings:**

*   **Macula:** The macula appears relatively normal in terms of its central area. There is no obvious macular edema or significant drusen noted.
*   **Retinal Vessels:** The retinal vessels show some signs of microaneurysms, which are small, abnormal bulges in the walls of the retinal blood vessels. There are also some signs of hemorrhages.
*   **Cotton Wool Spots:** There are some cotton wool spots, which are white, fluffy patches on the retina that represent areas of nerve fiber layer infarction.
*   **Hemorrhages:** There are some hemorrhages present, which are bleeding within the retina.
*   **Other:** There are some areas of retinal thickening.

**Diabetic Retinopathy Severity Assessment:**

Based on the findings, the diabetic retinopathy severity is likely **moderate**.

**Reasoning:**

*   The presence of microaneurysms, hemorrhages, and cotton wool spots indicates diabetic retinopathy.
*   The number and distribution of these findings suggest that the disease is not mild (no retinopathy) but also not severe (proliferative diabetic retinopathy).
*   The absence of significant macular edema or neovascularization (new blood vessel growth) helps to classify the severity as moderate.

**Important Considerations:**

*   This assessment is based solely on the provided image. A comprehensive evaluation would require a full dilated fundus examination, including assessment of the optic disc, peripheral retina, and other relevant structures.
*   The severity of diabetic retinopathy can vary significantly from person to person, and the findings in this image may not be representative of the overall condition.
*   The presence of other medical conditions or medications can also influence the progression and severity of diabetic retinopathy.

**Recommendations:**

*   The patient should be monitored regularly by an ophthalmologist to assess for progression of diabetic retinopathy.
*   Management strategies, such as blood sugar control, blood pressure control, and anti-VEGF injections (if neovascularization develops), may be necessary to prevent further vision loss.

**Disclaimer:** This is an AI-generated assessment based on the provided image. It is not a substitute for a professional medical evaluation by a qualified ophthalmologist.
",44.9
20019_left,1,zero_shot,"Okay, I've examined the retinal fundus image. Here's a description of the findings and an assessment of the diabetic retinopathy severity:

**Findings:**

*   **Macular Edema:** There is evidence of macular edema, indicated by the presence of fluid accumulation in the macula. This is a common complication of diabetic retinopathy.
*   **Microaneurysms:** Several microaneurysms are visible, which are small, abnormal bulges in the walls of retinal blood vessels. These are a hallmark of diabetic retinopathy.
*   **Hemorrhages:** There are some hemorrhages present, which are bleeding within the retina.
*   **Cotton Wool Spots:** There are some cotton wool spots, which are white, fluffy patches on the retina that represent areas of nerve fiber layer infarction.
*   **Optic Disc:** The optic disc appears normal.
*   **Other:** The image quality is adequate, allowing for visualization of the retinal details.

**Diabetic Retinopathy Severity Assessment:**

Based on the findings, the diabetic retinopathy severity is likely **moderate**.

**Reasoning:**

*   The presence of microaneurysms, hemorrhages, and cotton wool spots indicates that the disease is present.
*   The presence of macular edema suggests that the disease is progressing and causing damage to the macula, which is responsible for central vision.
*   The number of findings is relatively high, suggesting a moderate level of severity.

**Important Considerations:**

*   This assessment is based solely on the provided image. A comprehensive evaluation would require a complete ophthalmological examination, including visual acuity testing, fundus photography, and potentially other diagnostic tests.
*   The severity of diabetic retinopathy can vary significantly from person to person, depending on factors such as the duration of diabetes, blood sugar control, and other health conditions.
*   The presence of macular edema can significantly impact vision and quality of life.

**Recommendations:**

*   The patient should be referred to an ophthalmologist for a comprehensive evaluation and management plan.
*   The ophthalmologist will likely recommend monitoring the condition with regular fundus examinations.
*   Management options for diabetic retinopathy may include laser photocoagulation, intravitreal injections of anti-VEGF medications, and/or observation.

**Disclaimer:** This information is for educational purposes only and should not be considered medical advice. It is essential to consult with a qualified ophthalmologist for diagnosis and treatment of any eye condition.",46.8
32307_left,1,zero_shot,"Okay, I've reviewed the retinal fundus image. Here's a description of the findings and an assessment of the diabetic retinopathy severity:

**Description of Findings:**

*   **Macular Edema:** There appears to be some evidence of macular edema, indicated by the blurring of the central retinal details.
*   **Microaneurysms:** Several microaneurysms are present, particularly in the nerve fiber layer.
*   **Hemorrhages:** There are some hemorrhages present, which are small, dot-like or flame-shaped.
*   **Cotton Wool Spots:** There are some cotton wool spots present, which are white fluffy patches.
*   **Optic Disc:** The optic disc appears relatively normal in appearance.

**Diabetic Retinopathy Severity Assessment:**

Based on the findings, the diabetic retinopathy severity is likely **Moderate**.

**Reasoning:**

*   The presence of microaneurysms, hemorrhages, and cotton wool spots indicates diabetic retinopathy.
*   The presence of macular edema suggests that the disease is progressing.
*   The number of findings and their distribution suggest that the disease is not severe.

**Important Considerations:**

*   This assessment is based solely on the provided image. A comprehensive evaluation would require a complete ophthalmologic examination, including visual acuity testing, fundus photography, and potentially other diagnostic tests.
*   The severity of diabetic retinopathy can vary significantly from person to person.
*   The presence of macular edema can significantly impact visual acuity and quality of life.

**Recommendations:**

*   The patient should be referred to an ophthalmologist for a comprehensive evaluation and management plan.
*   The ophthalmologist will determine the appropriate treatment options, which may include laser photocoagulation, intravitreal injections, or other interventions.
*   The patient should be educated about the importance of blood sugar control, blood pressure management, and regular eye exams to prevent further progression of diabetic retinopathy.

**Disclaimer:** This information is for educational purposes only and should not be considered medical advice. It is essential to consult with a qualified ophthalmologist for diagnosis and treatment of any eye condition.
",41.5
19849_right,1,zero_shot,"Okay, I've reviewed the retinal fundus image. Here's a description of the findings and an assessment of the diabetic retinopathy severity:

**Description of Findings:**

*   **Macula:** The macula appears relatively clear, with no obvious signs of edema or significant macular degeneration.
*   **Retinal Vessels:** The retinal vessels appear to be of normal caliber. There are no significant signs of narrowing (microaneurysms) or widening (hemorrhages) in the retinal vessels.
*   **Optic Disc:** The optic disc appears normal in appearance.
*   **Other:** There are no obvious signs of significant retinal detachment, neovascularization, or other concerning findings.

**Diabetic Retinopathy Severity Assessment:**

Based on the provided image, the diabetic retinopathy severity appears to be **mild**.

**Reasoning:**

*   The absence of microaneurysms, hemorrhages, or significant vascular changes in the retinal vessels is a key indicator of mild diabetic retinopathy.
*   The macula appears relatively clear, suggesting that macular edema is not present.

**Important Considerations:**

*   **This assessment is based solely on the provided image.** A comprehensive evaluation requires a complete ophthalmologic examination, including a detailed history of the patient's diabetes, blood sugar control, and other relevant factors.
*   **Further evaluation is recommended.** While the image suggests mild diabetic retinopathy, it's crucial to follow up with an ophthalmologist for a complete examination and ongoing monitoring. This is especially important given the patient's history of diabetes.
*   **Other factors can influence the severity.** The severity of diabetic retinopathy can vary depending on factors such as the duration of diabetes, glycemic control, blood pressure, and other medical conditions.

**Disclaimer:**

I am an AI and cannot provide medical diagnoses or treatment recommendations. This assessment is for informational purposes only and should not be considered a substitute for professional medical advice. Always consult with a qualified ophthalmologist for any eye-related concerns.",38.7
42615_left,1,zero_shot,"Okay, I've examined the retinal fundus image. Here's a description of the findings and an assessment of the diabetic retinopathy severity:

**Description of Findings:**

*   **Macula:** The macula appears relatively clear, with no obvious signs of significant macular edema or drusen.
*   **Retinal Vessels:** The retinal vessels appear somewhat attenuated (narrowed) in the nerve fiber layer, which can be a sign of chronic hyperglycemia.
*   **Microaneurysms:** There are some small, red dots present, which are likely microaneurysms. These are a hallmark of diabetic retinopathy.
*   **Cotton Wool Spots:** There are some white, fluffy patches present, which are likely cotton wool spots. These are signs of nerve fiber layer infarction due to ischemia.
*   **Hemorrhages:** There are some small hemorrhages present, which are also a sign of diabetic retinopathy.
*   **Optic Disc:** The optic disc appears normal in appearance.

**Diabetic Retinopathy Severity Assessment:**

Based on the findings, the diabetic retinopathy severity appears to be **Mild to Moderate**.

**Explanation:**

*   The presence of microaneurysms, cotton wool spots, and hemorrhages indicates diabetic retinopathy.
*   The number of these findings suggests that the disease is not severe.
*   The absence of significant macular edema or neovascularization (new blood vessel growth) further supports a lower severity classification.

**Important Considerations:**

*   This assessment is based solely on the provided image. A comprehensive evaluation would require a full dilated fundus examination, including assessment of the peripheral retina and optic disc.
*   The severity of diabetic retinopathy can vary significantly from person to person, even with similar findings.
*   The presence of these findings does not necessarily mean that the patient has diabetic retinopathy. Other conditions can cause similar findings.

**Recommendations:**

*   The patient should be referred to an ophthalmologist for a comprehensive eye exam.
*   The ophthalmologist will be able to provide a definitive diagnosis and recommend appropriate management strategies.
*   Good glycemic control is essential to prevent further progression of diabetic retinopathy.
*   Regular eye exams are crucial for early detection and treatment of diabetic retinopathy.

**Disclaimer:** This assessment is for informational purposes only and should not be considered a substitute for professional medical advice.
",45.0
28455_right,1,zero_shot,"Okay, I've examined the retinal fundus image. Here's a description of the findings and an assessment of the diabetic retinopathy severity:

**Description of Findings:**

*   **Macula:** The macula appears relatively clear, with no obvious signs of edema or significant macular degeneration.
*   **Retinal Vessels:** The retinal vessels appear to be generally normal in caliber and distribution. There are no significant signs of arteriolar narrowing (microaneurysms) or hemorrhages.
*   **Optic Disc:** The optic disc appears normal in appearance.
*   **Peripheral Retina:** The peripheral retina appears relatively normal.

**Diabetic Retinopathy Severity Assessment:**

Based on the provided image, the diabetic retinopathy severity appears to be **mild**.

**Reasoning:**

*   The absence of significant microaneurysms, hemorrhages, or exudates in the retinal vessels is a key indicator of mild diabetic retinopathy.
*   The macula appears relatively clear, suggesting that macular edema is not present.
*   The optic disc is normal.

**Important Considerations:**

*   This assessment is based solely on the provided image. A comprehensive evaluation would require a full dilated fundus examination, including assessment of the peripheral retina, optic disc, and macula.
*   The severity of diabetic retinopathy can change over time. Regular follow-up with an ophthalmologist is crucial for monitoring and managing the condition.
*   Other factors, such as the patient's blood sugar control, blood pressure, and cholesterol levels, can also influence the progression of diabetic retinopathy.

**Disclaimer:** This assessment is for informational purposes only and should not be considered a substitute for professional medical advice. A qualified ophthalmologist should be consulted for a complete evaluation and management plan.",34.6
12070_right,1,zero_shot,"Okay, I've reviewed the retinal fundus image. Here's a description of the findings and an assessment of the diabetic retinopathy severity:

**Description of Findings:**

*   **Macula:** The macula appears relatively normal in size and shape. There is no obvious edema or significant macular degeneration.
*   **Retinal Vessels:** The retinal vessels appear to be of normal caliber and without significant signs of narrowing (microaneurysms, hemorrhages, exudates).
*   **Optic Disc:** The optic disc appears normal in appearance.
*   **Overall:** The image shows a generally healthy appearance of the fundus, with no obvious signs of significant diabetic retinopathy.

**Diabetic Retinopathy Severity Assessment:**

Based on the provided image, the diabetic retinopathy severity is likely **no diabetic retinopathy (NDR)** or **mild non-proliferative diabetic retinopathy (NPDR)**.

**Explanation:**

*   **No Diabetic Retinopathy (NDR):** This is the most favorable outcome. It indicates that there are no visible signs of diabetic retinopathy in the fundus.
*   **Mild Non-Proliferative Diabetic Retinopathy (NPDR):** This is a possible finding, but it would require further evaluation. The absence of microaneurysms, hemorrhages, or exudates makes this less likely, but it's not entirely ruled out.

**Important Considerations:**

*   **This assessment is based solely on the provided image.** A comprehensive evaluation requires a full dilated fundus examination, including assessment of the peripheral retina, optic disc, and other relevant structures.
*   **Clinical History is Crucial:** The patient's history of diabetes, duration of diabetes, blood sugar control, and other relevant medical conditions are essential for accurate diagnosis and management.
*   **Further Evaluation:** If there is any suspicion of diabetic retinopathy, even with a seemingly normal fundus exam, further evaluation is necessary. This may include:
    *   **Optical Coherence Tomography (OCT):** To assess for macular edema or other structural changes.
    *   **Fluorescein Angiography (FA):** To visualize retinal blood vessels and identify microaneurysms, hemorrhages, and other abnormalities.
    *   **Intraocular Pressure (IOP) Measurement:** To rule out glaucoma.

**Disclaimer:**

This is a preliminary assessment based on a single image. A definitive diagnosis and management plan can only be",46.9
5994_right,1,zero_shot,"Okay, I've reviewed the retinal fundus image. Here's a description of the findings and an assessment of the diabetic retinopathy severity:

**Description of Findings:**

*   **Macula:** The macula appears relatively clear, with no obvious signs of significant macular edema or drusen.
*   **Retinal Vessels:** The retinal vessels appear to be generally normal in caliber and distribution. There are no obvious signs of significant arteriolar narrowing (microaneurysms) or hemorrhages.
*   **Optic Disc:** The optic disc appears normal in appearance.
*   **Other:** There are no obvious signs of significant retinal detachment or other abnormalities.

**Diabetic Retinopathy Severity Assessment:**

Based on the provided image, the diabetic retinopathy severity appears to be **mild**.

**Reasoning:**

*   The absence of significant microaneurysms, hemorrhages, or exudates is a key indicator of mild diabetic retinopathy.
*   The retinal vessels appear relatively normal in caliber and distribution.
*   The macula appears clear, suggesting no significant macular edema.

**Important Considerations:**

*   **This assessment is based solely on the provided image.** A comprehensive evaluation requires a full dilated fundus examination, including assessment of the peripheral retina, optic disc, and other structures.
*   **This is not a substitute for a professional medical opinion.** A qualified ophthalmologist should always be consulted for diagnosis and management of diabetic retinopathy.
*   **Further evaluation may be needed.** Even with mild diabetic retinopathy, regular follow-up is essential to monitor for progression and to implement appropriate management strategies.

**Disclaimer:** I am an AI and cannot provide medical advice. This assessment is for informational purposes only and should not be used to make decisions about your health. Please consult with a qualified ophthalmologist for a comprehensive eye examination and diagnosis.
",35.9
14825_right,1,zero_shot,"Okay, I've examined the retinal fundus image you provided.

**Findings:**

*   **Macula:** The macula appears relatively clear and well-defined. There are no obvious signs of macular edema, drusen, or other macular pathologies.
*   **Retinal Vessels:** The retinal vessels appear to be of normal caliber and without significant signs of narrowing, tortuosity, or hemorrhages.
*   **Optic Disc:** The optic disc appears normal in appearance.
*   **Peripheral Retina:** The peripheral retina appears relatively normal.

**Diabetic Retinopathy Severity Assessment:**

Based on the provided image, I cannot definitively assess the severity of diabetic retinopathy. The image is too limited to provide a comprehensive evaluation. A full assessment requires a detailed examination of the entire retina, including the peripheral retina, and often requires additional imaging such as optical coherence tomography (OCT) or fluorescein angiography.

However, based on the limited information, I can say that the image does not show any obvious signs of diabetic retinopathy.

**Important Considerations:**

*   **Limited Image:** The image is a single, low-resolution view of the fundus. A complete assessment requires a full fundus examination.
*   **No History:** I have no information about the patient's medical history, including their diabetes control, duration of diabetes, and any previous ophthalmological examinations.
*   **Further Evaluation Needed:** A definitive diagnosis and severity assessment require a comprehensive ophthalmological examination.

**Recommendation:**

I strongly recommend that the patient undergo a comprehensive ophthalmological examination by a qualified ophthalmologist. This examination should include a full fundus examination, OCT, and possibly fluorescein angiography, depending on the patient's history and risk factors.

**Disclaimer:** This assessment is based solely on the limited information provided in the image and is not a substitute for a comprehensive ophthalmological examination.
",36.4
21294_right,1,zero_shot,"Okay, I've reviewed the retinal fundus image. Here's a description of the findings and an assessment of the diabetic retinopathy severity:

**Description of Findings:**

*   **Overall Appearance:** The image appears to be a fundus photograph, showing the back of the eye. The image quality is somewhat limited due to the opacity of the media.
*   **Macula:** The macula appears relatively clear, although the details are not very well defined.
*   **Retinal Vessels:** The retinal vessels are visible, but the level of detail is not sufficient to assess for specific features like microaneurysms, hemorrhages, or exudates.
*   **Optic Disc:** The optic disc appears normal.
*   **Other Structures:** The image does not show any obvious signs of significant retinal detachment, neovascularization, or other severe complications.

**Diabetic Retinopathy Severity Assessment:**

Based on the limited information available in this image, I can only provide a preliminary assessment. A definitive diagnosis requires a comprehensive examination, including:

*   **Detailed Retinal Vessel Assessment:** Looking for microaneurysms, hemorrhages, cotton wool spots, and hard exudates.
*   **Macular Evaluation:** Assessing for macular edema or other macular changes.
*   **Optical Coherence Tomography (OCT):** To evaluate the retinal layers and detect fluid accumulation.
*   **Fundus Photography:** To document the findings over time.

**However, based on the limited information, I would tentatively classify the diabetic retinopathy severity as:**

*   **Mild:** If there are no significant findings, such as microaneurysms, hemorrhages, or exudates.
*   **Moderate:** If there are some mild findings, such as a few microaneurysms or small hemorrhages.
*   **Severe:** If there are significant findings, such as extensive hemorrhages, cotton wool spots, or neovascularization.

**Important Considerations:**

*   **Image Quality:** The image quality is not ideal, which limits the ability to make a precise assessment.
*   **Clinical History:** The patient's history of diabetes, blood sugar control, and other relevant factors are crucial for accurate diagnosis and management.
*   **Follow-up:** Regular follow-up examinations are essential to monitor the progression of diabetic retinopathy and to implement appropriate treatment strategies.

**Disclaimer:** This assessment is based solely on the provided image and is not a",46.8
2034_left,1,zero_shot,"Okay, I've reviewed the retinal fundus image. Here's a description of the findings and an assessment of the diabetic retinopathy severity:

**Description of Findings:**

*   **Macular Edema:** There appears to be some evidence of macular edema, indicated by the blurring of the central retinal details.
*   **Microaneurysms:** There are several microaneurysms present, which are small, abnormal bulges in the walls of retinal blood vessels.
*   **Hemorrhages:** There are some hemorrhages present, which are bleeding within the retina.
*   **Cotton Wool Spots:** There are some cotton wool spots present, which are white, fluffy patches on the retina that represent areas of nerve fiber layer infarction.
*   **Retinal Vein Occlusion:** There is a retinal vein occlusion present.

**Diabetic Retinopathy Severity Assessment:**

Based on the findings, the diabetic retinopathy severity is likely **moderate to severe**.

*   The presence of microaneurysms, hemorrhages, and cotton wool spots indicates a significant level of retinal damage.
*   The macular edema further complicates the situation, as it can lead to vision loss.
*   The retinal vein occlusion is a significant finding that can cause further damage to the retina.

**Important Considerations:**

*   This assessment is based solely on the provided image. A comprehensive evaluation would require a complete ophthalmologic examination, including visual acuity testing, fundus photography, and potentially optical coherence tomography (OCT) and fluorescein angiography.
*   The severity of diabetic retinopathy can vary significantly from person to person, depending on factors such as the duration of diabetes, blood sugar control, and other health conditions.
*   The presence of macular edema can be difficult to assess accurately from a single fundus image.

**Recommendations:**

*   The patient should be referred to an ophthalmologist for a comprehensive evaluation and management plan.
*   The ophthalmologist will likely recommend monitoring the condition with regular fundus examinations and potentially OCT imaging.
*   Management options may include laser photocoagulation, intravitreal injections of anti-VEGF medications, and other treatments to reduce macular edema and prevent further vision loss.

**Disclaimer:** This information is for educational purposes only and should not be considered medical advice. It is essential to consult with a qualified ophthalmologist for diagnosis and treatment of any eye condition.",45.6
43291_left,1,zero_shot,"Okay, I've examined the retinal fundus image you provided. Based on the image, here's a description of the findings and an assessment of the diabetic retinopathy severity:

**Description of Findings:**

*   **Clear Optic Disc:** The optic disc appears normal in appearance, with no signs of swelling or pallor.
*   **Normal Retina:** The retina appears generally clear and without any obvious hemorrhages, exudates, or neovascularization.
*   **No Macular Edema:** There is no evidence of macular edema, which is a common complication of diabetic retinopathy.
*   **No Significant Retinal Vein Occlusion:** There is no obvious sign of retinal vein occlusion.

**Diabetic Retinopathy Severity Assessment:**

Based on the provided image, the diabetic retinopathy severity appears to be **mild**.

**Explanation:**

The absence of significant findings such as hemorrhages, exudates, or neovascularization indicates that the disease is not advanced. The normal appearance of the optic disc and retina further supports this assessment.

**Important Considerations:**

*   **Limited Information:** This assessment is based solely on the provided image. A comprehensive evaluation requires a full dilated fundus examination, including assessment of the macula, peripheral retina, and retinal vessels.
*   **Clinical History:** The patient's history of diabetes, blood sugar control, and other relevant medical conditions are crucial for accurate diagnosis and management.
*   **Follow-up:** Regular follow-up examinations are essential to monitor for any progression of diabetic retinopathy and to implement appropriate treatment strategies if needed.

**Disclaimer:**

This assessment is for informational purposes only and should not be considered a substitute for professional medical advice. A qualified ophthalmologist should be consulted for a complete eye examination and diagnosis.",34.8
24668_right,1,zero_shot,"Okay, I've reviewed the retinal fundus image. Here's a description of the findings and an assessment of the diabetic retinopathy severity:

**Findings:**

*   **Macula:** The macula appears relatively clear, with no significant edema or hemorrhages.
*   **Retinal Vessels:** The retinal vessels are present and visible. There are some signs of microaneurysms, which are small, abnormal bulges in the walls of the retinal blood vessels.
*   **Cotton Wool Spots:** There are some cotton wool spots, which are white, fluffy patches on the retina that represent areas of nerve fiber layer infarction.
*   **Hemorrhages:** There are some hemorrhages present, which are small areas of bleeding within the retina.
*   **Optic Disc:** The optic disc appears normal.

**Diabetic Retinopathy Severity Assessment:**

Based on the findings, the diabetic retinopathy severity is likely **Mild to Moderate**.

**Explanation:**

*   The presence of microaneurysms, cotton wool spots, and hemorrhages indicates diabetic retinopathy.
*   The number and size of these findings are important factors in determining the severity.
*   The fact that the macula appears relatively clear suggests that the disease is not yet causing significant damage to central vision.
*   The presence of cotton wool spots and hemorrhages indicates that the disease is progressing.

**Important Considerations:**

*   This assessment is based solely on the provided image. A comprehensive evaluation would require a full dilated fundus examination, including assessment of the peripheral retina, optic disc, and other relevant structures.
*   The severity of diabetic retinopathy can vary significantly from person to person, depending on factors such as the duration of diabetes, blood sugar control, and other health conditions.
*   It is important to follow up with an ophthalmologist regularly to monitor for progression of diabetic retinopathy and to receive appropriate treatment if needed.

**Disclaimer:** This is an AI-generated assessment based on the provided image. It is not a substitute for a professional medical evaluation by a qualified ophthalmologist.
",41.8
27534_right,1,zero_shot,"Okay, I've examined the retinal fundus image. Here's a description of the findings and an assessment of the diabetic retinopathy severity:

**Findings:**

*   **Macula:** The macula appears relatively clear, with no obvious signs of edema or significant macular degeneration.
*   **Retinal Vessels:** The retinal vessels are present and visible. There are some signs of microaneurysms, which are small, abnormal bulges in the walls of the retinal blood vessels.
*   **Optic Disc:** The optic disc appears normal in size and shape.
*   **Other:** There are some signs of cotton wool spots, which are small, white patches on the retina that represent areas of nerve fiber layer infarction.

**Diabetic Retinopathy Severity Assessment:**

Based on the findings, the diabetic retinopathy severity is likely **Mild to Moderate**.

Here's the reasoning:

*   **Microaneurysms:** The presence of microaneurysms is a hallmark of diabetic retinopathy. The number of microaneurysms is a key factor in determining the severity.
*   **Cotton Wool Spots:** The presence of cotton wool spots indicates some degree of retinal ischemia (lack of blood flow). The number and size of these spots also contribute to the severity assessment.
*   **Macular Edema:** The absence of macular edema is a positive finding, as it can significantly impact vision.

**Important Considerations:**

*   **This is a preliminary assessment based on a single image.** A comprehensive evaluation requires a full dilated fundus examination, including assessment of the peripheral retina, optic disc, and other structures.
*   **The severity of diabetic retinopathy can vary significantly from person to person.** Factors such as the duration of diabetes, blood sugar control, and other health conditions can influence the progression of the disease.
*   **This assessment does not replace a consultation with a qualified ophthalmologist.** A comprehensive eye exam is essential for accurate diagnosis and management of diabetic retinopathy.

**Recommendations:**

*   **Consult with an ophthalmologist for a comprehensive eye exam.**
*   **Discuss the findings with the ophthalmologist and follow their recommendations for management.** This may include monitoring the condition, lifestyle modifications (such as blood sugar control), and potentially laser treatment or injections to prevent further vision loss.

**Disclaimer:** I am an AI and cannot provide medical advice. This assessment is for informational purposes only and should not be considered a substitute for professional medical evaluation.
",47.0
3587_right,1,zero_shot,"Okay, I've reviewed the retinal fundus image. Here's a description of the findings and an assessment of the diabetic retinopathy severity:

**Description of Findings:**

*   **Dark Image:** The image is very dark, making it difficult to visualize the retinal details clearly. This is a significant limitation.
*   **Possible Optic Disc:** The optic disc appears to be present, but it's difficult to assess its characteristics (e.g., pallor, edema) due to the poor image quality.
*   **Possible Vessels:** Some retinal vessels are visible, but their morphology and presence of any abnormalities are not clear.
*   **Possible Macula:** The macula is difficult to visualize.

**Assessment of Diabetic Retinopathy Severity:**

Based on the limited information and the poor image quality, it is **impossible to accurately assess the severity of diabetic retinopathy.**

**Why is it impossible to assess severity?**

*   **Lack of Detail:** The darkness of the image prevents me from seeing the key features of diabetic retinopathy, such as:
    *   Microaneurysms
    *   Hemorrhages
    *   Cotton wool spots
    *   Macular edema
    *   Neovascularization
*   **Limited Field of View:** The image may not cover the entire retina, making it difficult to assess the extent of the disease.
*   **Image Quality:** The image quality is poor, which can lead to misinterpretations.

**Recommendations:**

To accurately assess the severity of diabetic retinopathy, a high-quality retinal fundus image is required. I would recommend:

1.  **Re-imaging:** The patient should be re-imaged with a fundus camera that produces a clear, well-lit image.
2.  **Dilated Fundus Examination:** A dilated fundus examination by an ophthalmologist is essential for a comprehensive assessment.

**Disclaimer:** This assessment is based solely on the provided image and is for informational purposes only. It should not be considered a substitute for a professional ophthalmological examination.
",40.8
17732_right,1,zero_shot,"Okay, I've reviewed the retinal fundus image. Here's a description of the findings and an assessment of the diabetic retinopathy severity:

**Description of Findings:**

*   **Macular Edema:** There appears to be some evidence of macular edema. The central macula, which is responsible for central vision, appears slightly blurred or indistinct. This could be due to fluid accumulation in the macula.
*   **Hypertensive Retinopathy:** The image shows some signs of hypertensive retinopathy. The retinal blood vessels appear somewhat thickened and may have some areas of copper or silver wiring.
*   **Optic Disc:** The optic disc appears relatively normal in size and shape.
*   **Retinal Vessels:** The retinal vessels are present, but the presence of copper/silver wiring suggests some degree of vascular damage.
*   **Overall Image Quality:** The image quality is somewhat limited due to the low resolution and potential artifacts. This makes it difficult to assess the full extent of the findings.

**Diabetic Retinopathy Severity Assessment:**

Based on the limited information available, I would assess the diabetic retinopathy severity as **Mild to Moderate**.

**Reasoning:**

*   The presence of macular edema and hypertensive retinopathy suggests some degree of diabetic retinopathy.
*   The findings are not severe, such as proliferative diabetic retinopathy or neovascularization.
*   The image quality is not ideal, so a more definitive assessment would require a higher-resolution fundus photograph or optical coherence tomography (OCT).

**Important Considerations:**

*   This assessment is based solely on the provided image. A comprehensive evaluation requires a complete ophthalmologic examination, including visual acuity testing, dilated fundus examination, and potentially OCT or fluorescein angiography.
*   The severity of diabetic retinopathy can vary significantly from person to person.
*   The presence of macular edema can significantly impact visual function.

**Recommendations:**

*   The patient should be referred to an ophthalmologist for a comprehensive evaluation of their diabetic retinopathy.
*   The ophthalmologist will be able to provide a more accurate assessment of the severity of the condition and recommend appropriate treatment options.

**Disclaimer:** This information is for educational purposes only and should not be considered medical advice. It is essential to consult with a qualified ophthalmologist for any eye-related concerns.
",44.0
21513_right,1,zero_shot,"Okay, I've reviewed the retinal fundus image. Here's a description of the findings and an assessment of the diabetic retinopathy severity:

**Description of Findings:**

*   **Macular Edema:** There is evidence of macular edema, characterized by fluid accumulation in the macula. This is indicated by the blurring of the central retinal details.
*   **Microaneurysms:** There are several microaneurysms present, which are small, abnormal bulges in the walls of retinal blood vessels.
*   **Hemorrhages:** There are some hemorrhages present, which are bleeding within the retina.
*   **Cotton Wool Spots:** There are some cotton wool spots present, which are white, fluffy patches on the retina that represent areas of nerve fiber layer infarction.
*   **Arteriolar Narrowing:** The retinal arterioles appear narrowed, which is a common finding in diabetic retinopathy.
*   **Optic Disc:** The optic disc appears normal.

**Diabetic Retinopathy Severity Assessment:**

Based on the findings, the diabetic retinopathy severity is likely **moderate to severe**.

*   The presence of macular edema, microaneurysms, hemorrhages, and cotton wool spots all indicate a significant level of retinal damage.
*   The degree of macular edema and the number of hemorrhages and cotton wool spots will influence the specific classification.

**Important Considerations:**

*   This assessment is based solely on the provided image. A comprehensive evaluation would require a complete ophthalmologic examination, including visual acuity testing, fundus photography, and potentially other imaging modalities (e.g., OCT, fluorescein angiography).
*   The severity of diabetic retinopathy can vary significantly from person to person, even with similar findings.
*   The presence of macular edema can significantly impact visual function, and prompt treatment is often necessary to prevent further vision loss.

**Recommendations:**

*   The patient should be referred to an ophthalmologist for a comprehensive evaluation and management plan.
*   The ophthalmologist will determine the appropriate treatment options, which may include laser photocoagulation, intravitreal injections of anti-VEGF medications, or other interventions.
*   The patient should be educated about the importance of blood sugar control, blood pressure management, and regular follow-up appointments.

**Disclaimer:** This information is for educational purposes only and should not be considered medical advice. It is essential to consult with a qualified ophthalmologist for diagnosis and treatment of any eye condition.
",47.5
24299_left,1,zero_shot,"Okay, I've examined the retinal fundus image. Here's a description of the findings and an assessment of the diabetic retinopathy severity:

**Description of Findings:**

*   **Macula:** The macula appears relatively clear, with no significant edema or hemorrhages.
*   **Retinal Vessels:** There are some signs of microaneurysms, which are small, abnormal bulges in the walls of the retinal blood vessels.
*   **Cotton Wool Spots:** There are some cotton wool spots, which are white, fluffy patches on the retina that represent areas of nerve fiber layer infarction.
*   **Hemorrhages:** There are some hemorrhages present, which are small areas of bleeding within the retina.
*   **Optic Disc:** The optic disc appears normal.

**Diabetic Retinopathy Severity Assessment:**

Based on the findings, the diabetic retinopathy severity is likely **Mild to Moderate**.

Here's the reasoning:

*   **Microaneurysms:** The presence of microaneurysms indicates diabetic retinopathy.
*   **Cotton Wool Spots:** The presence of cotton wool spots suggests some degree of retinal ischemia (lack of blood flow).
*   **Hemorrhages:** The presence of hemorrhages indicates some degree of vascular damage.

The presence of microaneurysms, cotton wool spots, and hemorrhages suggests that the patient has diabetic retinopathy. The severity is likely mild to moderate because the macula appears relatively clear, and there are no signs of significant macular edema or neovascularization.

**Important Considerations:**

*   This assessment is based solely on the provided image. A comprehensive evaluation would require a complete ophthalmologic examination, including visual acuity testing, fundus photography, and possibly optical coherence tomography (OCT) or fluorescein angiography.
*   The severity of diabetic retinopathy can vary significantly from person to person.
*   This information is for educational purposes only and should not be considered medical advice. It is essential to consult with a qualified ophthalmologist for diagnosis and treatment of any eye condition.

**Recommendations:**

*   The patient should be monitored regularly by an ophthalmologist to assess for progression of diabetic retinopathy.
*   The patient should follow a healthy lifestyle, including controlling blood sugar, blood pressure, and cholesterol levels.
*   The patient should avoid smoking.

I hope this is helpful. Please let me know if you have any other questions.
",46.1
28905_left,1,zero_shot,"Okay, I've reviewed the retinal fundus image. Here's a description of the findings and an assessment of the diabetic retinopathy severity:

**Description of Findings:**

*   **Macula:** The macula appears relatively clear, with no obvious signs of edema or significant macular degeneration.
*   **Retinal Vessels:** The retinal vessels appear to be of normal caliber. There is no significant arteriolar narrowing or AV nicking.
*   **Retinal Edema:** There is no evidence of significant retinal edema.
*   **Microaneurysms:** There are no visible microaneurysms.
*   **Hemorrhages:** There are no visible hemorrhages.
*   **Cotton Wool Spots:** There are no visible cotton wool spots.
*   **Neovascularization:** There is no evidence of neovascularization.
*   **Optic Disc:** The optic disc appears normal in appearance.

**Diabetic Retinopathy Severity Assessment:**

Based on the findings, the diabetic retinopathy severity is likely **no diabetic retinopathy (NDR)** or **mild non-proliferative diabetic retinopathy (NPDR)**.

**Explanation:**

*   The absence of microaneurysms, hemorrhages, cotton wool spots, and neovascularization indicates that the patient does not have any signs of diabetic retinopathy.
*   The presence of normal retinal vessels and a clear macula further supports this assessment.

**Important Considerations:**

*   This assessment is based solely on the provided image. A comprehensive evaluation would require a complete history, physical examination, and potentially additional imaging (e.g., OCT) to rule out subtle findings.
*   The severity of diabetic retinopathy can change over time. Regular follow-up examinations are essential to monitor for any progression.

**Disclaimer:** This is an AI-generated assessment based on the provided image. It is not a substitute for a professional ophthalmological examination. A qualified ophthalmologist should be consulted for a definitive diagnosis and treatment plan.
",38.8
25458_left,1,zero_shot,"Okay, I've examined the retinal fundus image. Here's a description of the findings and an assessment of the diabetic retinopathy severity:

**Description of Findings:**

*   **Macula:** The macula appears relatively clear. There is no obvious macular edema or significant drusen.
*   **Retinal Vessels:** The retinal vessels appear to be generally normal in caliber and distribution. There is no significant arteriolar narrowing or hemorrhages.
*   **Optic Disc:** The optic disc appears normal in appearance.
*   **Peripheral Retina:** The peripheral retina appears relatively normal.

**Diabetic Retinopathy Severity Assessment:**

Based on the provided image, the diabetic retinopathy severity appears to be **mild**.

**Reasoning:**

*   The absence of significant hemorrhages, exudates, or neovascularization makes a diagnosis of proliferative diabetic retinopathy (PDR) or neovascularization (NVD) unlikely.
*   The lack of significant macular edema also points away from diabetic macular edema (DME), which can be a significant cause of vision loss in diabetic patients.
*   The retinal vessels appear normal in caliber and distribution, which is a positive finding.

**Important Considerations:**

*   **This assessment is based solely on the provided image.** A comprehensive evaluation requires a full dilated fundus examination, including assessment of the peripheral retina, optic disc, and the presence of any microaneurysms, hemorrhages, exudates, or neovascularization.
*   **The patient's history of diabetes is crucial.** The duration of diabetes, glycemic control, and presence of other diabetic complications (e.g., nephropathy, neuropathy) all influence the risk of developing diabetic retinopathy.
*   **Other factors can affect the retina.** Conditions like hypertension, glaucoma, and age-related macular degeneration can also contribute to retinal changes.

**Recommendations:**

*   **Referral to an ophthalmologist for a comprehensive dilated fundus examination is highly recommended.** This will allow for a more accurate assessment of the diabetic retinopathy severity and the presence of any other retinal abnormalities.
*   **Glycemic control is essential.** Maintaining good blood sugar control is the most important step in preventing the progression of diabetic retinopathy.
*   **Regular eye exams are crucial.** Patients with diabetes should have regular dilated fundus examinations to monitor for the development of diabetic retinopathy and to ensure that any complications are detected and treated promptly.

**Disclaimer:** This information is for educational purposes only and should not",47.5
4524_right,1,zero_shot,"Okay, I've examined the retinal fundus image. Here's a description of the findings and an assessment of the diabetic retinopathy severity:

**Description of Findings:**

*   **Macula:** The macula appears relatively clear and well-defined. There are no obvious signs of macular edema or significant drusen.
*   **Retinal Vessels:** The retinal vessels appear generally normal in caliber and distribution. There is no evidence of significant arteriolar narrowing (microaneurysms) or hemorrhages.
*   **Optic Disc:** The optic disc appears normal in appearance.
*   **Overall:** The image shows a relatively healthy fundus with no obvious signs of advanced diabetic retinopathy.

**Diabetic Retinopathy Severity Assessment:**

Based on the provided image, the diabetic retinopathy severity is likely **no diabetic retinopathy (NDR)** or **mild non-proliferative diabetic retinopathy (NPDR)**.

**Explanation:**

*   **No Diabetic Retinopathy (NDR):** This is the most favorable outcome. It indicates that there are no signs of diabetic retinopathy present in the fundus.
*   **Mild Non-Proliferative Diabetic Retinopathy (NPDR):** This is a possible diagnosis if there are no signs of diabetic retinopathy.

**Important Considerations:**

*   **This assessment is based solely on the provided image.** A comprehensive evaluation requires a complete dilated fundus examination, including assessment of the peripheral retina, optic disc, and other structures.
*   **Clinical History is Crucial:** The patient's history of diabetes, duration of diabetes, blood sugar control, and other relevant factors are essential for accurate diagnosis and management.
*   **Further Evaluation:** If the patient has a history of diabetes, even with a seemingly normal fundus exam, further evaluation is recommended to monitor for the development of diabetic retinopathy.

**Disclaimer:** This information is for educational purposes only and should not be considered medical advice. A qualified ophthalmologist should always be consulted for diagnosis and treatment of any eye condition.
",39.3
13333_right,1,zero_shot,"Okay, I've examined the retinal fundus image. Based on the provided image, here's a description and assessment of the potential diabetic retinopathy severity:

**Description of Findings:**

*   **Overall Appearance:** The image is very dark and difficult to interpret due to poor lighting and image quality. It's challenging to discern fine details.
*   **Macula:** The macula, the central part of the retina responsible for sharp, central vision, is not clearly visible.
*   **Retinal Vessels:** The retinal vessels are not well-defined. It's difficult to assess the presence of microaneurysms, hemorrhages, or exudates.
*   **Optic Disc:** The optic disc is not clearly visible.
*   **Other Structures:** The image quality is too poor to assess other retinal structures like the peripheral retina or the vitreous.

**Assessment of Diabetic Retinopathy Severity:**

Given the poor image quality, a definitive assessment of diabetic retinopathy severity is impossible. However, based on the limited information, I can only provide a preliminary assessment:

*   **Severity:** The image quality is insufficient to determine the severity of diabetic retinopathy.
*   **Possible Findings:** It is possible that there are findings consistent with diabetic retinopathy, such as microaneurysms, hemorrhages, or exudates, but these are not visible due to the poor image quality.
*   **Recommendation:** A high-quality fundus photograph or optical coherence tomography (OCT) scan is required for a proper assessment.

**Important Considerations:**

*   **Image Quality:** The quality of the image is the biggest limitation. A clear, well-lit fundus image is essential for accurate diagnosis.
*   **Clinical History:** The patient's medical history, including their diabetes control, duration of diabetes, and any other relevant medical conditions, is crucial for a complete assessment.
*   **Other Examinations:** Other eye examinations, such as OCT, fluorescein angiography, and optical coherence tomography angiography (OCTA), may be necessary to provide a more comprehensive evaluation.

**In summary, the image is not suitable for a definitive assessment of diabetic retinopathy severity. A high-quality fundus image is required for a proper diagnosis.**

**Disclaimer:** This assessment is based solely on the provided image and is for informational purposes only. It should not be considered a substitute for a professional ophthalmological examination.
",45.7
26319_right,1,zero_shot,"Okay, I've reviewed the retinal fundus image. Here's a description of the findings and an assessment of the diabetic retinopathy severity:

**Findings:**

*   **Macular Edema:** There appears to be some evidence of macular edema, particularly in the central macula. This is indicated by the slightly blurred appearance of the fovea and the presence of fluid-like reflections.
*   **Microaneurysms:** Several microaneurysms are visible, particularly in the nerve fiber layer. These are small, red dots that represent weakened areas in the retinal blood vessels.
*   **Hemorrhages:** There are some small hemorrhages present, likely from the microaneurysms. These appear as small, red spots.
*   **Cotton Wool Spots:** There are some cotton wool spots, which are white, fluffy patches that represent areas of retinal nerve fiber layer infarction.
*   **Normal Retina:** The peripheral retina appears relatively normal, with clear retinal vessels and no significant abnormalities.

**Diabetic Retinopathy Severity Assessment:**

Based on these findings, the diabetic retinopathy severity is likely **Mild to Moderate**.

Here's a breakdown of why:

*   **Mild:** The presence of microaneurysms and some hemorrhages is consistent with mild diabetic retinopathy.
*   **Moderate:** The presence of macular edema and cotton wool spots suggests a progression to moderate diabetic retinopathy.

**Important Considerations:**

*   **This is a preliminary assessment based on a single image.** A comprehensive evaluation would require a full dilated fundus examination, including assessment of the optic disc, retinal vessels, and the entire retina.
*   **The severity can vary.** The specific location and extent of the findings can influence the overall severity.
*   **The patient's history is crucial.** The patient's blood sugar control, duration of diabetes, and other relevant medical conditions are important factors in determining the overall risk and management plan.

**Recommendations:**

*   **Referral to an ophthalmologist:** It is essential for the patient to be referred to an ophthalmologist for a comprehensive evaluation and management plan.
*   **Blood sugar control:** Strict blood sugar control is crucial to prevent further progression of diabetic retinopathy.
*   **Regular monitoring:** Regular follow-up appointments with the ophthalmologist are necessary to monitor the condition and adjust the treatment plan as needed.
*   **Treatment options:** Depending on the severity and specific findings, treatment options may include",47.3
30146_right,1,zero_shot,"Okay, I've examined the retinal fundus image. Here's a description of the findings and an assessment of the diabetic retinopathy severity:

**Description of Findings:**

*   **Macula:** The macula appears relatively clear and well-defined. There are no obvious signs of macular edema, drusen, or significant pigmentary changes.
*   **Retinal Vessels:** The retinal vessels appear to be of normal caliber and without significant signs of narrowing (microaneurysms, hemorrhages, exudates).
*   **Optic Disc:** The optic disc appears normal in appearance.

**Diabetic Retinopathy Severity Assessment:**

Based on the provided image, the diabetic retinopathy severity appears to be **mild**.

**Reasoning:**

*   The absence of significant microaneurysms, hemorrhages, or exudates is a key indicator of mild diabetic retinopathy.
*   The retinal vessels appear normal in caliber.
*   The macula appears clear.

**Important Considerations:**

*   This assessment is based solely on the provided image. A comprehensive evaluation requires a full dilated fundus examination, including assessment of the peripheral retina, optic disc, and other structures.
*   The severity of diabetic retinopathy can change over time. Regular follow-up with an ophthalmologist is crucial for monitoring and managing the condition.
*   Other factors, such as the patient's blood sugar control, blood pressure, and cholesterol levels, also influence the progression of diabetic retinopathy.

**Disclaimer:** This is an expert opinion based on a single image. A definitive diagnosis and treatment plan can only be provided by a qualified ophthalmologist after a comprehensive examination.
",32.9
26487_right,1,zero_shot,"Okay, I've reviewed the retinal fundus image. Here's a description of the findings and an assessment of the diabetic retinopathy severity:

**Description of Findings:**

*   **Macula:** The macula appears relatively clear, with no obvious signs of edema or significant macular degeneration.
*   **Retinal Vessels:** The retinal vessels are present, but the image quality is not ideal for a detailed assessment. The vessels appear somewhat crowded, which can be a sign of early diabetic retinopathy.
*   **Optic Disc:** The optic disc appears normal in appearance.
*   **Overall:** The image is somewhat blurry, which makes it difficult to assess the full extent of any potential abnormalities.

**Diabetic Retinopathy Severity Assessment:**

Based on the limited information available from this single image, I can only provide a preliminary assessment. A definitive diagnosis requires a comprehensive examination, including:

*   **Detailed Vessel Assessment:** A thorough evaluation of the retinal vessels for signs of microaneurysms, hemorrhages, exudates, and neovascularization.
*   **Macular Assessment:** A detailed examination of the macula for signs of edema, drusen, or other macular abnormalities.
*   **Optical Coherence Tomography (OCT):** OCT is a non-invasive imaging technique that provides detailed cross-sectional images of the retina, which can help to identify macular edema or other structural abnormalities.
*   **Fluorescein Angiography (FA):** FA is a dye injection test that can help to identify areas of leakage or neovascularization.

**Based on the limited information, the current assessment is:**

*   **Diabetic Retinopathy: Possible Early Stage**

**Explanation:**

The presence of somewhat crowded retinal vessels could be an early sign of diabetic retinopathy. However, without a more detailed assessment, it is impossible to determine the severity of the condition.

**Important Considerations:**

*   **Image Quality:** The image quality is not ideal, which limits the ability to make a definitive diagnosis.
*   **Individual Factors:** The severity of diabetic retinopathy can vary depending on individual factors such as blood sugar control, blood pressure, and other medical conditions.
*   **Need for Comprehensive Examination:** A comprehensive eye examination is essential for accurate diagnosis and management of diabetic retinopathy.

**Recommendation:**

I strongly recommend that the patient undergo a comprehensive eye examination by an ophthalmologist as soon as possible. This examination should include a detailed assessment of the retinal vessels",46.7
20784_left,1,zero_shot,"Okay, I've reviewed the retinal fundus image. Here's a description of the findings and an assessment of the diabetic retinopathy severity:

**Description of Findings:**

*   **Image Quality:** The image quality is suboptimal. It's difficult to discern fine details due to the low resolution and potential artifacts.
*   **Macula:** The macula appears relatively clear, but the details are not well defined.
*   **Retinal Vessels:** The retinal vessels are visible, but their appearance is not easily assessed due to the image quality.
*   **Other Structures:** Other retinal structures, such as the optic disc and peripheral retina, are not clearly visible.

**Diabetic Retinopathy Severity Assessment:**

Based on the limited information available from this image, I can only provide a preliminary assessment. A definitive diagnosis requires a comprehensive examination, including:

*   **Detailed Retinal Vessel Assessment:** Evaluating the presence and severity of microaneurysms, hemorrhages, exudates, and neovascularization.
*   **Macular Involvement:** Assessing for macular edema, drusen, or other macular changes.
*   **Optic Disc Evaluation:** Checking for signs of optic neuropathy.
*   **Fundus Photography:** Taking high-resolution photographs to capture detailed images of the retina.

**Preliminary Assessment:**

Given the poor image quality, it's difficult to determine the severity of diabetic retinopathy. However, I can say the following:

*   **No obvious signs of severe diabetic retinopathy are immediately apparent.**
*   **Further evaluation is needed to rule out any subtle findings.**

**Recommendations:**

*   **Referral to an Ophthalmologist:** It is crucial to refer this patient to a qualified ophthalmologist for a comprehensive dilated fundus examination.
*   **Detailed Retinal Evaluation:** The ophthalmologist will perform a thorough examination to assess the retina for signs of diabetic retinopathy.
*   **Management Plan:** Based on the findings, the ophthalmologist will develop a management plan, which may include monitoring, laser treatment, injections, or other interventions.

**Disclaimer:**

This assessment is based solely on the provided image and is for informational purposes only. It should not be considered a substitute for a professional medical evaluation.
",43.0
37675_right,1,zero_shot,"Okay, based on the provided image, here's a description and assessment of the potential findings:

**Description:**

The image appears to be a fundus photograph of the retina.  The optic disc is visible in the center, and the retinal vessels are present.  The image is relatively clear, with good contrast.

**Assessment of Diabetic Retinopathy Severity:**

Based solely on this image, it is **impossible to definitively assess the severity of diabetic retinopathy.**  A complete assessment requires a full fundus examination, including:

*   **Detailed evaluation of the retinal vasculature:**  Looking for microaneurysms, hemorrhages, cotton wool spots, and neovascularization.
*   **Assessment of the macula:**  Checking for macular edema, drusen, or other macular changes.
*   **Evaluation of the peripheral retina:**  Looking for signs of diabetic retinopathy in the periphery.
*   **Measurement of the retinal thickness:**  This can help assess for macular edema.
*   **Assessment of the optic disc:**  Looking for signs of optic neuropathy.

**However, I can make some preliminary observations:**

*   **No obvious signs of diabetic retinopathy are immediately apparent.**  There are no obvious hemorrhages, microaneurysms, or cotton wool spots visible in this single image.
*   **The image quality is good.**  This is important for a thorough examination.

**Conclusion:**

This image alone is insufficient to determine the severity of diabetic retinopathy. A full fundus examination is required for a proper diagnosis and management plan.

**Disclaimer:** This assessment is based solely on the provided image and is for informational purposes only. It is not a substitute for a professional medical evaluation by a qualified ophthalmologist.
",34.7
27223_left,1,zero_shot,"Okay, I've reviewed the retinal fundus image. Here's a description of the findings and an assessment of the diabetic retinopathy severity:

**Description of Findings:**

*   **Macula:** The macula appears relatively clear, with no obvious signs of significant macular edema or drusen.
*   **Retinal Vessels:** The retinal vessels appear to be somewhat attenuated (narrowed) in the nerve fiber layer, which can be a sign of chronic hyperglycemia. There are some signs of microaneurysms, which are small, abnormal bulges in the walls of the retinal blood vessels.
*   **Cotton Wool Spots:** There are some cotton wool spots present, which are white, fluffy patches on the retina that represent areas of nerve fiber layer infarction (ischemia).
*   **Hemorrhages:** There are some hemorrhages present, which are small areas of bleeding within the retina.
*   **Optic Disc:** The optic disc appears normal in appearance.

**Diabetic Retinopathy Severity Assessment:**

Based on the findings, the diabetic retinopathy severity is likely **Mild to Moderate**.

Here's the reasoning:

*   **Mild:** The presence of microaneurysms and some hemorrhages are consistent with mild diabetic retinopathy.
*   **Moderate:** The presence of cotton wool spots indicates a more advanced stage of diabetic retinopathy.

**Important Considerations:**

*   **This is a preliminary assessment based on a single image.** A comprehensive evaluation requires a full dilated fundus examination, including assessment of the peripheral retina, optic disc, and other structures.
*   **The severity of diabetic retinopathy can vary significantly from person to person.** Factors such as duration of diabetes, glycemic control, blood pressure control, and other medical conditions can influence the progression of the disease.
*   **Further evaluation is necessary to determine the best course of treatment.**

**Recommendations:**

*   **Consult with an ophthalmologist for a comprehensive eye exam.**
*   **Discuss the findings and treatment options with your ophthalmologist.**
*   **Maintain good glycemic control, blood pressure control, and a healthy lifestyle.**

**Disclaimer:** I am an AI and cannot provide medical advice. This assessment is for informational purposes only and should not be considered a substitute for professional medical evaluation.
",44.1
12547_right,1,zero_shot,"Okay, I've examined the retinal fundus image. Here's a description of the findings and an assessment of the diabetic retinopathy severity:

**Findings:**

*   **Macula:** The macula appears relatively clear, with no obvious signs of significant macular edema or drusen.
*   **Retinal Vessels:** The retinal vessels are present and appear generally normal in caliber. There are some signs of microaneurysms, which are small, abnormal bulges in the walls of the retinal blood vessels.
*   **Cotton Wool Spots:** There are some small, white fluffy patches (cotton wool spots) seen in the nerve fiber layer. These indicate areas of retinal nerve fiber layer infarction, often due to ischemia.
*   **Hemorrhages:** There are some small hemorrhages present, which are bleeding within the retina.
*   **Optic Disc:** The optic disc appears normal in appearance.

**Diabetic Retinopathy Severity Assessment:**

Based on the findings, the diabetic retinopathy severity is likely **Mild to Moderate**.

Here's the reasoning:

*   **Microaneurysms:** The presence of microaneurysms is a hallmark of diabetic retinopathy.
*   **Cotton Wool Spots:** The presence of cotton wool spots indicates some degree of retinal ischemia, which is a sign of more advanced diabetic retinopathy.
*   **Hemorrhages:** The presence of hemorrhages also indicates some degree of retinal damage.

**Important Considerations:**

*   **This is a preliminary assessment based on a single image.** A comprehensive evaluation would require a full dilated fundus examination, including assessment of the peripheral retina, and potentially other imaging modalities like OCT (Optical Coherence Tomography) or fluorescein angiography.
*   **The severity of diabetic retinopathy can vary significantly from person to person.** Factors such as the duration of diabetes, blood sugar control, blood pressure control, and genetics can all influence the progression of the disease.
*   **The presence of these findings does not necessarily mean that the patient is at high risk for vision loss.** Early detection and management of diabetic retinopathy can significantly reduce the risk of complications.

**Recommendations:**

*   **Follow-up with an ophthalmologist is essential.** The ophthalmologist can perform a complete examination, assess the severity of the diabetic retinopathy, and recommend appropriate treatment options.
*   **Strict blood sugar control is crucial.** Maintaining good blood sugar control is the most important factor in preventing the progression of diabetic retinopathy.
*",46.8
19075_right,1,zero_shot,"Okay, I've examined the retinal fundus image. Here's a description of the findings and an assessment of the diabetic retinopathy severity:

**Findings:**

*   **Macula:** The macula appears relatively clear, with no significant edema or hemorrhages.
*   **Retinal Vessels:** The retinal vessels are present, but there are some small hemorrhages visible in the nerve fiber layer.
*   **Optic Disc:** The optic disc appears normal.
*   **Other:** There are some small, subtle findings in the peripheral retina, but they are not easily discernible without a higher-resolution image.

**Diabetic Retinopathy Severity Assessment:**

Based on the findings, the diabetic retinopathy severity is likely **Mild to Moderate**.

**Explanation:**

*   The presence of small hemorrhages in the nerve fiber layer is a sign of diabetic retinopathy.
*   The absence of significant macular edema or neovascularization indicates that the disease is not yet at a severe stage.
*   The overall appearance of the fundus suggests that the disease is not rapidly progressing.

**Important Considerations:**

*   This assessment is based solely on the provided image. A comprehensive evaluation would require a full dilated fundus examination, including assessment of the peripheral retina, and potentially other imaging modalities like OCT (Optical Coherence Tomography) or fluorescein angiography.
*   The severity of diabetic retinopathy can vary significantly from person to person, depending on factors such as blood sugar control, duration of diabetes, and other health conditions.
*   It is crucial to follow up with an ophthalmologist regularly to monitor for any progression of diabetic retinopathy and to receive appropriate treatment if needed.

**Disclaimer:** This is an expert opinion based on the limited information provided. It is not a substitute for a professional medical examination. A qualified ophthalmologist should be consulted for a definitive diagnosis and treatment plan.
",36.5
4698_right,2,zero_shot,"Okay, I've reviewed the retinal fundus image. Here's a description of the findings and an assessment of the diabetic retinopathy severity:

**Findings:**

*   **Macula:** The macula appears relatively clear, with no obvious signs of significant macular edema or drusen.
*   **Retinal Vessels:** There are some signs of microaneurysms, which are small, abnormal bulges in the walls of the retinal blood vessels. These are a hallmark of diabetic retinopathy.
*   **Optic Disc:** The optic disc appears normal in appearance.
*   **Other:** There are some areas of subtle retinal thickening, which could be related to diabetic retinopathy.

**Diabetic Retinopathy Severity Assessment:**

Based on the findings, the diabetic retinopathy severity appears to be **Mild to Moderate**.

**Explanation:**

*   The presence of microaneurysms indicates diabetic retinopathy.
*   The number of microaneurysms and the overall appearance of the retina suggest that the disease is not yet severe.
*   The absence of significant macular edema or other advanced features further supports this assessment.

**Important Considerations:**

*   This assessment is based solely on the provided image. A comprehensive evaluation would require a complete ophthalmologic examination, including measurements of the retinal thickness, assessment of the optic disc, and evaluation of the macula.
*   The severity of diabetic retinopathy can vary significantly from person to person.
*   It is important to follow up with an ophthalmologist regularly to monitor for progression of the disease and to receive appropriate treatment if needed.

**Disclaimer:**

This information is for educational purposes only and should not be considered medical advice. It is essential to consult with a qualified ophthalmologist for a proper diagnosis and treatment plan.
",35.1
17139_left,2,zero_shot,"Okay, I've reviewed the retinal fundus image. Here's a description of the findings and an assessment of the diabetic retinopathy severity:

**Description of Findings:**

*   **Overall Image Quality:** The image is somewhat suboptimal due to low light levels and potential artifacts. It's difficult to discern fine details.
*   **Macula:** The macula appears somewhat blurry and indistinct. It's hard to assess for macular edema or other macular changes with certainty.
*   **Retinal Vessels:** The retinal vessels are present, but their appearance is not clear. There are some areas of what could be interpreted as vessel narrowing or irregularity, but this is difficult to confirm without better image quality.
*   **Other Structures:** The optic disc appears relatively normal in appearance.

**Diabetic Retinopathy Severity Assessment:**

Based on the limited information available, I would assess the diabetic retinopathy severity as **Mild to Moderate**.

**Reasoning:**

*   **Presence of Microaneurysms:** The image does not show any clear evidence of microaneurysms, which are a hallmark of diabetic retinopathy.
*   **Vessel Changes:** There are some areas of what could be interpreted as vessel narrowing or irregularity, but this is difficult to confirm without better image quality.
*   **Macular Edema:** The macula appears somewhat blurry and indistinct, which could be a sign of macular edema. However, it's difficult to definitively diagnose macular edema from this image.
*   **Other Findings:** The optic disc appears relatively normal in appearance.

**Important Considerations:**

*   **Image Quality:** The low image quality significantly limits the accuracy of the assessment. A higher-resolution image would be necessary for a more definitive diagnosis.
*   **Clinical History:** The patient's history of diabetes, blood sugar control, and other relevant factors are crucial for accurate assessment.
*   **Other Examinations:** A comprehensive dilated fundus examination, including assessment of the macula, is essential for a complete evaluation.

**Recommendations:**

*   **Obtain a higher-resolution fundus image.**
*   **Perform a comprehensive dilated fundus examination.**
*   **Assess the patient's blood sugar control and other relevant factors.**
*   **Consider optical coherence tomography (OCT) to evaluate the macula for edema.**

**Disclaimer:** This assessment is based solely on the provided image and limited information. A definitive diagnosis and treatment plan can only be determined",47.2
31568_right,2,zero_shot,"Okay, based on the retinal fundus image provided, here's a description of the findings and an assessment of the diabetic retinopathy severity:

**Findings:**

*   **Microaneurysms:** These are small, red dots representing ruptures in the capillary walls. They are a hallmark of diabetic retinopathy.
*   **Hemorrhages:** There are several areas of bleeding visible, which are likely from the microaneurysms.
*   **Cotton Wool Spots:** These are fluffy, white patches indicating nerve fiber layer infarcts, which occur due to ischemia (lack of blood flow).
*   **Hard Exudates:** These are yellowish, waxy deposits that represent lipid and protein leakage from damaged blood vessels.
*   **Dilated and Tortuous Vessels:** The retinal blood vessels appear enlarged and twisted, suggesting vascular damage and increased pressure.
*   **Possible Retinal Edema:** There may be some subtle signs of fluid accumulation in the retina, although it's not as prominent as in some cases.
*   **Macular Edema:** The macula, the central part of the retina responsible for sharp, central vision, appears to have some fluid accumulation.

**Diabetic Retinopathy Severity Assessment:**

Based on the presence of microaneurysms, hemorrhages, cotton wool spots, hard exudates, and possible retinal edema, the diabetic retinopathy severity is likely **Moderate to Severe**.

**Explanation:**

*   The presence of microaneurysms and hemorrhages indicates that the disease is progressing.
*   Cotton wool spots and hard exudates suggest more significant retinal damage and ischemia.
*   The presence of macular edema is a particularly concerning finding, as it can lead to vision loss.

**Important Considerations:**

*   This assessment is based solely on the provided image. A comprehensive evaluation would require a complete ophthalmologic examination, including visual acuity testing, fundus photography, and potentially optical coherence tomography (OCT) and fluorescein angiography.
*   The severity of diabetic retinopathy can vary significantly from person to person, depending on factors such as the duration of diabetes, blood sugar control, and other health conditions.
*   The presence of macular edema can significantly impact vision, and its management is crucial to prevent further vision loss.

**Recommendations:**

*   **Immediate referral to an ophthalmologist is strongly recommended.**
*   The ophthalmologist will perform a thorough examination to confirm the diagnosis and assess the extent of the damage.
*",47.3
33323_left,2,zero_shot,"Based on the retinal fundus image, the findings are highly suggestive of **severe diabetic retinopathy (DR)**, likely with features of **proliferative diabetic retinopathy (PDR)**.

Here's a breakdown of the key findings and their implications:

*   **Widespread Hemorrhages:** There are numerous areas of retinal hemorrhages, particularly in the nerve fiber layer and superficial retinal vessels. This indicates significant vascular damage and leakage.
*   **Cotton Wool Spots:** These are fluffy, white lesions representing areas of retinal nerve fiber layer infarction. Their presence further supports the diagnosis of diabetic retinopathy and suggests ischemia.
*   **Microaneurysms:** These are small, red dots representing outpouchings of the retinal capillaries. While not as prominent as in earlier stages, their presence indicates ongoing microvascular damage.
*   **Neovascularization:** The presence of new blood vessel growth (neovascularization) is a hallmark of proliferative diabetic retinopathy. The image shows areas of vessel tortuosity and potential new vessel formation, particularly in the periphery.
*   **Macular Edema:** The macula, the central part of the retina responsible for sharp central vision, appears to be affected by edema (swelling). This can cause blurred vision and distortion.
*   **Vitreous Hemorrhage:** The presence of blood in the vitreous humor (the gel-like substance that fills the eye) is a serious finding that can cause significant vision loss.

**Severity Assessment:**

Given the combination of these findings, the diabetic retinopathy is classified as **severe**. The presence of neovascularization and vitreous hemorrhage indicates a high risk of vision-threatening complications, such as:

*   **Macular edema:** Can cause blurred vision and distortion.
*   **Vitreous hemorrhage:** Can cause sudden vision loss.
*   **Neovascular glaucoma:** New blood vessels can block the drainage angle of the eye, leading to increased intraocular pressure and optic nerve damage.
*   **Retinal detachment:** Neovascularization can lead to the formation of scar tissue that pulls the retina away from the back of the eye.

**Recommendations:**

This patient requires immediate and comprehensive ophthalmological evaluation and management. The following steps are crucial:

1.  **Confirm Diagnosis:** A thorough examination, including optical coherence tomography (OCT) and fluorescein angiography (FA), is needed to confirm the diagnosis and assess the extent of the disease.
2.  **Treatment:** Treatment options may include:",46.6
2011_left,2,zero_shot,"Okay, I've reviewed the retinal fundus image. Here's a description of the findings and an assessment of the diabetic retinopathy severity:

**Description of Findings:**

*   **Macula:** The macula appears relatively clear, with no obvious signs of significant macular edema or drusen.
*   **Retinal Vessels:** The retinal vessels appear somewhat congested, with some evidence of microaneurysms.
*   **Optic Disc:** The optic disc appears normal in appearance.
*   **Other:** There are some signs of mild retinal thickening.

**Diabetic Retinopathy Severity Assessment:**

Based on the findings, the diabetic retinopathy severity appears to be **mild to moderate**.

**Explanation:**

*   **Mild Diabetic Retinopathy:** The presence of microaneurysms is a hallmark of mild diabetic retinopathy.
*   **Moderate Diabetic Retinopathy:** The congestion of the retinal vessels and mild retinal thickening suggest a progression towards moderate diabetic retinopathy.

**Important Considerations:**

*   **This assessment is based solely on the provided image.** A comprehensive evaluation requires a full dilated fundus examination, including assessment of the peripheral retina, and potentially other imaging modalities like OCT (Optical Coherence Tomography) or fluorescein angiography.
*   **Clinical History is Crucial:** The patient's history of diabetes, blood sugar control, and other relevant medical conditions are essential for accurate diagnosis and management.
*   **Progression:** Diabetic retinopathy can progress over time. Regular monitoring is crucial to detect and manage any changes.

**Recommendations:**

*   **Referral to an Ophthalmologist:** It is highly recommended that the patient be referred to an ophthalmologist for a comprehensive dilated fundus examination and further evaluation.
*   **Blood Sugar Control:** Strict blood sugar control is essential to slow the progression of diabetic retinopathy.
*   **Regular Monitoring:** The patient should have regular eye exams to monitor for any changes in their diabetic retinopathy.

**Disclaimer:** This assessment is for informational purposes only and should not be considered a substitute for professional medical advice.
",40.2
12536_left,2,zero_shot,"Okay, I've reviewed the retinal fundus image. Here's a description of the findings and an assessment of the diabetic retinopathy severity:

**Findings:**

*   **Macular Edema:** There appears to be some evidence of macular edema, indicated by the blurring of the central retinal details.
*   **Microaneurysms:** There are several microaneurysms present, which are small, abnormal bulges in the walls of retinal blood vessels.
*   **Cotton Wool Spots:** There are some cotton wool spots, which are white, fluffy patches that represent areas of nerve fiber layer infarction (ischemia).
*   **Hemorrhages:** There are some hemorrhages present, which are small areas of bleeding within the retina.
*   **Retinal Vein Occlusion:** There is a retinal vein occlusion, which is a blockage of a retinal vein.

**Diabetic Retinopathy Severity Assessment:**

Based on the findings, the diabetic retinopathy severity is likely **moderate to severe**.

*   The presence of microaneurysms, cotton wool spots, and hemorrhages indicates a significant level of retinal damage.
*   The macular edema further contributes to the severity, as it can lead to vision loss.
*   The retinal vein occlusion is a serious finding that can cause further retinal damage.

**Important Considerations:**

*   This assessment is based solely on the provided image. A comprehensive evaluation would require a complete ophthalmological examination, including visual acuity testing, fundus photography, and potentially other diagnostic tests.
*   The severity of diabetic retinopathy can vary depending on the individual's blood sugar control, blood pressure, and other factors.
*   The presence of macular edema can significantly impact vision, and treatment options are available to help manage it.

**Recommendations:**

*   The patient should be referred to an ophthalmologist for a comprehensive evaluation and management plan.
*   The ophthalmologist will likely recommend monitoring the condition with regular fundus examinations.
*   Treatment options for diabetic retinopathy may include laser photocoagulation, intravitreal injections of anti-VEGF medications, and other interventions to reduce macular edema and prevent further vision loss.
*   Strict blood sugar control is crucial for preventing the progression of diabetic retinopathy.

**Disclaimer:** This information is for educational purposes only and should not be considered medical advice. It is essential to consult with a qualified ophthalmologist for diagnosis and treatment of any eye condition.",46.1
40980_left,2,zero_shot,"Okay, I've reviewed the retinal fundus image. Here's a description of the findings and an assessment of the diabetic retinopathy severity:

**Description of Findings:**

*   **Macular Edema:** There appears to be some evidence of macular edema, indicated by the blurring of the central retinal details.
*   **Microaneurysms:** Several microaneurysms are visible, particularly in the nerve fiber layer.
*   **Hemorrhages:** There are several hemorrhages present, including some flame-shaped hemorrhages.
*   **Cotton Wool Spots:** There are some cotton wool spots present, indicating areas of retinal nerve fiber layer infarction.
*   **Vitreous Hemorrhage:** There is a vitreous hemorrhage present.

**Diabetic Retinopathy Severity Assessment:**

Based on the findings, the diabetic retinopathy severity is likely **Moderate to Severe**.

**Explanation:**

*   The presence of microaneurysms, hemorrhages, and cotton wool spots indicates a significant level of retinal damage.
*   The macular edema further complicates the situation, as it can lead to vision loss.
*   The vitreous hemorrhage is a serious finding that can cause significant visual impairment and may require intervention.

**Important Considerations:**

*   This assessment is based solely on the provided image. A comprehensive evaluation would require a complete ophthalmologic examination, including visual acuity testing, fundus photography, and potentially optical coherence tomography (OCT) and fluorescein angiography.
*   The severity of diabetic retinopathy can vary significantly from person to person, depending on factors such as the duration of diabetes, glycemic control, and other health conditions.
*   The presence of macular edema and vitreous hemorrhage can significantly impact the patient's visual prognosis.

**Recommendations:**

*   The patient should be referred to an ophthalmologist for a comprehensive evaluation and management plan.
*   The ophthalmologist will determine the best course of treatment, which may include laser photocoagulation, intravitreal injections of anti-VEGF medications, or vitrectomy surgery.
*   Strict glycemic control is essential to prevent further progression of diabetic retinopathy.

**Disclaimer:** This assessment is for informational purposes only and should not be considered a substitute for professional medical advice.
",43.1
39192_left,2,zero_shot,"Okay, I've reviewed the retinal fundus image. Here's a detailed description and assessment of the findings, along with a diabetic retinopathy severity classification:

**Description of Findings:**

*   **Macula:** The macula appears relatively clear, with no obvious signs of significant macular edema or drusen.
*   **Retinal Vessels:** There are some signs of microaneurysms and hemorrhages, particularly in the nerve fiber layer.
*   **Optic Disc:** The optic disc appears normal in appearance.
*   **Other:** There are some signs of cotton wool spots.

**Diabetic Retinopathy Severity Assessment:**

Based on the findings, the diabetic retinopathy severity is likely **Moderate**.

**Explanation:**

*   The presence of microaneurysms and hemorrhages indicates diabetic retinopathy.
*   The presence of cotton wool spots suggests some degree of retinal ischemia.
*   The absence of significant macular edema or neovascularization suggests that the disease is not at the advanced stages.

**Important Considerations:**

*   This assessment is based solely on the provided image. A comprehensive evaluation would require a complete ophthalmologic examination, including visual acuity testing, fundus photography, and potentially optical coherence tomography (OCT) or fluorescein angiography.
*   The severity of diabetic retinopathy can vary significantly from person to person, depending on factors such as blood sugar control, duration of diabetes, and other health conditions.
*   This information is for educational purposes only and should not be considered medical advice. It is essential to consult with a qualified ophthalmologist for diagnosis and treatment of diabetic retinopathy.

**Recommendations:**

*   The patient should be closely monitored by an ophthalmologist to assess the progression of diabetic retinopathy.
*   Blood sugar control is crucial to prevent further damage to the retina.
*   The ophthalmologist may recommend laser treatment or intravitreal injections to reduce the risk of vision loss.

**Disclaimer:** I am an AI and cannot provide medical advice. This assessment is for informational purposes only and should not be used to make any decisions about your health. Please consult with a qualified ophthalmologist for a proper diagnosis and treatment plan.
",41.1
40213_right,2,zero_shot,"Okay, based on the retinal fundus image provided, here's a detailed description and assessment of the diabetic retinopathy severity:

**Findings:**

*   **Macular Edema:** There is significant macular edema, indicated by the fluid accumulation in the macula. This is a common complication of diabetic retinopathy and can cause blurred central vision.
*   **Microaneurysms:** Microaneurysms are present, which are small, abnormal bulges in the walls of the retinal capillaries. These are a hallmark of diabetic retinopathy.
*   **Hemorrhages:** There are several hemorrhages present, indicating bleeding from damaged blood vessels.
*   **Cotton Wool Spots:** Cotton wool spots are also visible, representing areas of retinal nerve fiber layer infarction (tissue death due to lack of blood supply).
*   **Vitreous Hemorrhage:** There is a vitreous hemorrhage, which is bleeding into the vitreous gel (the clear, jelly-like substance that fills the eye). This can cause significant vision loss.
*   **Neovascularization:** There is evidence of neovascularization, which is the growth of new, abnormal blood vessels. This is a sign of proliferative diabetic retinopathy, a more advanced stage of the disease. The new vessels are fragile and prone to bleeding.
*   **Retinal Detachment:** There is a retinal detachment, which is the separation of the retina from the underlying retinal pigment epithelium. This can lead to permanent vision loss if not treated promptly.

**Diabetic Retinopathy Severity Assessment:**

Based on the findings, the diabetic retinopathy severity is **severe**. Specifically, the presence of vitreous hemorrhage, neovascularization, and retinal detachment indicates a high risk of vision loss.

**Additional Considerations:**

*   The presence of macular edema further complicates the situation, as it can significantly impair central vision.
*   The patient's overall health and other risk factors should also be considered when assessing the severity and prognosis of diabetic retinopathy.

**Recommendations:**

*   **Immediate referral to a retinal specialist is crucial.** The patient needs prompt evaluation and management to prevent further vision loss.
*   **Treatment options may include:**
    *   **Anti-VEGF injections:** To reduce neovascularization and macular edema.
    *   **Vitrectomy:** To remove the vitreous hemorrhage and potentially treat the retinal detachment.
    *   **Laser photocoagulation:** To destroy neovascularization and reduce macular edema.
    *   ",46.9
40622_left,2,zero_shot,"Okay, based on the retinal fundus image you provided, here's a description of the findings and an assessment of the diabetic retinopathy severity:

**Findings:**

*   **Macular Edema:** There appears to be some evidence of macular edema. The central macula, which is responsible for central vision, shows some blurring and a slightly elevated appearance. This is a common finding in diabetic retinopathy, especially when there is underlying diabetic macular edema (DME).
*   **Microaneurysms:** There are some small, red dots visible in the retina, which are indicative of microaneurysms. These are small, abnormal bulges in the walls of the retinal blood vessels and are a hallmark of diabetic retinopathy.
*   **Cotton Wool Spots:** There are some white, fluffy patches visible in the retina. These are known as cotton wool spots and represent areas of nerve fiber layer infarction (damage to the nerve fibers in the retina due to lack of blood supply).
*   **Hemorrhages:** There are some small areas of bleeding visible in the retina. These are called hemorrhages and can occur in diabetic retinopathy due to damaged blood vessels.
*   **Optic Disc:** The optic disc appears relatively normal in size and shape.

**Diabetic Retinopathy Severity Assessment:**

Based on the findings described above, the diabetic retinopathy severity is likely **moderate**.

Here's why:

*   The presence of microaneurysms, cotton wool spots, and hemorrhages indicates that there is some degree of retinal damage due to diabetes.
*   The macular edema suggests that the condition is affecting the central vision.
*   The presence of these findings indicates that the patient has diabetic retinopathy.

**Important Considerations:**

*   **This is a preliminary assessment based on a single image.** A comprehensive evaluation by an ophthalmologist is necessary for an accurate diagnosis and treatment plan.
*   **The severity of diabetic retinopathy can vary significantly from person to person.** Factors such as the duration of diabetes, blood sugar control, and other health conditions can influence the progression of the disease.
*   **The presence of macular edema can significantly impact vision.** It is important to manage macular edema to prevent further vision loss.

**Recommendations:**

*   **Consult with an ophthalmologist:** It is crucial to see an ophthalmologist for a complete eye exam and to discuss the best course of treatment.
*   **Blood sugar control:** Maintaining good blood sugar control is essential for preventing further",46.8
27379_left,2,zero_shot,"Okay, I've examined the retinal fundus image. Here's a description of the findings and an assessment of the diabetic retinopathy severity:

**Findings:**

*   **Macular Edema:** There appears to be some evidence of macular edema, indicated by the slightly blurred appearance of the central macula. This is a common finding in diabetic retinopathy.
*   **Microaneurysms:** There are several small, red dots visible, which are likely microaneurysms. These are a hallmark of diabetic retinopathy.
*   **Cotton Wool Spots:** There are some small, white fluffy patches visible, which are likely cotton wool spots. These indicate nerve fiber layer infarcts, a sign of retinal ischemia.
*   **Hemorrhages:** There are some small hemorrhages present.
*   **Retinal Vein Occlusion:** There is a possible retinal vein occlusion.

**Diabetic Retinopathy Severity Assessment:**

Based on the findings, the diabetic retinopathy severity is likely **Mild to Moderate**.

**Explanation:**

*   The presence of microaneurysms and cotton wool spots indicates some degree of retinal damage.
*   The presence of macular edema suggests that the disease is affecting the central vision.
*   The presence of hemorrhages indicates that the disease is affecting the blood vessels.

**Important Considerations:**

*   This assessment is based solely on the provided image. A comprehensive evaluation would require a complete ophthalmologic examination, including visual acuity testing, fundus photography, and potentially optical coherence tomography (OCT) and fluorescein angiography.
*   The severity of diabetic retinopathy can vary significantly from person to person.
*   The presence of macular edema can significantly impact vision and quality of life.

**Recommendations:**

*   The patient should be referred to an ophthalmologist for a comprehensive evaluation and management plan.
*   The ophthalmologist will determine the appropriate treatment options, which may include laser photocoagulation, intravitreal injections of anti-VEGF medications, or other interventions.
*   Strict blood sugar control, blood pressure management, and lipid control are essential for slowing the progression of diabetic retinopathy.

**Disclaimer:** This assessment is for informational purposes only and should not be considered a substitute for professional medical advice.
",43.1
16038_left,2,zero_shot,"Okay, I've reviewed the retinal fundus image. Here's a description of the findings and an assessment of the diabetic retinopathy severity:

**Description of Findings:**

*   **Macular Edema:** There is evidence of macular edema, indicated by the blurring of the central retinal details and the presence of fluid in the macula.
*   **Microaneurysms:** There are several microaneurysms present, which are small, abnormal bulges in the walls of retinal blood vessels.
*   **Cotton Wool Spots:** There are some cotton wool spots, which are white, fluffy patches that represent areas of nerve fiber layer infarction (ischemia).
*   **Hemorrhages:** There are some hemorrhages present, which are small areas of bleeding within the retina.
*   **Vitreous Hemorrhage:** There is a vitreous hemorrhage, which is bleeding into the vitreous gel, the clear fluid that fills the eye.

**Diabetic Retinopathy Severity Assessment:**

Based on the findings, the diabetic retinopathy severity is likely **moderate to severe**.

*   The presence of macular edema, microaneurysms, cotton wool spots, and hemorrhages all indicate a significant level of retinal damage.
*   The vitreous hemorrhage further complicates the situation and can lead to vision loss if not treated promptly.

**Important Considerations:**

*   This assessment is based solely on the provided image. A comprehensive evaluation would require a complete ophthalmologic examination, including visual acuity testing, fundus photography, and potentially other diagnostic tests.
*   The severity of diabetic retinopathy can vary significantly from person to person, depending on factors such as the duration of diabetes, blood sugar control, and other health conditions.
*   The presence of macular edema can significantly impact vision, even in the absence of other severe findings.

**Recommendations:**

Given the findings, I would recommend the following:

*   **Immediate referral to an ophthalmologist:** A comprehensive eye exam is crucial to confirm the diagnosis and assess the extent of the damage.
*   **Management of macular edema:** Treatment options for macular edema may include intravitreal injections of anti-VEGF medications, laser photocoagulation, or other interventions.
*   **Management of vitreous hemorrhage:** The vitreous hemorrhage may need to be treated with vitrectomy surgery to remove the blood and restore clear vision.
*   **Strict blood sugar control:** Maintaining good blood sugar control is essential to prevent further progression",46.7
22043_left,2,zero_shot,"Okay, based on the retinal fundus image provided, here's a detailed description and assessment of the diabetic retinopathy severity:

**Findings:**

*   **Widespread Retinal Edema:** There is significant retinal edema, characterized by fluid accumulation in the outer retinal layers. This is evident as a hazy, indistinct appearance of the retinal vessels and the overall retinal architecture.
*   **Microaneurysms:** Numerous microaneurysms are present, which are small, red, and dot-like lesions on the retinal surface. These are a hallmark of diabetic retinopathy.
*   **Hemorrhages:** There are numerous hemorrhages, including flame-shaped hemorrhages and dot-blot hemorrhages. These are areas of blood leakage from damaged blood vessels.
*   **Cotton Wool Spots:** Cotton wool spots are present, which are white, fluffy lesions representing areas of nerve fiber layer infarction.
*   **Vitreous Hemorrhage:** There is a vitreous hemorrhage, which is bleeding into the vitreous gel (the clear gel that fills the eye). This is a significant finding that can cause vision loss.
*   **Macular Edema:** The macula, the central part of the retina responsible for sharp, central vision, appears to be affected by edema. This can lead to blurred central vision.
*   **Retinal Vein Occlusion:** There is evidence of retinal vein occlusion, which is a blockage of a retinal vein. This can cause retinal edema and hemorrhages.
*   **Arteriolar Narrowing:** The retinal arterioles appear narrowed, which is a common finding in diabetic retinopathy due to damage to the blood vessel walls.

**Severity Assessment:**

Based on these findings, the diabetic retinopathy severity is **severe**.

**Explanation of Severity:**

The presence of vitreous hemorrhage, significant retinal edema, multiple hemorrhages, cotton wool spots, and macular edema all point to a high level of retinal damage and dysfunction. The combination of these findings indicates a high risk of vision loss.

**Recommendations:**

Given the severity of the diabetic retinopathy, the following recommendations are crucial:

*   **Immediate Referral to a Retina Specialist:** This is essential for further evaluation and management.
*   **Intravitreal Anti-VEGF Injections:** These injections can help reduce macular edema and vitreous hemorrhage, improving vision.
*   **Vitrectomy:** In cases of significant vitreous hemorrhage that does not clear on its own, a vitrectomy (surgical removal",46.8
9528_right,2,zero_shot,"Okay, based on the provided retinal fundus image, here's a description of the findings and an assessment of the diabetic retinopathy severity:

**Description of Findings:**

*   **Dark Image:** The image is significantly dark, making it difficult to visualize fine details. This could be due to various factors, including poor lighting conditions during the image capture, the patient's pupil size, or the presence of media opacities (clouding of the lens).
*   **Macular Edema:** There appears to be some evidence of macular edema, which is a common complication of diabetic retinopathy. The presence of fluid in the macula can cause blurred vision.
*   **Microaneurysms:** There are some small, red dots that could represent microaneurysms. These are tiny bulges in the walls of the retinal blood vessels and are a hallmark of diabetic retinopathy.
*   **Cotton Wool Spots:** There are some white, fluffy patches that could represent cotton wool spots. These are areas of nerve fiber layer infarction (damage to the nerve fibers in the retina) and are also a sign of diabetic retinopathy.
*   **Hemorrhages:** There are some red areas that could represent hemorrhages (bleeding) in the retina. These can occur in various stages of diabetic retinopathy.
*   **Vitreous Hemorrhage:** There is a possible vitreous hemorrhage, which is bleeding into the vitreous gel (the clear, jelly-like substance that fills the eye). This can cause significant vision loss.
*   **Retinal Vein Occlusion:** There is a possible retinal vein occlusion, which is a blockage of a retinal vein. This can cause swelling and bleeding in the retina.

**Diabetic Retinopathy Severity Assessment:**

Based on the limited information and the dark image, it is difficult to provide a definitive severity assessment. However, the presence of microaneurysms, cotton wool spots, hemorrhages, and possible macular edema and vitreous hemorrhage suggests a **moderate to severe** diabetic retinopathy.

**Important Considerations:**

*   **Image Quality:** The poor image quality makes it challenging to accurately assess the extent and severity of the findings.
*   **Clinical History:** A complete clinical history, including the patient's diabetes control, duration of diabetes, and any other relevant medical conditions, is crucial for a proper assessment.
*   **Further Evaluation:** A comprehensive dilated fundus examination with optical coherence tomography (OCT) and/or fluorescein",46.8
6276_right,2,zero_shot,"Okay, I've reviewed the retinal fundus image. Here's a description of the findings and an assessment of the diabetic retinopathy severity:

**Findings:**

*   **Macular Edema:** There is evidence of macular edema, characterized by fluid accumulation in the macula. This is indicated by the blurring of the central retinal details.
*   **Microaneurysms:** Microaneurysms are present, which are small, red dots that represent weakened blood vessel walls.
*   **Hemorrhages:** There are hemorrhages present, which are areas of bleeding within the retina.
*   **Cotton Wool Spots:** Cotton wool spots are also present, which are white, fluffy patches that represent areas of nerve fiber layer infarction.
*   **Hyperpigmentation:** There is some hyperpigmentation in the fundus, which can be associated with chronic diabetic retinopathy.

**Diabetic Retinopathy Severity Assessment:**

Based on the findings, the diabetic retinopathy severity is likely **moderate to severe**.

*   The presence of microaneurysms, hemorrhages, and cotton wool spots indicates a significant level of retinal damage.
*   The macular edema further complicates the situation, as it can lead to vision loss.

**Important Considerations:**

*   This assessment is based solely on the provided image. A comprehensive evaluation would require a complete ophthalmologic examination, including visual acuity testing, fundus photography, and potentially optical coherence tomography (OCT) and fluorescein angiography.
*   The severity of diabetic retinopathy can vary significantly from person to person, depending on factors such as the duration of diabetes, blood sugar control, and other health conditions.
*   The presence of macular edema can significantly impact vision, and treatment options are available to help reduce the fluid accumulation and improve visual acuity.

**Disclaimer:** This information is for educational purposes only and should not be considered medical advice. It is essential to consult with a qualified ophthalmologist for a proper diagnosis and treatment plan.
",38.3
42392_left,2,zero_shot,"Okay, based on the retinal fundus image provided, here's a description of the findings and an assessment of the diabetic retinopathy severity:

**Findings:**

*   **Macular Edema:** There appears to be some fluid accumulation in the macula, which is the central part of the retina responsible for sharp, central vision. This is indicated by the blurring of the central retinal details.
*   **Microaneurysms:** Small, red dots (microaneurysms) are present, particularly in the periphery of the retina. These are characteristic of diabetic retinopathy.
*   **Cotton Wool Spots:** White, fluffy patches (cotton wool spots) are visible, indicating nerve fiber layer infarcts. These are also a sign of diabetic retinopathy.
*   **Hemorrhages:** There are some hemorrhages (bleeding) present, which are also a sign of diabetic retinopathy.
*   **Optic Disc:** The optic disc appears normal.

**Diabetic Retinopathy Severity Assessment:**

Based on the findings, the diabetic retinopathy severity is likely **moderate**.

**Reasoning:**

*   The presence of microaneurysms, cotton wool spots, and hemorrhages indicates that the patient has diabetic retinopathy.
*   The presence of macular edema suggests that the disease is affecting the macula, which can cause vision loss.
*   The presence of cotton wool spots and hemorrhages indicates that the disease is affecting the nerve fiber layer.

**Important Considerations:**

*   This assessment is based solely on the provided image. A comprehensive evaluation would require a complete ophthalmologic examination, including visual acuity testing, fundus photography, and potentially other diagnostic tests.
*   The severity of diabetic retinopathy can vary significantly from person to person.
*   The presence of macular edema can significantly impact vision.

**Recommendations:**

*   The patient should be referred to an ophthalmologist for a comprehensive evaluation and management plan.
*   The ophthalmologist will likely recommend monitoring the condition with regular fundus examinations.
*   Management may include laser photocoagulation, intravitreal injections of anti-VEGF medications, or other treatments to reduce macular edema and prevent further vision loss.
*   The patient should also be educated about the importance of controlling blood sugar, blood pressure, and cholesterol levels to prevent further progression of diabetic retinopathy.

**Disclaimer:** This information is for educational purposes only and should not be considered medical advice. It is essential to consult with a qualified ophthalmologist",47.2
21192_left,2,zero_shot,"Okay, I've examined the retinal fundus image. Here's a description of the findings and an assessment of the diabetic retinopathy severity:

**Description of Findings:**

*   **Macula:** The macula appears relatively clear, with no significant edema or hemorrhages.
*   **Retinal Vessels:** The retinal vessels are present, but there are some signs of microaneurysms.
*   **Cotton Wool Spots:** There are some cotton wool spots present, indicating areas of retinal nerve fiber layer infarction.
*   **Hemorrhages:** There are some hemorrhages present, which are small and dot-like.
*   **Other:** The image shows a normal optic disc and a clear view of the retinal vessels.

**Diabetic Retinopathy Severity Assessment:**

Based on the findings, the diabetic retinopathy severity is likely **Mild to Moderate**.

Here's the reasoning:

*   **Microaneurysms:** The presence of microaneurysms is a hallmark of diabetic retinopathy.
*   **Cotton Wool Spots:** The presence of cotton wool spots indicates some retinal nerve fiber layer damage, which is a sign of more advanced disease.
*   **Hemorrhages:** The presence of hemorrhages indicates some retinal damage.

**Important Considerations:**

*   This assessment is based solely on the provided image. A comprehensive evaluation would require a full dilated fundus examination, including assessment of the peripheral retina, optic disc, and other structures.
*   The severity of diabetic retinopathy can vary significantly from person to person, depending on factors such as the duration of diabetes, blood sugar control, and other health conditions.
*   The presence of these findings does not necessarily mean that the patient is at high risk for vision loss. However, it does indicate that the patient needs to be monitored regularly by an ophthalmologist to prevent further progression of the disease.

**Recommendations:**

*   The patient should be referred to an ophthalmologist for a comprehensive dilated fundus examination.
*   The ophthalmologist will assess the patient's overall diabetic retinopathy severity and recommend appropriate management strategies, which may include blood sugar control, blood pressure control, and laser treatment or injections.

**Disclaimer:** This is an AI-generated assessment based on the provided image. It is not a substitute for a professional medical evaluation by a qualified ophthalmologist.
",45.1
9232_left,2,zero_shot,"Okay, I've reviewed the retinal fundus image. Here's a description of the findings and an assessment of the diabetic retinopathy severity:

**Description of Findings:**

*   **Dark Image:** The image is very dark, making it difficult to visualize the retinal details. This could be due to several factors, including poor lighting conditions during the image capture, a high-powered lens used, or a problem with the camera's sensitivity.
*   **Possible Optic Disc:** There appears to be a dark area in the center, which could represent the optic disc. However, it's difficult to confirm this definitively due to the poor image quality.
*   **Limited Retinal Details:** The lack of contrast and detail makes it challenging to identify any specific retinal features, such as microaneurysms, hemorrhages, exudates, or neovascularization.

**Assessment of Diabetic Retinopathy Severity:**

Based on the limited information and the poor image quality, it is impossible to accurately assess the severity of diabetic retinopathy. The absence of clear retinal features makes it difficult to determine if any diabetic retinopathy changes are present.

**Recommendations:**

*   **Better Image Quality:** The image needs to be captured with better lighting and a lower power lens to improve the visibility of the retinal details.
*   **Clinical Examination:** A comprehensive clinical examination by an ophthalmologist is essential to assess the retina for diabetic retinopathy. This includes dilation of the pupils to allow for a better view of the fundus.
*   **Further Imaging:** If diabetic retinopathy is suspected, additional imaging modalities, such as optical coherence tomography (OCT) or fluorescein angiography, may be necessary to provide more detailed information about the retinal structure and function.

**Disclaimer:**

This assessment is based solely on the provided image and is not a substitute for a professional ophthalmological examination. A qualified ophthalmologist is needed for a definitive diagnosis and management plan.
",37.3
38935_left,2,zero_shot,"Okay, I've reviewed the retinal fundus image. Here's a description of the findings and an assessment of the diabetic retinopathy severity:

**Description of Findings:**

*   **Macula:** The macula appears relatively clear, with no obvious signs of significant macular edema or drusen.
*   **Retinal Vessels:** The retinal vessels are present and appear to be of normal caliber. There are some small hemorrhages present.
*   **Cotton Wool Spots:** There are some small cotton wool spots present.
*   **Microaneurysms:** There are some microaneurysms present.

**Diabetic Retinopathy Severity Assessment:**

Based on the findings, the diabetic retinopathy severity is likely **Mild to Moderate**.

**Explanation:**

*   The presence of microaneurysms and cotton wool spots indicates some degree of retinal damage due to diabetes.
*   The absence of significant macular edema or neovascularization suggests that the disease is not yet at a severe stage.

**Important Considerations:**

*   This assessment is based solely on the provided image. A comprehensive evaluation would require a full dilated fundus examination, including assessment of the peripheral retina and optic disc.
*   The severity of diabetic retinopathy can vary significantly from person to person, depending on factors such as blood sugar control, duration of diabetes, and other health conditions.
*   It is crucial to follow up with an ophthalmologist regularly to monitor for any progression of diabetic retinopathy and to receive appropriate treatment if needed.

**Disclaimer:** This is an AI-generated assessment based on the provided image. It is not a substitute for a professional ophthalmological examination. A qualified ophthalmologist should be consulted for a definitive diagnosis and treatment plan.
",34.3
15074_left,2,zero_shot,"Okay, I've reviewed the retinal fundus image. Here's a description of the findings and an assessment of the diabetic retinopathy severity:

**Description of Findings:**

*   **Macular Edema:** There is evidence of macular edema, characterized by a hazy, indistinct appearance of the macula. This is a common finding in diabetic retinopathy and can cause blurred central vision.
*   **Microaneurysms:** Numerous microaneurysms are present, particularly in the nerve fiber layer. These are small, red dots that represent weakened blood vessel walls.
*   **Hemorrhages:** There are several hemorrhages visible, including dot-blot hemorrhages and flame-shaped hemorrhages. These indicate bleeding from damaged blood vessels.
*   **Cotton Wool Spots:** Cotton wool spots are present, which are white, fluffy patches that represent areas of retinal nerve fiber layer infarction (ischemia).
*   **Retinal Vein Occlusion:** There is evidence of a retinal vein occlusion, specifically a branch retinal vein occlusion. This is indicated by the presence of hemorrhages and cotton wool spots in the affected area.
*   **Blood Vessel Wall Thickening:** There is some evidence of blood vessel wall thickening, which is a sign of diabetic retinopathy.

**Diabetic Retinopathy Severity Assessment:**

Based on the findings, the diabetic retinopathy severity is likely **moderate to severe**.

*   The presence of microaneurysms, hemorrhages, cotton wool spots, and macular edema all indicate a significant level of retinal damage.
*   The retinal vein occlusion further contributes to the severity of the condition.

**Important Considerations:**

*   This assessment is based solely on the provided image. A comprehensive evaluation would require a complete ophthalmologic examination, including visual acuity testing, fundus photography, and potentially other diagnostic tests.
*   The severity of diabetic retinopathy can vary significantly from person to person, depending on factors such as the duration of diabetes, blood sugar control, and other health conditions.
*   The presence of macular edema can significantly impact visual function, even in the absence of other severe findings.

**Recommendations:**

Given the findings, I would recommend the following:

*   **Referral to a retinal specialist:** A comprehensive evaluation by a retinal specialist is essential for accurate diagnosis and management.
*   **Blood sugar control:** Strict blood sugar control is crucial to prevent further progression of diabetic retinopathy.
*   **Anti-VEGF injections:** Anti-VE",47.2
28387_right,2,zero_shot,"Okay, based on the provided retinal fundus image, here's a description of the findings and an assessment of the diabetic retinopathy severity:

**Description of Findings:**

*   **Overall Appearance:** The image appears to be a fundus photograph, showing the back of the eye. The image quality is somewhat limited due to the lack of contrast and the presence of artifacts.
*   **Macula:** The macula, the central part of the retina responsible for sharp, central vision, is difficult to visualize clearly. There is some blurring and distortion, which could be due to the image quality or the presence of vitreous haze.
*   **Retinal Vessels:** The retinal vessels are visible, but their details are not well-defined. There are some signs of microaneurysms, which are small, abnormal bulges in the walls of the retinal blood vessels.
*   **Other Findings:** There are some areas of retinal edema (swelling) and some hemorrhages (bleeding) present.

**Diabetic Retinopathy Severity Assessment:**

Based on the limited information available in this image, the diabetic retinopathy severity is likely to be **moderate**.

**Reasoning:**

*   **Presence of Microaneurysms:** The presence of microaneurysms is a hallmark of diabetic retinopathy.
*   **Retinal Edema and Hemorrhages:** The presence of retinal edema and hemorrhages suggests that the disease is progressing.
*   **Macular Involvement:** The difficulty in visualizing the macula raises concern for possible macular edema, which can significantly impair central vision.

**Important Considerations:**

*   **Image Quality:** The image quality is not ideal, which makes it difficult to make a definitive assessment. A higher-resolution image would be necessary for a more accurate diagnosis.
*   **Clinical History:** The patient's medical history, including their blood sugar control, blood pressure, and other relevant factors, is crucial for determining the severity of diabetic retinopathy.
*   **Other Findings:** The presence of other findings, such as neovascularization (new blood vessel growth) or tractional retinal detachment, would indicate a more severe form of diabetic retinopathy.

**Recommendations:**

*   **Further Evaluation:** A comprehensive dilated fundus examination by an ophthalmologist is essential to confirm the diagnosis and assess the severity of diabetic retinopathy.
*   **Management:** The management of diabetic retinopathy depends on the severity of the disease and the presence of any complications. Treatment options may",47.0
39981_right,2,zero_shot,"Okay, based on the retinal fundus image provided, here's a detailed description and assessment of the diabetic retinopathy severity:

**Findings:**

*   **Widespread Retinal Edema:** There is significant retinal edema, appearing as a hazy, indistinct area, particularly in the nerve fiber layer. This is a hallmark of diabetic retinopathy.
*   **Microaneurysms:** Numerous microaneurysms are present, which are small, red dots representing weakened capillary walls.
*   **Hemorrhages:** There are numerous hemorrhages, both dot-blot and flame-shaped, scattered throughout the retina. These indicate bleeding from damaged blood vessels.
*   **Cotton Wool Spots:** These are fluffy, white patches representing areas of retinal nerve fiber layer infarction (ischemia). They are also present throughout the retina.
*   **Hard Exudates:** These are yellowish, waxy deposits that represent lipid and protein leakage from damaged blood vessels. They are also present.
*   **Macular Edema:** The macula, the central part of the retina responsible for sharp central vision, appears to have significant edema, which is a major concern.
*   **Vitreous Hemorrhage:** There is a vitreous hemorrhage, which is bleeding into the vitreous gel (the clear gel that fills the eye). This can cause blurred vision or even vision loss.
*   **Retinal Vein Occlusion:** There is evidence of retinal vein occlusion, which is a blockage of a retinal vein. This can lead to retinal edema and hemorrhages.

**Severity Assessment:**

Based on these findings, the diabetic retinopathy severity is **severe**. Specifically, this appears to be a case of **proliferative diabetic retinopathy (PDR)** with **macular edema** and **vitreous hemorrhage**.

**Explanation of Severity:**

*   **Severe Diabetic Retinopathy:** The presence of multiple hemorrhages, cotton wool spots, and significant retinal edema indicates a high level of retinal damage.
*   **Proliferative Diabetic Retinopathy (PDR):** The presence of neovascularization (new blood vessel growth) is not explicitly visible in this image, but the presence of hemorrhages and edema suggests that it is likely present. PDR is a more advanced stage of diabetic retinopathy where abnormal blood vessels grow on the surface of the retina or optic disc. These new vessels are fragile and prone to bleeding, which can lead to vitreous hemorrhage and tractional retinal detachment.
",46.8
35270_right,2,zero_shot,"Okay, I've reviewed the retinal fundus image. Here's a description of the findings and an assessment of the diabetic retinopathy severity:

**Findings:**

*   **Macular Edema:** There is evidence of macular edema, indicated by the presence of fluid accumulation in the macula. This is a common complication of diabetic retinopathy.
*   **Microaneurysms:** Microaneurysms are present, which are small, red dots that represent weakened blood vessel walls.
*   **Hemorrhages:** There are hemorrhages present, which are areas of bleeding within the retina.
*   **Cotton Wool Spots:** Cotton wool spots are also present, which are white, fluffy patches that represent areas of nerve fiber layer infarction (ischemia).
*   **Optic Disc:** The optic disc appears normal.
*   **Vitreous Hemorrhage:** There is a vitreous hemorrhage, which is bleeding into the vitreous gel (the clear gel that fills the eye).

**Diabetic Retinopathy Severity Assessment:**

Based on the findings, the diabetic retinopathy severity is likely **moderate to severe**.

*   The presence of microaneurysms, hemorrhages, and cotton wool spots indicates a significant level of retinal damage.
*   The macular edema further complicates the situation, as it can lead to vision loss.
*   The vitreous hemorrhage is a serious finding that can cause significant visual impairment.

**Important Considerations:**

*   This assessment is based solely on the provided image. A comprehensive evaluation would require a complete ophthalmologic examination, including visual acuity testing, fundus photography, and potentially other diagnostic tests.
*   The severity of diabetic retinopathy can vary depending on the individual's blood sugar control, other health conditions, and the duration of diabetes.
*   The presence of macular edema and vitreous hemorrhage requires prompt treatment to prevent further vision loss.

**Recommendations:**

*   The patient should be referred to an ophthalmologist for a comprehensive evaluation and management plan.
*   Treatment options for diabetic retinopathy may include laser photocoagulation, intravitreal injections of anti-VEGF medications, and vitrectomy surgery.
*   Strict blood sugar control is essential to prevent further progression of diabetic retinopathy.

**Disclaimer:** This information is for educational purposes only and should not be considered medical advice. It is essential to consult with a qualified ophthalmologist for diagnosis and treatment of any eye condition.
",46.9
28344_right,2,zero_shot,"Okay, based on the retinal fundus image provided, here's a description of the findings and an assessment of the diabetic retinopathy severity:

**Description of Findings:**

*   **Macular Edema:** There appears to be some evidence of macular edema, indicated by the blurring of the central retinal details and the presence of fluid in the macula.
*   **Microaneurysms:** There are several microaneurysms present, which are small, abnormal bulges in the walls of the retinal capillaries.
*   **Hemorrhages:** There are some hemorrhages present, which are bleeding spots in the retina.
*   **Cotton Wool Spots:** There are some cotton wool spots present, which are white, fluffy patches on the retina that represent areas of nerve fiber layer infarction.
*   **Retinal Vein Occlusion:** There is a retinal vein occlusion present.

**Diabetic Retinopathy Severity Assessment:**

Based on the findings, the diabetic retinopathy severity is likely **moderate to severe**.

*   The presence of microaneurysms, hemorrhages, and cotton wool spots indicates a significant level of retinal damage.
*   The macular edema further complicates the situation, as it can lead to vision loss.
*   The retinal vein occlusion is a significant finding that can cause further damage to the retina.

**Important Considerations:**

*   This assessment is based solely on the provided image. A comprehensive evaluation would require a complete ophthalmologic examination, including visual acuity testing, fundus photography, and potentially other diagnostic tests.
*   The severity of diabetic retinopathy can vary depending on the individual's blood sugar control, other health conditions, and the duration of diabetes.
*   The presence of macular edema can significantly impact vision, and treatment options are available to reduce its severity.

**Disclaimer:** This information is for educational purposes only and should not be considered medical advice. It is essential to consult with a qualified ophthalmologist for a proper diagnosis and treatment plan.",38.5
35936_right,2,zero_shot,"Okay, I've examined the retinal fundus image. Here's a description of the findings and an assessment of the diabetic retinopathy severity:

**Findings:**

*   **Macula:** The macula appears relatively clear, with no obvious signs of edema or significant macular degeneration.
*   **Retinal Vessels:** The retinal vessels are present and visible. There are some signs of microaneurysms.
*   **Cotton Wool Spots:** There are some cotton wool spots present.
*   **Hemorrhages:** There are some hemorrhages present.

**Diabetic Retinopathy Severity Assessment:**

Based on the findings, the diabetic retinopathy severity is likely **Mild to Moderate**.

**Explanation:**

*   **Mild Diabetic Retinopathy:** Typically characterized by microaneurysms.
*   **Moderate Diabetic Retinopathy:** Characterized by microaneurysms, cotton wool spots, and hemorrhages.

**Important Considerations:**

*   **This is a preliminary assessment based on a single image.** A comprehensive evaluation requires a full dilated fundus examination, including assessment of the peripheral retina, optic disc, and other relevant structures.
*   **Clinical History is Crucial:** The patient's history of diabetes, blood sugar control, and other relevant medical conditions are essential for accurate diagnosis and management.
*   **Further Evaluation:** Further evaluation is needed to determine the extent of the disease and to monitor for progression.

**Disclaimer:** This assessment is for informational purposes only and should not be considered a substitute for professional medical advice. A qualified ophthalmologist should be consulted for a complete eye examination and diagnosis.
",32.7
43363_left,2,zero_shot,"Okay, I've reviewed the retinal fundus image. Here's a description of the findings and an assessment of the diabetic retinopathy severity:

**Findings:**

*   **Macular Edema:** There appears to be some evidence of macular edema, indicated by the blurring of the central retinal details.
*   **Microaneurysms:** Several microaneurysms are present, particularly in the nerve fiber layer.
*   **Hemorrhages:** There are some hemorrhages present, which are small and dot-like.
*   **Cotton Wool Spots:** There are some cotton wool spots present, which are white fluffy patches.
*   **Retinal Vein Occlusion:** There is a retinal vein occlusion present.

**Diabetic Retinopathy Severity Assessment:**

Based on the findings, the diabetic retinopathy severity is likely **Mild to Moderate**.

*   **Mild:** The presence of microaneurysms and hemorrhages is consistent with mild diabetic retinopathy.
*   **Moderate:** The presence of macular edema, cotton wool spots, and retinal vein occlusion is consistent with moderate diabetic retinopathy.

**Important Considerations:**

*   This assessment is based solely on the provided image. A comprehensive evaluation requires a complete ophthalmologic examination, including visual acuity testing, fundus photography, and potentially optical coherence tomography (OCT) and fluorescein angiography.
*   The severity of diabetic retinopathy can vary significantly from person to person, and the presence of other factors (e.g., hypertension, smoking) can influence the progression of the disease.
*   The presence of macular edema can significantly impact visual acuity and quality of life.

**Recommendations:**

*   The patient should be referred to an ophthalmologist for a comprehensive evaluation and management plan.
*   The ophthalmologist will determine the appropriate treatment options, which may include laser photocoagulation, intravitreal injections of anti-VEGF medications, or other interventions.
*   Regular follow-up appointments are essential to monitor the progression of diabetic retinopathy and adjust treatment as needed.

**Disclaimer:** This is an AI-generated assessment based on the provided image. It is not a substitute for a professional ophthalmologic examination.
",42.1
24221_left,2,zero_shot,"Okay, based on the retinal fundus image provided, here's a description of the findings and an assessment of the diabetic retinopathy severity:

**Description of Findings:**

*   **Macular Edema:** There is evidence of macular edema, indicated by the blurring of the central retinal details and the presence of fluid accumulation in the macula.
*   **Microaneurysms:** Numerous microaneurysms are present, particularly in the nerve fiber layer. These are small, red dots that represent weakened blood vessel walls.
*   **Hemorrhages:** There are several hemorrhages present, including flame-shaped hemorrhages and dot-blot hemorrhages. These are areas of blood leakage from damaged blood vessels.
*   **Cotton Wool Spots:** Cotton wool spots are visible, indicating areas of retinal nerve fiber layer infarction (ischemia). These appear as fluffy, white patches.
*   **Vitreous Hemorrhage:** There is a vitreous hemorrhage, which is the presence of blood in the vitreous cavity (the space between the lens and the retina). This is a significant finding.
*   **Retinal Vein Occlusion:** There is evidence of a retinal vein occlusion, which is a blockage of a retinal vein. This can lead to retinal hemorrhages and edema.
*   **Arteriolar Narrowing:** The retinal arterioles appear narrowed, which is a common finding in diabetic retinopathy.

**Diabetic Retinopathy Severity Assessment:**

Based on the findings described above, the diabetic retinopathy severity is likely **severe**.

Here's why:

*   **Presence of Macular Edema:** Macular edema significantly impacts vision and is a hallmark of advanced diabetic retinopathy.
*   **Vitreous Hemorrhage:** This is a serious complication that can lead to significant vision loss.
*   **Multiple Hemorrhages and Cotton Wool Spots:** These indicate significant retinal damage and vascular dysfunction.
*   **Retinal Vein Occlusion:** This is a major finding that contributes to the overall severity.

**Important Considerations:**

*   This assessment is based solely on the provided image. A comprehensive evaluation would require a complete ophthalmologic examination, including visual acuity testing, fundus photography, and potentially other diagnostic tests.
*   The severity of diabetic retinopathy can vary significantly from person to person, even with similar findings.
*   The presence of macular edema and vitreous hemorrhage can lead to significant vision loss if not treated promptly.

**Recommendations:**",46.9
34476_right,2,zero_shot,"Okay, I've reviewed the retinal fundus image. Here's a description of the findings and an assessment of the diabetic retinopathy severity:

**Description of Findings:**

*   **Macula:** The macula appears relatively clear, with no obvious signs of significant macular edema or drusen.
*   **Retinal Vessels:** The retinal vessels show some degree of microaneurysms, hemorrhages, and cotton wool spots. The vessel caliber appears to be somewhat irregular.
*   **Optic Disc:** The optic disc appears normal in appearance.
*   **Other:** There are some areas of retinal whitening, which could be due to edema or ischemia.

**Diabetic Retinopathy Severity Assessment:**

Based on the findings, the diabetic retinopathy severity is likely **moderate**.

**Reasoning:**

*   **Microaneurysms:** The presence of microaneurysms indicates diabetic retinopathy.
*   **Hemorrhages:** The presence of hemorrhages suggests a more advanced stage of the disease.
*   **Cotton Wool Spots:** The presence of cotton wool spots indicates retinal nerve fiber layer infarcts, which are a sign of ischemia and a more advanced stage of diabetic retinopathy.
*   **Vessel Irregularity:** The irregular vessel caliber suggests diabetic retinopathy.

**Important Considerations:**

*   This assessment is based solely on the provided image. A comprehensive evaluation would require a complete ophthalmologic examination, including visual acuity testing, fundus photography, and potentially other imaging modalities (e.g., OCT, fluorescein angiography).
*   The severity of diabetic retinopathy can vary significantly from person to person, even with similar findings.
*   The presence of other systemic conditions (e.g., hypertension, hyperlipidemia) can also influence the progression of diabetic retinopathy.

**Recommendations:**

*   The patient should be referred to an ophthalmologist for a comprehensive evaluation and management plan.
*   The ophthalmologist will likely recommend monitoring the condition with regular fundus examinations.
*   Management may include lifestyle modifications (e.g., diet, exercise), blood glucose control, and potentially laser treatment or intravitreal injections to prevent further vision loss.

**Disclaimer:** This assessment is for informational purposes only and should not be considered a substitute for professional medical advice. A qualified ophthalmologist should be consulted for diagnosis and treatment of any eye condition.
",45.4
32216_left,2,zero_shot,"Okay, based on the retinal fundus image provided, here's a description of the findings and an assessment of the diabetic retinopathy severity:

**Findings:**

*   **Microaneurysms:** These are small, red dots representing ruptures in the capillary walls. They are scattered throughout the image, particularly in the nerve fiber layer.
*   **Hemorrhages:** There are several areas of bleeding visible, including dot-blot hemorrhages (small, deep hemorrhages within the retina) and flame-shaped hemorrhages (longer, more superficial hemorrhages).
*   **Cotton Wool Spots:** These are fluffy, white patches representing areas of retinal nerve fiber layer infarction (ischemia). They are present in the nerve fiber layer.
*   **Venous Beading:** This is a sign of significant retinal ischemia and is characterized by alternating areas of dilation and constriction of retinal veins. It is present in the image.
*   **Macular Edema:** There is evidence of fluid accumulation in the macula, which can cause blurred central vision.
*   **Retinal Vein Occlusion:** There is a visible occlusion of a retinal vein, which is causing the hemorrhages and other signs of ischemia.

**Diabetic Retinopathy Severity Assessment:**

Based on the findings, the diabetic retinopathy severity is likely **severe**.

*   The presence of microaneurysms, hemorrhages, cotton wool spots, venous beading, and macular edema all indicate a high level of retinal damage and dysfunction.
*   The retinal vein occlusion further exacerbates the situation, leading to more widespread ischemia and bleeding.

**Important Considerations:**

*   This assessment is based solely on the provided image. A comprehensive evaluation would require a complete ophthalmologic examination, including visual acuity testing, fundus photography, and potentially other diagnostic tests.
*   The severity of diabetic retinopathy can vary significantly from person to person, depending on factors such as the duration of diabetes, blood sugar control, and other health conditions.
*   The presence of macular edema can significantly impact visual acuity and quality of life.

**Recommendations:**

Given the severity of the diabetic retinopathy, prompt referral to an ophthalmologist is crucial for further evaluation and management. Treatment options may include:

*   **Intravitreal injections of anti-VEGF medications:** To reduce macular edema and neovascularization.
*   **Laser photocoagulation:** To treat neovascularization and reduce macular edema.
*   **Vit",47.2
26366_right,2,zero_shot,"Okay, I've reviewed the retinal fundus image. Here's a description of the findings and an assessment of the diabetic retinopathy severity:

**Findings:**

*   **Macular Edema:** There appears to be some evidence of macular edema, indicated by a slightly blurred appearance of the central macula.
*   **Microaneurysms:** Several microaneurysms are visible, particularly in the nerve fiber layer.
*   **Hemorrhages:** There are some hemorrhages present, which are small, dot-like or flame-shaped.
*   **Cotton Wool Spots:** There are some cotton wool spots, which are fluffy, white patches indicating nerve fiber layer infarcts.
*   **Vitreous Hemorrhage:** There is a vitreous hemorrhage present.

**Diabetic Retinopathy Severity Assessment:**

Based on these findings, the diabetic retinopathy severity is likely **Moderate to Severe**.

**Explanation:**

*   The presence of microaneurysms, hemorrhages, and cotton wool spots indicates diabetic retinopathy.
*   The presence of macular edema and vitreous hemorrhage suggests a more advanced stage of the disease.
*   The combination of these findings suggests that the patient has a significant degree of retinal damage due to diabetes.

**Important Considerations:**

*   This assessment is based solely on the provided image. A comprehensive evaluation would require a full dilated fundus examination, including assessment of the peripheral retina and optic disc.
*   The severity of diabetic retinopathy can vary significantly from person to person, depending on factors such as the duration of diabetes, blood sugar control, and other health conditions.
*   The presence of macular edema and vitreous hemorrhage can significantly impact vision and require prompt treatment.

**Recommendations:**

*   The patient should be referred to an ophthalmologist for a comprehensive evaluation and management plan.
*   The ophthalmologist will likely perform further testing, such as optical coherence tomography (OCT) to assess the extent of macular edema and fluorescein angiography to evaluate retinal blood flow.
*   Treatment options may include laser photocoagulation, intravitreal injections of anti-VEGF medications, and/or vitrectomy surgery.

**Disclaimer:** This is an AI-generated assessment based on the provided image and general knowledge of diabetic retinopathy. It is not a substitute for a professional medical evaluation by a qualified ophthalmologist.
",46.0
24092_right,2,zero_shot,"Okay, I've reviewed the retinal fundus image. Here's a description of the findings and an assessment of the diabetic retinopathy severity:

**Description of Findings:**

*   **Macular Edema:** There is evidence of macular edema, characterized by fluid accumulation in the macula. This is indicated by the blurring of the central retinal details.
*   **Microaneurysms:** Numerous microaneurysms are present, particularly in the nerve fiber layer. These are small, red dots that represent weakened capillary walls.
*   **Hemorrhages:** There are several hemorrhages present, including dot-blot hemorrhages and flame-shaped hemorrhages. These are areas of blood leakage from damaged blood vessels.
*   **Cotton Wool Spots:** Cotton wool spots are visible, indicating areas of retinal nerve fiber layer infarction. These appear as fluffy, white patches.
*   **Hard Exudates:** Hard exudates are present, which are yellowish, waxy deposits of lipid and protein that leak from damaged blood vessels.
*   **Vitreous Hemorrhage:** There is a vitreous hemorrhage, which is blood in the vitreous cavity. This is causing some obscuration of the fundus view.
*   **Retinal Vein Occlusion:** There is evidence of a retinal vein occlusion, which is a blockage of a retinal vein.

**Diabetic Retinopathy Severity Assessment:**

Based on the findings, the diabetic retinopathy severity is **severe**.

**Justification:**

*   The presence of macular edema, hemorrhages, cotton wool spots, and hard exudates indicates significant retinal damage.
*   The vitreous hemorrhage is a serious complication that can lead to vision loss.
*   The presence of a retinal vein occlusion further contributes to the severity of the condition.

**Recommendations:**

*   **Immediate referral to a retinal specialist is crucial.** The patient needs a comprehensive evaluation and management plan.
*   **Intravitreal injections of anti-VEGF medications** are likely to be necessary to reduce macular edema and prevent further vision loss.
*   **Vitrectomy** may be required to clear the vitreous hemorrhage and prevent further complications.
*   **Blood sugar control** is essential to prevent further progression of diabetic retinopathy.
*   **Regular follow-up** with a retinal specialist is necessary to monitor the condition and adjust treatment as needed.

**Disclaimer:**

This assessment is based solely on the provided retinal fundus image",47.4
2424_left,2,zero_shot,"Okay, I've reviewed the retinal fundus image. Here's a description of the findings and an assessment of the diabetic retinopathy severity:

**Description of Findings:**

*   **Macula:** The macula appears relatively clear, with no obvious signs of edema or significant drusen.
*   **Retinal Vessels:** The retinal vessels appear to be of normal caliber. There is no evidence of significant arteriolar narrowing (hemorrhages) or tortuosity.
*   **Optic Disc:** The optic disc appears normal in appearance.
*   **Peripheral Retina:** The peripheral retina appears relatively normal.

**Diabetic Retinopathy Severity Assessment:**

Based on the provided image, the diabetic retinopathy severity appears to be **mild**.

**Reasoning:**

*   The absence of significant hemorrhages, exudates, or neovascularization makes this a low-risk category.
*   The retinal vessels appear to be of normal caliber, and there is no evidence of significant arteriolar narrowing.
*   The macula appears relatively clear, with no obvious signs of edema or significant drusen.

**Important Considerations:**

*   This assessment is based solely on the provided image. A comprehensive evaluation would require a full dilated fundus examination, including assessment of the peripheral retina, optic disc, and the presence of any other signs of diabetic retinopathy.
*   The severity of diabetic retinopathy can change over time. Regular follow-up with an ophthalmologist is essential for monitoring and managing the condition.
*   The presence of other systemic conditions, such as hypertension or hyperlipidemia, can also influence the progression of diabetic retinopathy.

**Disclaimer:** This assessment is for informational purposes only and should not be considered a substitute for professional medical advice. A qualified ophthalmologist should be consulted for a complete evaluation and management plan.
",35.7
18970_right,2,zero_shot,"Okay, based on the retinal fundus image provided, here's a description of the findings and an assessment of the diabetic retinopathy severity:

**Findings:**

*   **Macular Edema:** There is evidence of macular edema, indicated by the presence of fluid accumulation in the macula. This is a common complication of diabetic retinopathy.
*   **Microaneurysms:** Microaneurysms are present, which are small, red dots that represent weakened blood vessel walls.
*   **Cotton Wool Spots:** Cotton wool spots are also visible, which are white or yellowish patches on the retina that indicate nerve fiber layer infarcts (areas of nerve damage due to lack of blood supply).
*   **Hemorrhages:** There are hemorrhages present, which are areas of bleeding within the retina.
*   **Hard Exudates:** Hard exudates are present, which are yellowish, waxy deposits that represent lipid and protein leakage from damaged blood vessels.

**Diabetic Retinopathy Severity Assessment:**

Based on the presence of microaneurysms, cotton wool spots, hemorrhages, and macular edema, the diabetic retinopathy severity is likely **moderate to severe**.

**Explanation:**

*   The presence of microaneurysms and cotton wool spots indicates that there is significant damage to the retinal blood vessels.
*   The presence of hemorrhages and macular edema further suggests that the disease is progressing.
*   Macular edema is a particularly concerning finding, as it can significantly impair central vision.

**Important Considerations:**

*   This assessment is based solely on the provided image. A comprehensive evaluation would require a complete ophthalmologic examination, including visual acuity testing, fundus photography, and potentially other diagnostic tests.
*   The severity of diabetic retinopathy can vary from person to person, and the findings in the image may not be representative of the overall condition.
*   The presence of macular edema can be a significant cause of vision loss, and it is important to manage this condition effectively.

**Recommendations:**

*   The patient should be referred to an ophthalmologist for a comprehensive evaluation and management plan.
*   The ophthalmologist may recommend laser photocoagulation, intravitreal injections of anti-VEGF medications, or other treatments to reduce macular edema and prevent further vision loss.
*   The patient should also be educated about the importance of controlling blood sugar levels, blood pressure, and cholesterol to prevent further progression of diabetic retinopathy.

**Disclaimer:** This",46.9
2613_right,2,zero_shot,"Okay, based on the retinal fundus image you provided, here's a description of the findings and an assessment of the diabetic retinopathy severity:

**Findings:**

*   **Microaneurysms:** These are small, red dots representing ruptures in the capillary walls. They are the hallmark of diabetic retinopathy. The image shows numerous microaneurysms, particularly in the macula and peripheral retina.
*   **Cotton Wool Spots:** These are fluffy, white patches indicating nerve fiber layer infarcts (areas of ischemia). They are also present in the image, suggesting some degree of retinal ischemia.
*   **Hemorrhages:** There are some visible hemorrhages, which are bleeding from damaged blood vessels.
*   **Macular Edema:** The presence of edema in the macula is a significant finding, as it can lead to vision loss.

**Diabetic Retinopathy Severity Assessment:**

Based on the presence of microaneurysms, cotton wool spots, and hemorrhages, the diabetic retinopathy severity is likely **moderate to severe**.

**Explanation:**

*   The presence of microaneurysms indicates that the patient has diabetic retinopathy.
*   The presence of cotton wool spots suggests retinal ischemia, which can lead to vision loss.
*   The presence of hemorrhages indicates that the blood vessels are leaking.
*   The presence of macular edema is a significant finding, as it can lead to vision loss.

**Important Considerations:**

*   This assessment is based solely on the provided image. A comprehensive evaluation would require a complete ophthalmologic examination, including visual acuity testing, fundus photography, and potentially optical coherence tomography (OCT) and fluorescein angiography.
*   The severity of diabetic retinopathy can vary from person to person, and the presence of other factors, such as hypertension and hyperlipidemia, can also influence the progression of the disease.
*   The presence of macular edema is a significant finding, as it can lead to vision loss.

**Recommendations:**

*   The patient should be referred to an ophthalmologist for a comprehensive evaluation and management plan.
*   The ophthalmologist will likely recommend laser photocoagulation to treat the hemorrhages and cotton wool spots, and intravitreal injections of anti-VEGF medications to treat the macular edema.
*   The patient should also be educated about the importance of controlling their blood sugar, blood pressure, and cholesterol levels to prevent further progression of the disease.

**Disclaimer:** This information is",47.0
38670_left,2,zero_shot,"Okay, I've examined the retinal fundus image. Here's a description of the findings and an assessment of the diabetic retinopathy severity:

**Findings:**

*   **Macular Edema:** There appears to be some evidence of macular edema, indicated by the blurring of the central retinal details.
*   **Microaneurysms:** There are several microaneurysms present, which are small, red dots that represent weakened blood vessel walls.
*   **Hemorrhages:** There are some hemorrhages present, which are areas of bleeding within the retina.
*   **Cotton Wool Spots:** There are some cotton wool spots present, which are white, fluffy patches that represent areas of nerve fiber layer infarction.

**Diabetic Retinopathy Severity Assessment:**

Based on the findings, the diabetic retinopathy severity is likely **moderate**.

**Explanation:**

*   The presence of microaneurysms, hemorrhages, and cotton wool spots indicates diabetic retinopathy.
*   The presence of macular edema suggests that the disease is progressing.
*   The number of findings and their distribution suggest that the disease is not severe, but it is not mild either.

**Important Considerations:**

*   This assessment is based solely on the provided image. A comprehensive evaluation would require a complete ophthalmologic examination, including visual acuity testing, fundus photography, and potentially other diagnostic tests.
*   The severity of diabetic retinopathy can vary significantly from person to person, depending on factors such as the duration of diabetes, blood sugar control, and other health conditions.
*   The presence of macular edema can significantly impact vision and quality of life.

**Recommendations:**

*   The patient should be referred to an ophthalmologist for a comprehensive evaluation and management plan.
*   The ophthalmologist will likely recommend monitoring the condition with regular fundus examinations.
*   Management options may include laser photocoagulation, intravitreal injections of anti-VEGF medications, or other treatments to reduce macular edema and prevent further vision loss.
*   Strict blood sugar control is essential to prevent the progression of diabetic retinopathy.

**Disclaimer:** This information is for educational purposes only and should not be considered medical advice. It is essential to consult with a qualified ophthalmologist for diagnosis and treatment of any eye condition.
",43.6
3418_right,2,zero_shot,"Okay, I've examined the retinal fundus image. Here's a description of the findings and an assessment of the diabetic retinopathy severity:

**Description of Findings:**

*   **Macula:** The macula appears relatively clear, with no significant edema or hemorrhages.
*   **Retinal Vessels:** There are some signs of microaneurysms, which are small, abnormal bulges in the walls of the retinal blood vessels.
*   **Cotton Wool Spots:** There are some cotton wool spots, which are white, fluffy patches on the retina that represent areas of nerve fiber layer infarction.
*   **Hemorrhages:** There are some small hemorrhages present.
*   **Optic Disc:** The optic disc appears normal.

**Diabetic Retinopathy Severity Assessment:**

Based on the findings, the diabetic retinopathy severity is likely **Mild to Moderate**.

**Explanation:**

*   The presence of microaneurysms, cotton wool spots, and hemorrhages indicates diabetic retinopathy.
*   The number and size of these findings suggest that the disease is not severe.
*   The absence of significant macular edema or neovascularization (new blood vessel growth) further supports a lower severity classification.

**Important Considerations:**

*   This assessment is based solely on the provided image. A comprehensive evaluation would require a complete ophthalmologic examination, including visual acuity testing, fundus photography, and potentially other imaging modalities (e.g., OCT).
*   The severity of diabetic retinopathy can vary significantly from person to person, and the classification can change over time.
*   This information is for educational purposes only and should not be considered medical advice. It is essential to consult with a qualified ophthalmologist for diagnosis and treatment of any eye condition.

**Recommendations:**

*   Regular follow-up with an ophthalmologist is crucial for monitoring the progression of diabetic retinopathy and managing the condition effectively.
*   Strict blood sugar control, blood pressure management, and a healthy lifestyle are essential for preventing further damage to the retina.
*   The ophthalmologist may recommend laser treatment or other interventions to address specific findings and prevent vision loss.

I hope this assessment is helpful. Please let me know if you have any other questions.
",42.4
21024_left,2,zero_shot,"Okay, I've examined the retinal fundus image. Here's a description of the findings and an assessment of the diabetic retinopathy severity:

**Description of Findings:**

*   **Macular Edema:** There is evidence of macular edema, characterized by fluid accumulation in the macula. This is indicated by the blurring of the central retinal details.
*   **Microaneurysms:** Microaneurysms are present, which are small, red dots that represent weakened blood vessel walls.
*   **Hemorrhages:** There are several hemorrhages present, which are areas of bleeding within the retina.
*   **Cotton Wool Spots:** Cotton wool spots, which are white, fluffy patches, are also visible. These represent areas of nerve fiber layer infarction.
*   **Retinal Vein Occlusion:** There is a retinal vein occlusion, which is a blockage of a retinal vein.

**Diabetic Retinopathy Severity Assessment:**

Based on the findings, the diabetic retinopathy severity is likely **moderate to severe**.

*   The presence of microaneurysms, hemorrhages, and cotton wool spots indicates a significant level of retinal damage.
*   The macular edema further complicates the situation, as it can lead to vision loss.
*   The retinal vein occlusion is a serious finding that can cause further retinal damage.

**Important Considerations:**

*   This assessment is based solely on the provided image. A comprehensive evaluation would require a complete ophthalmological examination, including visual acuity testing, fundus photography, and potentially other imaging modalities.
*   The severity of diabetic retinopathy can vary depending on the individual's blood sugar control, other health conditions, and the duration of diabetes.
*   The presence of macular edema can significantly impact vision, even in the absence of other severe findings.

**Recommendations:**

Given the findings, I would recommend the following:

*   **Referral to a retinal specialist:** A comprehensive evaluation by a retinal specialist is crucial for accurate diagnosis and management.
*   **Blood sugar control:** Strict blood sugar control is essential to prevent further progression of diabetic retinopathy.
*   **Anti-VEGF injections:** Anti-VEGF injections may be necessary to reduce macular edema and improve vision.
*   **Laser photocoagulation:** Laser photocoagulation may be used to treat hemorrhages and neovascularization (new blood vessel growth).
*   **Regular follow-up:** Regular follow-up appointments with the retinal specialist",46.7
9177_left,2,zero_shot,"Okay, I've examined the retinal fundus image. Here's a description of the findings and an assessment of the diabetic retinopathy severity:

**Description of Findings:**

*   **Macular Edema:** There appears to be some evidence of macular edema, indicated by the blurring of the central retinal details.
*   **Microaneurysms:** There are several microaneurysms present, which are small, abnormal bulges in the walls of the retinal capillaries.
*   **Cotton Wool Spots:** There are some cotton wool spots, which are white, fluffy patches that represent areas of nerve fiber layer infarction (ischemia).
*   **Hemorrhages:** There are some hemorrhages present, which are areas of bleeding within the retina.
*   **Arteriolar Narrowing:** The retinal arterioles appear to be narrowed, which is a common finding in diabetic retinopathy.
*   **Retinal Vein Occlusion:** There is a retinal vein occlusion, which is a blockage of a retinal vein.

**Diabetic Retinopathy Severity Assessment:**

Based on the findings, the diabetic retinopathy severity is likely **moderate to severe**.

*   The presence of microaneurysms, cotton wool spots, and hemorrhages indicates a significant level of retinal damage.
*   The macular edema further contributes to the severity, as it can lead to vision loss.
*   The retinal vein occlusion is a serious finding that can cause significant retinal damage.

**Important Considerations:**

*   This assessment is based solely on the provided image. A comprehensive evaluation would require a complete ophthalmological examination, including visual acuity testing, fundus photography, and potentially other diagnostic tests.
*   The severity of diabetic retinopathy can vary depending on the individual's overall health, blood sugar control, and other factors.
*   The presence of macular edema can significantly impact vision, and treatment options are available to help manage it.

**Disclaimer:** This information is for educational purposes only and should not be considered medical advice. It is essential to consult with a qualified ophthalmologist for a proper diagnosis and treatment plan.
",40.4
22712_left,2,zero_shot,"Okay, based on the retinal fundus image provided, here's a description of the findings and an assessment of the diabetic retinopathy severity:

**Description of Findings:**

*   **Cotton Wool Spots:** These are fluffy, white lesions representing areas of retinal nerve fiber layer infarction. They are scattered throughout the image, particularly in the nerve fiber layer.
*   **Microaneurysms:** These are small, red dots representing outpouchings of the retinal capillaries. They are present in the nerve fiber layer, particularly in the periphery.
*   **Hard Exudates:** These are yellow, waxy lesions representing lipid deposits in the retina. They are present in the nerve fiber layer, particularly in the periphery.
*   **Hemorrhages:** There are several hemorrhages present, which are areas of blood leakage from damaged blood vessels. They are present in the nerve fiber layer, particularly in the periphery.
*   **Macular Edema:** There is evidence of macular edema, which is fluid accumulation in the macula, the central part of the retina responsible for central vision. This is indicated by the blurring of the retinal details in the macula.
*   **Optic Disc:** The optic disc appears normal.

**Diabetic Retinopathy Severity Assessment:**

Based on the findings, the diabetic retinopathy severity is likely **severe**.

**Reasoning:**

*   The presence of cotton wool spots, microaneurysms, hard exudates, and hemorrhages indicates significant retinal damage due to diabetic retinopathy.
*   The presence of macular edema further complicates the situation, as it can lead to vision loss.
*   The combination of these findings suggests that the patient has progressed to a more advanced stage of diabetic retinopathy.

**Important Considerations:**

*   This assessment is based solely on the provided image. A comprehensive evaluation would require a complete ophthalmologic examination, including visual acuity testing, fundus photography, and potentially other diagnostic tests.
*   The severity of diabetic retinopathy can vary depending on the individual's glycemic control, blood pressure, and other factors.
*   The presence of macular edema can significantly impact vision, and treatment may be necessary to prevent further vision loss.

**Disclaimer:** This information is for educational purposes only and should not be considered medical advice. It is essential to consult with a qualified ophthalmologist for a proper diagnosis and treatment plan.",45.0
6624_right,2,zero_shot,"Okay, based on the retinal fundus image provided, here's a description of the findings and an assessment of the diabetic retinopathy severity:

**Description of Findings:**

*   **Macular Edema:** There is evidence of macular edema, characterized by a hazy, indistinct appearance of the macula. This is a common finding in diabetic retinopathy and can cause blurred central vision.
*   **Microaneurysms:** There are several small, red dots (microaneurysms) present, particularly in the nerve fiber layer. These are a hallmark of diabetic retinopathy and indicate damage to the small blood vessels.
*   **Cotton Wool Spots:** There are some white, fluffy patches (cotton wool spots) visible, indicating areas of retinal nerve fiber layer infarction. These are also a sign of diabetic retinopathy.
*   **Retinal Hemorrhages:** There are some small hemorrhages present, which are also a sign of diabetic retinopathy.
*   **Normal Retina:** The overall appearance of the retina is relatively normal, with no significant areas of atrophy or other severe abnormalities.

**Diabetic Retinopathy Severity Assessment:**

Based on the findings, the diabetic retinopathy severity is likely **moderate**.

Here's why:

*   The presence of microaneurysms, cotton wool spots, and hemorrhages indicates that the disease is present.
*   The macular edema is a significant finding that can affect vision.
*   The absence of severe retinal changes (like significant neovascularization or tractional changes) suggests that the disease is not at the most advanced stage.

**Important Considerations:**

*   This assessment is based solely on the provided image. A comprehensive evaluation would require a complete ophthalmologic examination, including visual acuity testing, fundus photography, and potentially other diagnostic tests (like optical coherence tomography (OCT) to assess the macular edema).
*   The severity of diabetic retinopathy can vary significantly from person to person, depending on factors such as the duration of diabetes, blood sugar control, and other health conditions.
*   The presence of macular edema can significantly impact vision, even in the absence of other severe findings.

**Recommendations:**

*   The patient should be referred to an ophthalmologist for a comprehensive evaluation of their diabetic retinopathy.
*   The ophthalmologist will be able to provide a more accurate assessment of the severity of the disease and recommend appropriate treatment options.
*   Management of diabetic retinopathy typically involves controlling blood sugar levels, blood pressure, and cholesterol, as",47.3
5213_right,2,zero_shot,"Okay, I've reviewed the retinal fundus image. Here's a description of the findings and an assessment of the diabetic retinopathy severity:

**Description of Findings:**

*   **Macula:** The macula appears relatively clear, with no obvious signs of significant macular edema or drusen.
*   **Retinal Vessels:** There are some signs of microaneurysms, which are small, abnormal bulges in the walls of the retinal blood vessels. These are a hallmark of diabetic retinopathy.
*   **Cotton Wool Spots:** There are some cotton wool spots, which are white, fluffy patches on the retina that represent areas of nerve fiber layer infarction (damage to the nerve fibers).
*   **Hemorrhages:** There are some hemorrhages, which are small areas of bleeding within the retina.
*   **Other:** The image quality is adequate, and there are no obvious signs of significant retinal detachment or other major complications.

**Diabetic Retinopathy Severity Assessment:**

Based on the findings, the diabetic retinopathy severity appears to be **Mild to Moderate**.

**Explanation:**

*   The presence of microaneurysms, cotton wool spots, and hemorrhages indicates diabetic retinopathy.
*   The number and size of these findings suggest that the disease is not yet at the stage of proliferative diabetic retinopathy (PDR), which is the most severe form.
*   The absence of significant macular edema or retinal detachment further supports a lower severity classification.

**Important Considerations:**

*   This assessment is based solely on the provided image. A comprehensive evaluation would require a complete ophthalmological examination, including measurements of the retinal thickness, assessment of the optic nerve, and possibly other tests.
*   The severity of diabetic retinopathy can vary significantly from person to person, and the findings in this image may not be representative of the overall condition.
*   It is crucial to follow up with an ophthalmologist for regular monitoring and management of diabetic retinopathy.

**Disclaimer:**

This information is for educational purposes only and should not be considered medical advice. It is essential to consult with a qualified ophthalmologist for a proper diagnosis and treatment plan.
",40.9
1178_right,2,zero_shot,"Okay, based on the retinal fundus image you sent, here's a description of the findings and an assessment of the diabetic retinopathy severity:

**Findings:**

*   **Microaneurysms:** These are small, red dots representing ruptures in the capillary walls. They are a hallmark of diabetic retinopathy. I see several scattered throughout the image, particularly in the nerve fiber layer.
*   **Hemorrhages:** There are several areas of bleeding visible, which are also indicative of diabetic retinopathy. These appear as red or dark spots.
*   **Cotton Wool Spots:** These are fluffy, white patches representing areas of retinal nerve fiber layer infarction (ischemia). They are also a sign of diabetic retinopathy.
*   **Hard Exudates:** These are yellowish, waxy deposits that represent lipid and protein leakage from damaged blood vessels. They are a sign of more advanced diabetic retinopathy.
*   **Macular Edema:** There is evidence of fluid accumulation in the macula, which is the central part of the retina responsible for central vision. This can cause blurred vision.
*   **Retinal Vein Occlusion:** There is a possible retinal vein occlusion, which is a blockage of a retinal vein. This can lead to retinal hemorrhages and edema.

**Diabetic Retinopathy Severity Assessment:**

Based on the findings, the diabetic retinopathy severity appears to be **moderate to severe**.

*   The presence of microaneurysms, hemorrhages, cotton wool spots, and macular edema all point to a significant level of retinal damage.
*   The presence of hard exudates suggests that the disease has been present for some time and is causing more significant leakage.
*   The possible retinal vein occlusion further indicates a more advanced stage of the disease.

**Important Considerations:**

*   This assessment is based solely on the provided image. A comprehensive evaluation would require a complete ophthalmological examination, including visual acuity testing, fundus photography, and potentially other imaging modalities (e.g., OCT, fluorescein angiography).
*   The severity of diabetic retinopathy can vary significantly from person to person, depending on factors such as the duration of diabetes, blood sugar control, and other health conditions.
*   The presence of macular edema can significantly impact vision and requires prompt management.

**Recommendations:**

*   **Immediate referral to an ophthalmologist is strongly recommended.** The ophthalmologist can perform a thorough examination, confirm the diagnosis, and develop a personalized treatment plan.
*   ",46.9
8455_right,2,zero_shot,"Okay, based on the retinal fundus image provided, here's a description of the findings and an assessment of the diabetic retinopathy severity:

**Description of Findings:**

*   **Macular Edema:** There is evidence of macular edema, indicated by the presence of fluid accumulation in the macula. This is a common complication of diabetic retinopathy.
*   **Microaneurysms:** Microaneurysms are visible, which are small, abnormal bulges in the walls of the retinal capillaries. These are a hallmark of diabetic retinopathy.
*   **Hemorrhages:** There are several hemorrhages present, which are areas of bleeding within the retina. These can be dot-blot hemorrhages or flame-shaped hemorrhages.
*   **Cotton Wool Spots:** Cotton wool spots are also present, which are white, fluffy patches on the retina. These represent areas of nerve fiber layer infarction due to ischemia.
*   **Blood Vessel Changes:** There are signs of blood vessel changes, such as arteriolar narrowing and tortuosity, which are typical of diabetic retinopathy.

**Diabetic Retinopathy Severity Assessment:**

Based on the findings, the diabetic retinopathy severity is likely **moderate to severe**.

*   The presence of microaneurysms, hemorrhages, and cotton wool spots indicates a significant level of retinal damage.
*   The macular edema further complicates the situation, as it can lead to vision loss.

**Important Considerations:**

*   This assessment is based solely on the provided image. A comprehensive evaluation would require a complete ophthalmologic examination, including visual acuity testing, fundus photography, and potentially other diagnostic tests.
*   The severity of diabetic retinopathy can vary from person to person, and the presence of other factors, such as hypertension and smoking, can also influence the progression of the disease.
*   The presence of macular edema can be assessed with optical coherence tomography (OCT) to determine the extent of fluid accumulation and its impact on the macula.

**Recommendations:**

*   The patient should be referred to an ophthalmologist for a comprehensive evaluation and management plan.
*   The ophthalmologist will likely recommend monitoring the condition with regular fundus examinations and OCT scans.
*   Treatment options for diabetic retinopathy may include laser photocoagulation, intravitreal injections of anti-VEGF medications, and/or vitrectomy surgery.

**Disclaimer:** This information is for educational purposes only and should not be considered medical advice. It is essential to consult",47.2
15696_left,2,zero_shot,"Okay, based on the retinal fundus image provided, here's a detailed description and assessment of the diabetic retinopathy severity:

**Findings:**

*   **Widespread Retinal Hemorrhages:** There are numerous, small to medium-sized retinal hemorrhages present throughout the fundus. These are often described as ""dot and blot"" hemorrhages.
*   **Cotton Wool Spots:** These are fluffy, white lesions representing areas of retinal nerve fiber layer infarction. They are also widespread throughout the fundus.
*   **Microaneurysms:** These are small, red, roundish lesions that represent outpouchings of the retinal capillaries. They are present, but their density is difficult to precisely assess in this image.
*   **Macular Edema:** The macula, the central part of the retina responsible for sharp central vision, appears to have significant edema (swelling). This is indicated by the blurring of the retinal details in the macula.
*   **Vitreous Hemorrhage:** There is a significant amount of blood in the vitreous humor, the clear gel that fills the space between the lens and the retina. This is a serious finding.
*   **Arteriolar Narrowing:** The retinal arterioles (small blood vessels) appear narrowed, which is a common finding in diabetic retinopathy.
*   **Peripapillary Hem:** There is some evidence of blood leaking around the optic disc (peripapillary hemorrhages).

**Diabetic Retinopathy Severity Assessment:**

Based on these findings, the diabetic retinopathy severity is **Severe**.

**Justification:**

*   The presence of widespread retinal hemorrhages, cotton wool spots, and macular edema indicates a high level of retinal damage.
*   The vitreous hemorrhage is a significant complication that can lead to vision loss.
*   The arteriolar narrowing suggests chronic hyperglycemia and vascular damage.

**Important Considerations:**

*   This assessment is based solely on the provided image. A comprehensive evaluation would require a complete ophthalmic examination, including visual acuity testing, fundus photography, and potentially other imaging modalities (e.g., OCT, fluorescein angiography).
*   The severity of diabetic retinopathy can vary depending on the individual's glycemic control, blood pressure, and other factors.
*   The presence of a vitreous hemorrhage can significantly impact the patient's vision and may require prompt treatment to prevent further complications.

**Recommendations:**

*   The patient should be referred to an ophthalmologist",46.7
4403_left,2,zero_shot,"Okay, based on the retinal fundus image you provided, here's a description of the findings and an assessment of the diabetic retinopathy severity:

**Description of Findings:**

*   **Macular Edema:** There is evidence of macular edema, characterized by fluid accumulation in the macula. This is indicated by the blurring of the central retinal details and the presence of a ""cotton wool spot"" in the macula.
*   **Microaneurysms:** There are numerous microaneurysms present, which are small, abnormal bulges in the walls of retinal capillaries. These are a hallmark of diabetic retinopathy.
*   **Hemorrhages:** There are several hemorrhages present, which are bleeding within the retina. These are also a common finding in diabetic retinopathy.
*   **Cotton Wool Spots:** There are cotton wool spots, which are white, fluffy patches on the retina. These represent areas of retinal nerve fiber layer infarction due to ischemia.
*   **Hyperpigmentation:** There is some hyperpigmentation in the fundus, which can be associated with chronic retinal changes.
*   **Optic Disc:** The optic disc appears relatively normal, although it can be affected by diabetic optic neuropathy in some cases.

**Diabetic Retinopathy Severity Assessment:**

Based on the findings described above, the diabetic retinopathy severity is likely **moderate to severe**.

Here's why:

*   The presence of microaneurysms, hemorrhages, and cotton wool spots indicates a significant level of retinal damage.
*   The macular edema further complicates the situation, as it can lead to vision loss.
*   The presence of cotton wool spots indicates a significant level of retinal ischemia.

**Important Considerations:**

*   This assessment is based solely on the provided image. A comprehensive evaluation would require a complete ophthalmologic examination, including visual acuity testing, fundus photography, and potentially other diagnostic tests.
*   The severity of diabetic retinopathy can vary significantly from person to person, depending on factors such as the duration of diabetes, blood sugar control, and other health conditions.
*   The presence of macular edema can significantly impact vision, and it's important to manage this condition effectively to prevent further vision loss.

**Recommendations:**

*   **Consult with an ophthalmologist:** It is crucial to consult with an ophthalmologist for a comprehensive evaluation and management plan.
*   **Blood Sugar Control:** Strict blood sugar control is essential to slow the progression of diabetic retinopathy",46.8
33876_left,2,zero_shot,"Okay, I've reviewed the retinal fundus image. Here's a description of the findings and an assessment of the diabetic retinopathy severity:

**Description of Findings:**

*   **Macula:** The macula appears relatively clear, with no significant edema or hemorrhages.
*   **Retinal Vessels:** There are some signs of microaneurysms, which are small, abnormal bulges in the walls of the retinal blood vessels. These are a hallmark of diabetic retinopathy.
*   **Cotton Wool Spots:** There are some cotton wool spots, which are white, fluffy patches on the retina. These represent areas of nerve fiber layer infarction (ischemia) due to the damaged blood vessels.
*   **Hemorrhages:** There are some small hemorrhages present, which are bleeding within the retina.
*   **Optic Disc:** The optic disc appears normal in appearance.

**Diabetic Retinopathy Severity Assessment:**

Based on the findings, the diabetic retinopathy severity is likely **Mild to Moderate**.

Here's a breakdown of why:

*   **Microaneurysms:** The presence of microaneurysms indicates diabetic retinopathy.
*   **Cotton Wool Spots:** The presence of cotton wool spots suggests some degree of retinal ischemia.
*   **Hemorrhages:** The presence of hemorrhages indicates some degree of vascular damage.

The absence of significant macular edema or neovascularization (new blood vessel growth) suggests that the condition is not severe.

**Important Considerations:**

*   This assessment is based solely on the provided image. A comprehensive evaluation would require a full dilated fundus examination, including assessment of the peripheral retina, optic disc, and other structures.
*   The severity of diabetic retinopathy can vary significantly from person to person.
*   This information is for educational purposes only and should not be considered medical advice. It is essential to consult with an ophthalmologist for a proper diagnosis and treatment plan.

**Recommendations:**

*   The patient should be monitored regularly by an ophthalmologist to assess for progression of diabetic retinopathy.
*   Blood glucose control is crucial to prevent further damage to the retinal blood vessels.
*   Other risk factors for diabetic retinopathy, such as hypertension and hyperlipidemia, should be managed appropriately.

I hope this assessment is helpful. Please let me know if you have any other questions.
",44.6
26108_right,2,zero_shot,"Okay, I've reviewed the retinal fundus image. Here's a description of the findings and an assessment of the diabetic retinopathy severity:

**Description of Findings:**

*   **Macula:** The macula appears relatively clear, with no significant edema or hemorrhages.
*   **Retinal Vessels:** The retinal vessels are present and appear generally normal in caliber.
*   **Fovea:** The fovea appears to be well-defined.
*   **Retinal Hemorrhages:** There is a small dot of hemorrhage in the macula.
*   **Cotton Wool Spots:** There are a few small cotton wool spots present.
*   **Other:** The image is generally well-exposed and shows good detail.

**Diabetic Retinopathy Severity Assessment:**

Based on the findings, the diabetic retinopathy severity is likely **Mild to Moderate**.

Here's the reasoning:

*   **Presence of Hemorrhages:** The presence of a small dot of hemorrhage in the macula is a sign of diabetic retinopathy.
*   **Presence of Cotton Wool Spots:** The presence of cotton wool spots is a sign of diabetic retinopathy.
*   **No Significant Macular Edema:** The absence of significant macular edema is a positive finding.
*   **No Significant Retinal Vein Occlusion:** The absence of retinal vein occlusion is a positive finding.

**Important Considerations:**

*   **This is a preliminary assessment based on a single image.** A comprehensive evaluation requires a full dilated fundus examination, including assessment of the peripheral retina, optic disc, and other relevant structures.
*   **The severity of diabetic retinopathy can change over time.** Regular follow-up examinations are crucial to monitor for progression or regression of the disease.
*   **Other factors, such as the patient's blood sugar control and other medical conditions, can also influence the severity of diabetic retinopathy.**

**Recommendations:**

*   **Referral to an ophthalmologist for a comprehensive dilated fundus examination.**
*   **Discussion of management options, which may include lifestyle modifications, blood sugar control, and laser treatment.**

**Disclaimer:** This assessment is for informational purposes only and should not be considered a substitute for professional medical advice. A qualified ophthalmologist should be consulted for diagnosis and treatment of any eye condition.
",43.9
10112_left,2,zero_shot,"Okay, I've reviewed the retinal fundus image. Here's a description of the findings and an assessment of the diabetic retinopathy severity:

**Description of Findings:**

*   **Macula:** The macula appears relatively clear, with no obvious signs of significant macular edema or drusen.
*   **Retinal Vessels:** The retinal vessels are present, and there are some signs of microaneurysms.
*   **Cotton Wool Spots:** There are some cotton wool spots present.
*   **Hemorrhages:** There are some hemorrhages present.
*   **Optic Disc:** The optic disc appears normal.

**Diabetic Retinopathy Severity Assessment:**

Based on the findings, the diabetic retinopathy severity is likely **Mild to Moderate**.

Here's a breakdown of why:

*   **Microaneurysms:** The presence of microaneurysms is a hallmark of diabetic retinopathy.
*   **Cotton Wool Spots:** The presence of cotton wool spots indicates retinal nerve fiber layer infarction, which is a sign of more advanced diabetic retinopathy.
*   **Hemorrhages:** The presence of hemorrhages indicates more advanced diabetic retinopathy.

**Important Considerations:**

*   **This is a preliminary assessment based on a single image.** A comprehensive evaluation requires a full dilated fundus examination, including assessment of the peripheral retina, optic disc, and other structures.
*   **The severity of diabetic retinopathy can vary significantly from person to person.** Factors such as duration of diabetes, glycemic control, and other medical conditions can influence the progression of the disease.
*   **This assessment does not replace a consultation with a qualified ophthalmologist.** A comprehensive eye exam is essential for accurate diagnosis and management of diabetic retinopathy.

**Recommendations:**

*   **Consult with an ophthalmologist for a comprehensive eye exam.**
*   **Discuss the findings with the ophthalmologist and follow their recommendations for management.** This may include monitoring the condition, lifestyle modifications, and/or treatment with laser or injections.

**Disclaimer:** I am an AI and cannot provide medical advice. This assessment is for informational purposes only and should not be considered a substitute for professional medical evaluation.
",42.1
15914_left,2,zero_shot,"Okay, I've reviewed the retinal fundus image. Here's a description of the findings and an assessment of the diabetic retinopathy severity:

**Findings:**

*   **Cotton Wool Spots:** These are fluffy, white lesions representing areas of retinal nerve fiber layer infarction. They are present in the nerve fiber layer, particularly in the nerve fiber layer.
*   **Microaneurysms:** These are small, red dots representing outpouchings of the retinal capillaries. They are present in the nerve fiber layer.
*   **Hemorrhages:** There are some hemorrhages present, which are areas of blood leakage from damaged blood vessels.
*   **Macular Edema:** There is evidence of macular edema, which is fluid accumulation in the macula, the central part of the retina responsible for sharp, central vision.
*   **Hyperpigmentation:** There is some hyperpigmentation in the fundus.

**Diabetic Retinopathy Severity Assessment:**

Based on the findings, the diabetic retinopathy severity is likely **Moderate to Severe**.

**Explanation:**

*   The presence of cotton wool spots, microaneurysms, and hemorrhages indicates a significant level of retinal damage.
*   The presence of macular edema further complicates the situation, as it can lead to vision loss.
*   The overall picture suggests that the patient has a substantial amount of diabetic retinopathy affecting both the microvasculature and the macula.

**Important Considerations:**

*   This assessment is based solely on the provided image. A comprehensive evaluation would require a complete ophthalmologic examination, including visual acuity testing, fundus photography, and potentially other imaging modalities (e.g., OCT, fluorescein angiography).
*   The severity of diabetic retinopathy can vary significantly from person to person, depending on factors such as the duration of diabetes, glycemic control, and other health conditions.
*   The presence of macular edema can be a significant cause of vision loss in diabetic retinopathy.

**Recommendations:**

*   The patient should be referred to an ophthalmologist for a comprehensive evaluation and management plan.
*   The ophthalmologist will likely recommend monitoring the condition with regular fundus examinations.
*   Management options may include laser photocoagulation, intravitreal injections of anti-VEGF medications, and/or other treatments to reduce macular edema and prevent further vision loss.
*   Strict glycemic control is essential to slow the progression of diabetic retinopathy.

**Disclaimer:** This information is for educational",47.0
9452_left,2,zero_shot,"Okay, I've reviewed the retinal fundus image. Here's a description of the findings and an assessment of the diabetic retinopathy severity:

**Description of Findings:**

*   **Microaneurysms:** These are small, red dots representing ruptures in the capillary walls. They are the hallmark of diabetic retinopathy. I see numerous microaneurysms scattered throughout the retina, particularly in the nerve fiber layer.
*   **Hemorrhages:** There are several hemorrhages present, appearing as red or slightly yellowish areas. These are likely from the rupture of microaneurysms or from damaged blood vessels.
*   **Cotton Wool Spots:** These are fluffy, white patches representing areas of retinal nerve fiber layer infarction (ischemia). I observe some cotton wool spots, indicating areas of retinal ischemia.
*   **Hard Exudates:** These are yellowish, waxy lesions that represent lipid and protein deposits in the retina. They are a sign of more advanced diabetic retinopathy.
*   **Macular Edema:** There is evidence of macular edema, which is swelling of the macula (the central part of the retina responsible for central vision). This is indicated by the presence of fluid in the macula, which appears as a hazy or indistinct area.
*   **Retinal Vein Occlusion:** There is a possible retinal vein occlusion, which is a blockage of a retinal vein. This is indicated by the presence of hemorrhages and cotton wool spots in the area of the affected vein.
*   **Normal Fundus:** The optic disc and retinal vessels appear relatively normal, suggesting that there is no significant optic nerve damage or widespread vascular occlusion.

**Diabetic Retinopathy Severity Assessment:**

Based on the findings, the diabetic retinopathy severity is likely **moderate to severe**.

*   The presence of numerous microaneurysms, hemorrhages, and cotton wool spots indicates a significant level of retinal damage.
*   The presence of macular edema further complicates the situation, as it can lead to vision loss.
*   The possible retinal vein occlusion adds to the severity of the condition.

**Important Considerations:**

*   This assessment is based solely on the provided image. A comprehensive evaluation would require a complete ophthalmologic examination, including visual acuity testing, fundus photography, and potentially other imaging modalities (e.g., OCT, fluorescein angiography).
*   The severity of diabetic retinopathy can vary significantly from person to person, depending on factors such as the duration of diabetes",47.0
99_right,3,zero_shot,"Okay, I've reviewed the retinal fundus image. Here's a description of the findings and an assessment of the diabetic retinopathy severity:

**Findings:**

*   **Macular Edema:** There is evidence of macular edema, characterized by fluid accumulation in the macula. This is indicated by the blurring of the central retinal details.
*   **Microaneurysms:** Microaneurysms are present, which are small, red dots that represent weakened blood vessel walls.
*   **Hemorrhages:** There are several hemorrhages present, which are areas of bleeding within the retina.
*   **Cotton Wool Spots:** Cotton wool spots, which are white, fluffy patches, are also visible. These represent areas of nerve fiber layer infarction.
*   **Vitreous Hemorrhage:** There is a vitreous hemorrhage, which is bleeding into the vitreous gel, the clear fluid that fills the eye. This is indicated by the obscuration of the fundus details.

**Diabetic Retinopathy Severity Assessment:**

Based on the findings, the diabetic retinopathy severity is likely **severe**.

*   The presence of macular edema, hemorrhages, cotton wool spots, and vitreous hemorrhage all indicate a high level of retinal damage and dysfunction.
*   The vitreous hemorrhage significantly impairs the ability to visualize the retina, making a more detailed assessment difficult.

**Important Considerations:**

*   This assessment is based solely on the provided image. A comprehensive evaluation would require a complete ophthalmologic examination, including visual acuity testing, fundus photography, and potentially other imaging modalities (e.g., optical coherence tomography (OCT), fluorescein angiography).
*   The severity of diabetic retinopathy can vary significantly from person to person, depending on factors such as the duration of diabetes, glycemic control, and other health conditions.
*   The presence of macular edema can significantly impact visual function, even in the absence of other severe findings.

**Recommendations:**

Given the findings, I would recommend the following:

*   **Immediate referral to an ophthalmologist:** A comprehensive evaluation is necessary to confirm the diagnosis, assess the extent of retinal damage, and determine the best course of treatment.
*   **Management of macular edema:** Treatment options for macular edema may include intravitreal injections of anti-VEGF medications, laser photocoagulation, or other interventions.
*   **Management of vitreous hemorrhage:** The management of vitreous hemorrhage depends on the severity of the bleeding and the",46.8
20905_left,3,zero_shot,"Okay, based on the retinal fundus image provided, here's a detailed description and assessment of the diabetic retinopathy severity:

**Findings:**

*   **Widespread Hemorrhages:** There are numerous, small to medium-sized hemorrhages scattered throughout the retina. These are likely microaneurysms and dot-blot hemorrhages.
*   **Cotton Wool Spots:** These are fluffy, white patches representing areas of retinal nerve fiber layer infarction. They are present in multiple locations.
*   **Hard Exudates:** These are yellowish, waxy lesions that represent lipid and protein deposits. They are also present in multiple locations.
*   **Macular Edema:** There is evidence of fluid accumulation in the macula, which is the central part of the retina responsible for sharp, central vision. This is indicated by the blurring of the retinal details in the macula.
*   **Vitreous Hemorrhage:** There is a significant amount of blood in the vitreous humor, the clear gel that fills the space between the lens and the retina. This is a serious finding.
*   **Retinal Vein Occlusion:** There are signs of retinal vein occlusion, which is a blockage of a retinal vein. This is indicated by the hemorrhages and cotton wool spots.

**Diabetic Retinopathy Severity Assessment:**

Based on these findings, the diabetic retinopathy severity is **Severe**.

**Explanation:**

The presence of vitreous hemorrhage, significant hemorrhages, cotton wool spots, and macular edema indicates a high level of retinal damage and dysfunction. This level of severity can lead to significant vision loss if not treated promptly.

**Recommendations:**

*   **Immediate Referral:** This patient needs to be referred to an ophthalmologist immediately for further evaluation and management.
*   **Treatment Options:** Treatment options may include:
    *   **Vitrectomy:** Surgical removal of the vitreous gel to clear the blood and allow for better visualization of the retina.
    *   **Anti-VEGF Injections:** Injections of drugs that inhibit vascular endothelial growth factor (VEGF) to reduce leakage and swelling.
    *   **Laser Photocoagulation:** Laser treatment to seal leaking blood vessels and reduce macular edema.
    *   **Intravitreal Steroids:** Steroid injections to reduce inflammation and macular edema.

**Important Considerations:**

*   This assessment is based solely on the provided image. A comprehensive examination by an ophthalmologist is necessary for a",46.7
29097_left,3,zero_shot,"Okay, based on the retinal fundus image provided, here's a description of the findings and an assessment of the diabetic retinopathy severity:

**Findings:**

*   **Widespread Retinal Hemorrhages:** There are numerous hemorrhages present throughout the retina. These appear as bright red spots or streaks. The distribution seems relatively uniform, suggesting a widespread process.
*   **Cotton Wool Spots:** These are fluffy, white patches representing areas of retinal nerve fiber layer infarction. They are also present in multiple locations.
*   **Microaneurysms:** These are small, red dots that represent outpouchings of the retinal capillaries. They are also present, though their density is difficult to precisely quantify without a higher-resolution image.
*   **Macular Edema:** The macula, the central part of the retina responsible for sharp central vision, appears to have some degree of swelling. This is indicated by the blurring of the details in the center of the image.
*   **Vitreous Hemorrhage:** There is a significant amount of blood in the vitreous humor, the clear gel that fills the space between the lens and the retina. This is indicated by the dark, cloudy appearance in the lower part of the image.
*   **Retinal Vein Occlusion:** There is evidence of a retinal vein occlusion, likely a branch retinal vein occlusion, given the location of the hemorrhages.

**Diabetic Retinopathy Severity Assessment:**

Based on these findings, the diabetic retinopathy severity is likely **severe**.

Here's why:

*   **Presence of Hemorrhages, Cotton Wool Spots, and Microaneurysms:** These are all hallmarks of diabetic retinopathy and indicate significant retinal damage.
*   **Macular Edema:** This is a particularly concerning finding, as it can lead to significant vision loss.
*   **Vitreous Hemorrhage:** This is a serious complication that can cause significant visual impairment and even blindness.
*   **Retinal Vein Occlusion:** This is a significant finding that can lead to further retinal damage and vision loss.

**In summary, the image shows a high degree of retinal damage, with widespread hemorrhages, cotton wool spots, microaneurysms, macular edema, and vitreous hemorrhage. This indicates a severe stage of diabetic retinopathy.**

**Important Considerations:**

*   **This assessment is based solely on the provided image.** A comprehensive evaluation would require a complete ophthalmologic examination, including measurements",46.8
36130_left,3,zero_shot,"Okay, based on the retinal fundus image you sent, here's a detailed description and assessment of the diabetic retinopathy severity:

**Findings:**

*   **Widespread Microaneurysms:** The image shows numerous small, red dots (microaneurysms) scattered throughout the retina. These are a hallmark of diabetic retinopathy.
*   **Cotton Wool Spots:** There are also areas of fluffy, white patches (cotton wool spots) present. These represent areas of retinal nerve fiber layer infarction due to ischemia.
*   **Hemorrhages:** There are significant areas of retinal hemorrhages, which are areas of bleeding within the retina. These can be dot-blot hemorrhages, flame-shaped hemorrhages, or larger, more confluent areas of bleeding.
*   **Hard Exudates:** There are also areas of yellow, waxy deposits (hard exudates) present. These are lipid deposits that leak from damaged blood vessels.
*   **Macular Edema:** The macula, the central part of the retina responsible for sharp, central vision, appears to have some degree of swelling (edema). This is indicated by the blurring of the details in the center of the image.
*   **Vitreous Hemorrhage:** There is a significant amount of blood in the vitreous humor (the gel-like substance that fills the eye). This is indicated by the red haze throughout the image.
*   **Retinal Vein Occlusion:** There are signs of retinal vein occlusion, which is a blockage of a retinal vein. This is indicated by the presence of hemorrhages and cotton wool spots in the affected area.

**Severity Assessment:**

Based on these findings, the diabetic retinopathy severity is **severe**.

*   The presence of widespread microaneurysms, cotton wool spots, hemorrhages, hard exudates, and macular edema all point to a high level of retinal damage.
*   The vitreous hemorrhage further indicates the severity of the disease.

**Important Considerations:**

*   **This is a preliminary assessment based on a single image.** A comprehensive evaluation requires a full dilated fundus examination, including assessment of the optic disc, retinal vessels, and the macula.
*   **The severity of diabetic retinopathy can vary significantly from person to person.** Factors such as the duration of diabetes, blood sugar control, blood pressure control, and other health conditions can influence the progression of the disease.
*   **The presence of vitreous hemorrhage can",46.8
32062_right,3,zero_shot,"Okay, based on the retinal fundus image provided, here's a detailed description and assessment of the diabetic retinopathy severity:

**Description of Findings:**

*   **Widespread Retinal Hemorrhages:** There are numerous hemorrhages present throughout the retina, particularly in the nerve fiber layer and inner retinal layers. These appear as bright red spots or streaks.
*   **Cotton Wool Spots:** These are fluffy, white patches representing areas of retinal nerve fiber layer infarction. They are scattered throughout the retina.
*   **Microaneurysms:** These are small, red, roundish lesions that represent outpouchings of the retinal capillaries. They are present, but their density is difficult to precisely quantify without a higher-resolution image.
*   **Macular Edema:** There is evidence of fluid accumulation in the macula, which is the central part of the retina responsible for sharp, central vision. This is indicated by the blurring of the retinal details in the macula.
*   **Vitreous Hemorrhage:** There is a significant amount of blood in the vitreous humor, the clear gel that fills the space between the lens and the retina. This is indicated by the presence of blood in the vitreous.
*   **Neovascularization:** There is evidence of new blood vessel growth (neovascularization) in the retina, particularly in the periphery. These new vessels are fragile and prone to bleeding.
*   **Retinal Vein Occlusion:** There is evidence of retinal vein occlusion, which is indicated by the presence of hemorrhages and cotton wool spots in the retinal veins.

**Assessment of Diabetic Retinopathy Severity:**

Based on the findings described above, the diabetic retinopathy severity is likely **Severe**.

**Justification:**

*   The presence of vitreous hemorrhage, neovascularization, and significant retinal hemorrhages indicates a high level of retinal damage and dysfunction.
*   The macular edema further contributes to the severity, as it can lead to significant visual impairment.
*   The presence of retinal vein occlusion is also a significant finding that contributes to the severity of the disease.

**Important Considerations:**

*   This assessment is based solely on the provided image. A comprehensive evaluation would require a complete ophthalmologic examination, including visual acuity testing, fundus photography, and potentially other imaging modalities (e.g., optical coherence tomography (OCT), fluorescein angiography).
*   The specific classification of diabetic retinopathy severity can vary depending on the grading system used (e",46.8
7623_right,3,zero_shot,"Okay, based on the retinal fundus image provided, here's a detailed description and assessment of the diabetic retinopathy severity:

**Findings:**

*   **Widespread Retinal Hemorrhages:** There are numerous hemorrhages present throughout the retina, particularly in the nerve fiber layer and inner retinal layers. These appear as bright, yellow-orange spots.
*   **Cotton Wool Spots:** These are fluffy, white lesions representing areas of retinal nerve fiber layer infarction. They are also widespread throughout the retina.
*   **Microaneurysms:** These are small, red dots representing outpouchings of the retinal capillaries. They are present, but their density is difficult to precisely quantify without a higher-resolution image.
*   **Macular Edema:** The macula, the central part of the retina responsible for sharp central vision, appears to have significant edema. This is indicated by the blurring and indistinctness of the retinal details in the macula.
*   **Vitreous Hemorrhage:** There is evidence of blood in the vitreous humor, which is the clear gel that fills the space between the lens and the retina. This is indicated by the presence of blood in the vitreous.
*   **Retinal Vein Occlusion:** There are signs of retinal vein occlusion, which is indicated by the presence of hemorrhages and cotton wool spots in the retinal veins.

**Diabetic Retinopathy Severity Assessment:**

Based on these findings, the diabetic retinopathy severity is **severe**.

**Explanation:**

The presence of widespread hemorrhages, cotton wool spots, macular edema, and vitreous hemorrhage indicates a high level of retinal damage and dysfunction. This level of severity can lead to significant vision loss if not treated promptly.

**Important Considerations:**

*   **This is a preliminary assessment based on a single image.** A comprehensive evaluation would require a complete ophthalmologic examination, including visual acuity testing, fundus photography, and potentially other imaging modalities (e.g., optical coherence tomography (OCT), fluorescein angiography).
*   **The specific type and extent of diabetic retinopathy can vary.** The findings in this image may not be representative of the entire retina.
*   **The severity of diabetic retinopathy can change over time.** Regular monitoring is essential to track the progression of the disease and adjust treatment accordingly.

**Recommendations:**

Given the severity of the diabetic retinopathy, the patient should be referred to an ophthalmologist for further evaluation and management. Treatment options may include:

*   **",47.0
2275_left,3,zero_shot,"Okay, based on the retinal fundus image provided, here's a description of the findings and an assessment of the diabetic retinopathy severity:

**Findings:**

*   **Widespread Retinal Hemorrhages:** There are numerous hemorrhages present throughout the retina, particularly in the nerve fiber layer and inner retinal layers. These appear as bright red spots.
*   **Cotton Wool Spots:** These are fluffy, white lesions representing areas of retinal nerve fiber layer infarction. They are also present throughout the retina.
*   **Microaneurysms:** These are small, red, roundish lesions that represent outpouchings of the retinal capillaries. They are present, but their density is difficult to precisely assess in this image.
*   **Macular Edema:** There is evidence of fluid accumulation in the macula, which is the central part of the retina responsible for sharp, central vision. This is indicated by the blurring of the retinal details in the macula.
*   **Vitreous Hemorrhage:** There is a significant amount of blood in the vitreous humor, the clear gel that fills the space between the lens and the retina. This is indicated by the hazy appearance of the fundus.
*   **Possible Neovascularization:** While not definitive, there are some signs that could suggest the presence of new blood vessel growth (neovascularization). This is difficult to assess with certainty in this image, but the presence of hemorrhages and cotton wool spots could be associated with it.

**Diabetic Retinopathy Severity Assessment:**

Based on the findings, the diabetic retinopathy severity is likely **severe**.

*   The presence of vitreous hemorrhage, widespread hemorrhages, cotton wool spots, and macular edema all indicate a high level of retinal damage.
*   The presence of neovascularization is a significant concern, as it can lead to further complications such as tractional retinal detachment and vision loss.

**Important Considerations:**

*   This assessment is based solely on the provided image. A comprehensive evaluation would require a complete ophthalmologic examination, including measurements of the retina, assessment of the optic nerve, and evaluation of the patient's visual acuity.
*   The severity of diabetic retinopathy can vary depending on the individual's glycemic control, blood pressure, and other factors.
*   The presence of neovascularization is a critical factor in determining the prognosis of diabetic retinopathy.

**Recommendations:**

*   The patient should be referred to an ophthalmologist for a comprehensive evaluation and",46.6
3444_right,3,zero_shot,"Okay, based on the retinal fundus image provided, here's a detailed description and assessment of the diabetic retinopathy severity:

**Findings:**

*   **Widespread Microaneurysms:** There are numerous small, red dots (microaneurysms) scattered throughout the retina. These are a hallmark of diabetic retinopathy.
*   **Hemorrhages:** Significant hemorrhages are present, appearing as bright red areas. These are likely from the rupture of microaneurysms and/or damaged blood vessels.
*   **Cotton Wool Spots:** These are fluffy, white patches representing areas of retinal nerve fiber layer infarction (ischemia). They are also a sign of significant retinal damage.
*   **Hard Exudates:** These are yellowish, waxy deposits that represent lipid and protein leakage from damaged blood vessels. They are a sign of more advanced diabetic retinopathy.
*   **Macular Edema:** The macula, the central part of the retina responsible for sharp, central vision, appears to have fluid accumulation (edema). This can cause blurry or distorted central vision.
*   **Vitreous Hemorrhage:** There is evidence of blood in the vitreous humor (the gel-like substance that fills the eye). This can cause floaters or a hazy view of the retina.
*   **Retinal Vein Occlusion:** There are signs of retinal vein occlusion, which can be a cause of diabetic retinopathy.

**Severity Assessment:**

Based on the findings, this patient has **severe diabetic retinopathy**. The presence of widespread microaneurysms, hemorrhages, cotton wool spots, hard exudates, macular edema, and vitreous hemorrhage all point to a very advanced stage of the disease.

**Specific Stages (Based on the AREDS classification):**

*   **Proliferative Diabetic Retinopathy (PDR):** The presence of neovascularization (new blood vessel growth) is not explicitly visible in this image, but the presence of hemorrhages, cotton wool spots, and hard exudates suggests that it is possible.
*   **Diabetic Macular Edema (DME):** The macular edema is a significant finding and can cause vision loss.
*   **Vitreous Hemorrhage:** This is a serious complication that can significantly impair vision.

**Recommendations:**

This patient requires immediate and comprehensive ophthalmological care. The following steps are crucial:

1.  **Intensive Monitoring:** Frequent follow-up appointments are necessary",47.3
2577_right,3,zero_shot,"Okay, I've reviewed the retinal fundus image. Here's a description of the findings and an assessment of the diabetic retinopathy severity:

**Description of Findings:**

*   **Macula:** The macula appears relatively clear, with no obvious signs of significant macular edema or drusen.
*   **Retinal Vessels:** There are some signs of microaneurysms, which are small, abnormal bulges in the walls of the retinal blood vessels. These are a hallmark of diabetic retinopathy.
*   **Cotton Wool Spots:** There are some cotton wool spots, which are white, fluffy patches on the retina. These indicate areas of nerve fiber layer infarction, often due to ischemia (lack of blood flow).
*   **Hemorrhages:** There are some hemorrhages, which are bleeding spots in the retina. These can be dot-blot hemorrhages (small, deep hemorrhages) or flame-shaped hemorrhages (larger, more superficial hemorrhages).
*   **Other:** The image shows some signs of retinal thickening, which can be associated with diabetic retinopathy.

**Diabetic Retinopathy Severity Assessment:**

Based on the findings, the diabetic retinopathy severity appears to be **moderate**.

**Reasoning:**

*   The presence of microaneurysms, cotton wool spots, and hemorrhages indicates that the patient has diabetic retinopathy.
*   The number and size of these findings suggest that the disease is not mild (no retinopathy) but also not severe (proliferative diabetic retinopathy).
*   The absence of significant macular edema or neovascularization (new blood vessel growth) is a positive finding, as it suggests that the disease is not yet at a very advanced stage.

**Important Considerations:**

*   This assessment is based solely on the provided image. A comprehensive evaluation would require a complete ophthalmologic examination, including measurements of the retinal thickness, assessment of the macula, and evaluation of the optic nerve.
*   The severity of diabetic retinopathy can vary significantly from person to person, and the findings in this image may not be representative of the patient's overall condition.
*   The presence of these findings does not necessarily mean that the patient is at high risk for vision loss. However, it does indicate that the patient needs to be monitored regularly by an ophthalmologist to prevent further progression of the disease.

**Recommendations:**

*   The patient should be referred to an ophthalmologist for a comprehensive evaluation of their diabetic retinopathy.
*   The",47.0
14109_left,3,zero_shot,"Okay, based on the retinal fundus image provided, here's a description of the findings and an assessment of the diabetic retinopathy severity:

**Findings:**

*   **Widespread Retinal Edema:** There is significant retinal edema, indicated by the hazy, indistinct appearance of the retinal vessels and the overall blurring of the fundus. This is a hallmark of diabetic retinopathy.
*   **Microaneurysms:** Numerous microaneurysms are present, which are small, red, and dot-like lesions on the retinal surface. These are a sign of early diabetic retinopathy.
*   **Hemorrhages:** There are numerous hemorrhages throughout the retina, appearing as red spots or streaks. These are a sign of more advanced diabetic retinopathy.
*   **Cotton Wool Spots:** These are fluffy, white patches on the retina, representing areas of nerve fiber layer infarction. They are a sign of more advanced diabetic retinopathy.
*   **Hard Exudates:** These are yellowish, waxy deposits on the retina, representing lipid and protein leakage from damaged blood vessels. They are a sign of more advanced diabetic retinopathy.
*   **Vitreous Hemorrhage:** There is evidence of vitreous hemorrhage, which is bleeding into the vitreous gel (the clear gel that fills the eye). This can cause significant vision loss.
*   **Macular Edema:** The macula, the central part of the retina responsible for sharp, central vision, appears to be affected by edema. This can lead to blurred central vision.
*   **Blood Vessel Occlusion:** There are signs of blood vessel occlusion, which can lead to areas of retinal ischemia (lack of blood flow).

**Diabetic Retinopathy Severity Assessment:**

Based on the findings, this patient has **severe diabetic retinopathy**. The presence of vitreous hemorrhage, widespread retinal edema, numerous hemorrhages, cotton wool spots, hard exudates, and macular edema all point to a very advanced stage of the disease.

**Important Considerations:**

*   **Clinical Context:** This assessment is based solely on the fundus image. A complete evaluation requires a thorough history, clinical examination, and potentially other diagnostic tests (e.g., optical coherence tomography (OCT), fluorescein angiography) to confirm the diagnosis and assess the extent of the disease.
*   **Progression:** Diabetic retinopathy is a progressive disease. Without proper management, it can lead to significant vision loss and even blindness.
*   **Treatment:** The treatment options for",46.8
10153_left,3,zero_shot,"Okay, based on the retinal fundus image provided, here's a description of the findings and an assessment of the diabetic retinopathy severity:

**Findings:**

*   **Significant Retinal Edema:** There is widespread retinal edema, particularly in the nerve fiber layer and the outer retinal layers. This is indicated by the hazy, indistinct appearance of the retinal vessels and the presence of fluid in the space between the retina and the retinal pigment epithelium (RPE).
*   **Microaneurysms:** Numerous microaneurysms are present, which are small, red, and dot-like lesions that represent weakened blood vessel walls.
*   **Hemorrhages:** There are several hemorrhages present, including dot-blot hemorrhages and flame-shaped hemorrhages. These are areas of blood leakage from damaged blood vessels.
*   **Cotton Wool Spots:** Cotton wool spots, which are white, fluffy lesions, are visible, indicating areas of retinal nerve fiber layer infarction.
*   **Hard Exudates:** Hard exudates, which are yellowish, waxy lesions, are present. These represent lipid deposits that have leaked from damaged blood vessels.
*   **Vitreous Hemorrhage:** There is evidence of vitreous hemorrhage, which is bleeding into the vitreous gel (the clear gel that fills the eye). This is indicated by the presence of blood obscuring the view of the retina.
*   **Macular Edema:** The macula, the central part of the retina responsible for sharp central vision, appears to be affected by edema. This is indicated by the blurring of the central vision.
*   **Retinal Vein Occlusion:** There is evidence of a retinal vein occlusion, which is a blockage of a retinal vein. This is indicated by the dilated and tortuous retinal veins.

**Diabetic Retinopathy Severity Assessment:**

Based on the findings, the diabetic retinopathy severity is likely **severe**. The presence of vitreous hemorrhage, significant retinal edema, multiple hemorrhages, cotton wool spots, hard exudates, and macular edema all point to a high level of retinal damage.

**Important Considerations:**

*   **Clinical Context:** This assessment is based solely on the fundus image. A complete evaluation requires a thorough clinical history, including the patient's diabetes control, other medical conditions, and any symptoms they are experiencing.
*   **Progression:** Diabetic retinopathy can progress rapidly, so it's important to monitor the condition closely.
*   ",47.1
43008_right,3,zero_shot,"Okay, I've reviewed the retinal fundus image. Here's a description of the findings and an assessment of the diabetic retinopathy severity:

**Findings:**

*   **Macular Edema:** There is evidence of macular edema, characterized by fluid accumulation in the macula. This is indicated by the blurring of the central retinal details.
*   **Microaneurysms:** Microaneurysms are present, which are small, red dots that represent weakened blood vessel walls.
*   **Hemorrhages:** There are several hemorrhages visible, which are areas of bleeding within the retina.
*   **Cotton Wool Spots:** Cotton wool spots, which are white, fluffy patches, are also present. These indicate areas of retinal nerve fiber layer infarction.
*   **Vitreous Hemorrhage:** There is a vitreous hemorrhage, which is bleeding into the vitreous gel, the clear fluid that fills the eye. This is causing some obscuration of the fundus view.

**Diabetic Retinopathy Severity Assessment:**

Based on the findings, the diabetic retinopathy severity is likely **Moderate to Severe**.

**Explanation:**

*   The presence of microaneurysms, hemorrhages, and cotton wool spots indicates diabetic retinopathy.
*   The presence of macular edema is a significant finding that contributes to the severity. Macular edema can cause vision loss.
*   The vitreous hemorrhage is also a concerning finding that can further impair vision.

**Important Considerations:**

*   This assessment is based solely on the provided image. A comprehensive evaluation would require a complete ophthalmologic examination, including visual acuity testing, fundus examination, and possibly optical coherence tomography (OCT) and/or fluorescein angiography to confirm the diagnosis and assess the extent of the disease.
*   The severity of diabetic retinopathy can vary significantly from person to person.
*   The presence of macular edema and vitreous hemorrhage can lead to significant vision loss if not treated promptly.

**Recommendations:**

*   The patient should be referred to an ophthalmologist for a complete evaluation and management plan.
*   Treatment options for diabetic retinopathy may include laser photocoagulation, intravitreal injections of anti-VEGF medications, and/or vitrectomy surgery.

**Disclaimer:** This information is for educational purposes only and should not be considered medical advice. It is essential to consult with a qualified ophthalmologist for diagnosis and treatment of any eye condition.
",46.5
23787_right,3,zero_shot,"Okay, based on the retinal fundus image you provided, here's a description of the findings and an assessment of the diabetic retinopathy severity:

**Findings:**

*   **Microaneurysms:** These are the most prominent finding. They appear as small, red dots scattered throughout the retina. They represent small outpouchings in the capillary walls, a hallmark of diabetic retinopathy.
*   **Cotton Wool Spots:** These are fluffy, white patches that represent areas of retinal nerve fiber layer infarction (ischemia). They are also a sign of diabetic retinopathy.
*   **Hemorrhages:** There are some hemorrhages present, which are areas of bleeding within the retina. They appear as red or yellowish spots.
*   **Macular Edema:** The macula, the central part of the retina responsible for sharp, central vision, appears to have some fluid accumulation. This is indicated by the blurring of the details in the center of the image.
*   **Blood Vessel Changes:** The retinal blood vessels appear to be somewhat narrowed and irregular. This is a common finding in diabetic retinopathy, reflecting the damage to the blood vessels.

**Diabetic Retinopathy Severity Assessment:**

Based on the presence of microaneurysms, cotton wool spots, hemorrhages, and macular edema, the diabetic retinopathy severity is likely **moderate to severe**.

**Explanation:**

*   The presence of microaneurysms indicates that the patient has diabetic retinopathy.
*   The presence of cotton wool spots suggests that there is retinal ischemia, which is a sign of more advanced disease.
*   The presence of hemorrhages indicates that the blood vessels are leaking.
*   The presence of macular edema indicates that the macula is being affected, which can lead to vision loss.

**Important Considerations:**

*   This assessment is based solely on the provided image. A comprehensive evaluation would require a complete ophthalmologic examination, including visual acuity testing, fundus photography, and potentially other imaging modalities (e.g., OCT).
*   The severity of diabetic retinopathy can vary from person to person, and the findings on the fundus image may not always accurately reflect the patient's visual acuity or overall health.
*   The presence of diabetic retinopathy increases the risk of other eye conditions, such as glaucoma and cataracts.

**Recommendations:**

*   The patient should be referred to an ophthalmologist for a comprehensive evaluation and management plan.
*   The management plan may include laser photocoagulation",46.8
16025_left,3,zero_shot,"Okay, I've reviewed the retinal fundus image. Here's a description of the findings and an assessment of the diabetic retinopathy severity:

**Description of Findings:**

*   **Darkness:** The image is very dark, making it difficult to visualize the retinal details clearly. This is likely due to the low light conditions under which the image was captured.
*   **Possible Macular Edema:** There appears to be some blurring or haziness in the central macula area. This could be indicative of macular edema, a common complication of diabetic retinopathy.
*   **Microaneurysms:** There are some small, red dots visible in the retina. These are likely microaneurysms, which are small, abnormal bulges in the walls of the retinal blood vessels. They are a hallmark of diabetic retinopathy.
*   **Other findings:** There are some other small areas of hyperpigmentation and possible hemorrhages.

**Diabetic Retinopathy Severity Assessment:**

Based on the limited information and the darkness of the image, it is difficult to provide a definitive severity assessment. However, I can offer some preliminary observations:

*   **Possible Early to Moderate Diabetic Retinopathy:** The presence of microaneurysms suggests diabetic retinopathy. The blurring in the macula could indicate early macular edema.
*   **Need for Further Evaluation:** A more detailed examination is needed to confirm the presence of microaneurysms, assess the extent of macular edema, and evaluate for other signs of diabetic retinopathy.

**Important Considerations:**

*   **Image Quality:** The poor image quality makes it challenging to accurately assess the severity of diabetic retinopathy.
*   **Clinical History:** A complete clinical history, including the patient's blood sugar control, blood pressure, and other relevant factors, is essential for a proper diagnosis and management plan.
*   **Follow-up:** This image should be followed up with a comprehensive dilated fundus examination by an ophthalmologist.

**Disclaimer:** This assessment is based solely on the provided image and is for informational purposes only. It should not be considered a substitute for a professional medical evaluation. A qualified ophthalmologist is needed for a definitive diagnosis and treatment plan.",42.0
20858_left,3,zero_shot,"Okay, based on the retinal fundus image provided, here's a detailed description and assessment of the diabetic retinopathy severity:

**Description of Findings:**

*   **Widespread Retinal Hemorrhages:** There are numerous hemorrhages present throughout the retina, particularly in the nerve fiber layer and inner retinal layers. These appear as bright red spots.
*   **Cotton Wool Spots:** These are fluffy, white patches representing areas of retinal nerve fiber layer infarction. They are also visible throughout the retina.
*   **Microaneurysms:** These are small, red, roundish lesions that represent outpouchings of the retinal capillaries. They are present, but their density is difficult to assess precisely in this image.
*   **Macular Edema:** There is evidence of fluid accumulation in the macula, which is the central part of the retina responsible for sharp, central vision. This is indicated by the blurring of the retinal details in the macula.
*   **Vitreous Hemorrhage:** There is a significant amount of blood in the vitreous humor, the clear gel that fills the space between the lens and the retina. This is indicated by the hazy appearance of the fundus.
*   **Retinal Vein Occlusion:** There is evidence of a retinal vein occlusion, likely a branch retinal vein occlusion, given the location of the hemorrhages and cotton wool spots. The retinal veins appear narrowed and tortuous.
*   **Hyperpigmentation:** There is some hyperpigmentation in the retina, which can be associated with chronic retinal damage.

**Assessment of Diabetic Retinopathy Severity:**

Based on these findings, the diabetic retinopathy severity is likely **severe**.

Here's why:

*   **Presence of Hemorrhages, Cotton Wool Spots, and Macular Edema:** These are all signs of significant retinal damage and dysfunction.
*   **Vitreous Hemorrhage:** This is a serious finding that can significantly impair vision.
*   **Retinal Vein Occlusion:** This is a major complication of diabetic retinopathy that can lead to further retinal damage.

**In summary, the image shows a high degree of retinal damage, with widespread hemorrhages, cotton wool spots, macular edema, and vitreous hemorrhage. This indicates a severe stage of diabetic retinopathy.**

**Important Considerations:**

*   **This assessment is based solely on the provided image.** A comprehensive evaluation would require a complete ophthalmologic examination, including visual acuity testing, fundus",46.9
23245_left,3,zero_shot,"Okay, based on the retinal fundus image provided, here's a description of the findings and an assessment of the diabetic retinopathy severity:

**Findings:**

*   **Macular Edema:** There is significant macular edema, indicated by the fluid accumulation in the macula. This is a common complication of diabetic retinopathy and can cause blurred vision.
*   **Microaneurysms:** Numerous microaneurysms are present, particularly in the nerve fiber layer. These are small, abnormal bulges in the walls of retinal capillaries and are a hallmark of diabetic retinopathy.
*   **Hemorrhages:** There are several hemorrhages present, including dot and blot hemorrhages. These are bleeding spots within the retina.
*   **Cotton Wool Spots:** Cotton wool spots are also visible, representing areas of retinal nerve fiber layer infarction.
*   **Hyperpigmentation:** There is some hyperpigmentation in the retina, which can be associated with chronic retinal damage.
*   **Optic Disc:** The optic disc appears relatively normal, although it's difficult to assess the full details without a more detailed view.

**Diabetic Retinopathy Severity Assessment:**

Based on the findings, the diabetic retinopathy severity is likely **severe**.

Here's why:

*   **Presence of Macular Edema:** Macular edema is a significant finding and contributes to vision loss.
*   **Numerous Microaneurysms and Hemorrhages:** The presence of a large number of microaneurysms and hemorrhages indicates a high level of retinal damage.
*   **Cotton Wool Spots:** Cotton wool spots suggest significant retinal ischemia and nerve fiber layer damage.

**Important Considerations:**

*   **This is a preliminary assessment based on a single image.** A comprehensive evaluation would require a full dilated fundus examination, including assessment of the peripheral retina, optic disc, and other relevant structures.
*   **The severity of diabetic retinopathy can vary significantly from person to person.** Factors such as the duration of diabetes, glycemic control, and other medical conditions can influence the progression of the disease.
*   **The presence of macular edema can be further evaluated with optical coherence tomography (OCT) and/or fluorescein angiography.** These tests can provide more detailed information about the extent and location of the edema and any underlying vascular abnormalities.

**Recommendations:**

Given the findings, the patient should be referred to an ophthalmologist for a comprehensive evaluation and management plan. This may include:

*",47.0
8699_left,3,zero_shot,"Okay, based on the retinal fundus image provided, here's a detailed description and assessment of the diabetic retinopathy severity:

**Description of Findings:**

*   **Significant Retinal Edema:** There is widespread retinal edema, particularly in the nerve fiber layer and inner retinal layers. This is indicated by the hazy, indistinct appearance of the retinal vessels and the presence of fluid accumulation.
*   **Microaneurysms:** Numerous microaneurysms are present throughout the retina, particularly in the superficial capillary network. These are small, red, and dot-like lesions.
*   **Hemorrhages:** There are multiple hemorrhages of varying sizes and locations. Some are small and dot-like, while others are larger and more confluent.
*   **Cotton Wool Spots:** These are fluffy, white lesions representing areas of retinal nerve fiber layer infarction. They are scattered throughout the retina.
*   **Hard Exudates:** These are yellowish, waxy lesions that represent lipid deposits. They are often found in the macula and surrounding areas.
*   **Vitreous Hemorrhage:** There is evidence of vitreous hemorrhage, which is the presence of blood in the vitreous cavity. This is indicated by the hazy appearance of the fundus and the obscuration of the retinal details.
*   **Macular Edema:** The macula, the central part of the retina responsible for sharp central vision, appears to be affected by edema. This is indicated by the blurring of the central retinal details.

**Assessment of Diabetic Retinopathy Severity:**

Based on the findings described above, the diabetic retinopathy severity is likely **severe**.

**Justification:**

*   The presence of vitreous hemorrhage, significant retinal edema, numerous microaneurysms, hemorrhages, cotton wool spots, and hard exudates all point towards a high level of retinal damage.
*   The macular edema further complicates the situation, as it can lead to significant visual impairment.

**Important Considerations:**

*   This assessment is based solely on the provided retinal fundus image. A comprehensive evaluation would require a complete ophthalmologic examination, including visual acuity testing, fundus photography, and potentially other diagnostic tests.
*   The severity of diabetic retinopathy can vary depending on the individual's glycemic control, blood pressure, and other factors.
*   The presence of vitreous hemorrhage can be a serious complication of diabetic retinopathy and can lead to significant vision loss if not treated promptly.

**Recommendations:**",46.7
32064_right,3,zero_shot,"Okay, I've examined the retinal fundus image. Here's a description of the findings and an assessment of the diabetic retinopathy severity:

**Description of Findings:**

*   **Macula:** The macula appears relatively clear, with no obvious signs of significant macular edema or drusen.
*   **Retinal Vessels:** The retinal vessels appear to be somewhat attenuated (narrowed) in the nerve fiber layer, which can be a sign of chronic hypertension or diabetes.
*   **Optic Disc:** The optic disc appears normal in appearance.
*   **Overall:** The image is somewhat difficult to interpret due to the quality and the presence of artifacts.

**Diabetic Retinopathy Severity Assessment:**

Based on the limited information available, I would assess the diabetic retinopathy severity as **Mild to Moderate**.

**Reasoning:**

*   The presence of attenuated retinal vessels suggests some degree of diabetic retinopathy, but it's not severe.
*   The absence of significant macular edema or hemorrhages makes it less severe.
*   The image quality is not ideal, so a more definitive assessment would require a higher-resolution image and a thorough clinical examination.

**Important Considerations:**

*   This assessment is based solely on the provided image. A comprehensive evaluation requires a complete ophthalmologic examination, including visual acuity testing, fundus photography, and potentially other diagnostic tests.
*   The severity of diabetic retinopathy can vary significantly from person to person, even with similar findings on fundus examination.
*   This information is for educational purposes only and should not be considered medical advice. It is essential to consult with a qualified ophthalmologist for any eye-related concerns.

**Recommendations:**

*   The patient should be referred to an ophthalmologist for a comprehensive eye examination.
*   The ophthalmologist will be able to provide a more accurate assessment of the diabetic retinopathy severity and recommend appropriate management strategies.
*   The patient should follow the recommended guidelines for managing diabetes, including regular blood sugar monitoring, blood pressure control, and a healthy lifestyle.

I hope this assessment is helpful. Please let me know if you have any other questions.
",41.1
31962_right,3,zero_shot,"Okay, based on the retinal fundus image provided, here's a description of the findings and an assessment of the diabetic retinopathy severity:

**Findings:**

*   **Microaneurysms:** These are small, red dots representing ruptures in the capillary walls. They are a hallmark of diabetic retinopathy.
*   **Hemorrhages:** There are several hemorrhages present, which are areas of blood leakage from damaged blood vessels.
*   **Cotton Wool Spots:** These are fluffy, white patches indicating nerve fiber layer infarcts (areas of ischemia).
*   **Venous Beading:** This is a sign of venous ischemia, where the veins appear to be contracting and expanding in a rhythmic pattern.
*   **Macular Edema:** There is evidence of fluid accumulation in the macula, which is the central part of the retina responsible for sharp, central vision. This is often indicated by a hazy or blurred appearance of the macula.
*   **Retinal Vein Occlusion:** There is a sign of a retinal vein occlusion, which is a blockage of a retinal vein.

**Diabetic Retinopathy Severity Assessment:**

Based on the presence of microaneurysms, hemorrhages, cotton wool spots, venous beading, and macular edema, the diabetic retinopathy severity is likely **moderate to severe**.

**Explanation:**

*   The presence of microaneurysms and hemorrhages indicates that the disease is progressing.
*   Cotton wool spots and venous beading suggest significant retinal ischemia, which can lead to vision loss.
*   Macular edema is a particularly concerning finding, as it can cause significant central vision impairment.

**Important Considerations:**

*   This assessment is based solely on the provided image. A comprehensive evaluation would require a complete ophthalmologic examination, including visual acuity testing, fundus photography, and potentially other imaging modalities (e.g., OCT, fluorescein angiography).
*   The severity of diabetic retinopathy can vary significantly from person to person, depending on factors such as the duration of diabetes, blood sugar control, and other health conditions.
*   The presence of macular edema can be further evaluated with Optical Coherence Tomography (OCT) to determine the extent of fluid accumulation and its impact on the macula.

**Recommendations:**

*   The patient should be referred to an ophthalmologist for a comprehensive evaluation and management plan.
*   The management plan may include laser photocoagulation, intravitreal injections of anti-",46.6
14482_left,3,zero_shot,"Okay, based on the retinal fundus image provided, here's a description of the findings and an assessment of the diabetic retinopathy severity:

**Findings:**

*   **Macular Edema:** There appears to be significant macular edema, indicated by the blurring and indistinctness of the central retinal details. This is a common finding in diabetic retinopathy and can cause significant visual impairment.
*   **Microaneurysms:** Microaneurysms are present, which are small, red dots that represent weakened blood vessels. Their presence indicates diabetic retinopathy.
*   **Hemorrhages:** There are several hemorrhages visible, which are areas of bleeding within the retina. These can be a sign of more advanced diabetic retinopathy.
*   **Cotton Wool Spots:** Cotton wool spots are also present, which are white, fluffy patches that represent areas of nerve fiber layer infarction (ischemia).
*   **Vitreous Hemorrhage:** There is a vitreous hemorrhage, which is bleeding into the vitreous gel (the clear, jelly-like substance that fills the eye). This can cause significant vision loss.
*   **Retinal Vein Occlusion:** There is a retinal vein occlusion, which is a blockage of a retinal vein. This can lead to retinal edema and hemorrhages.

**Diabetic Retinopathy Severity Assessment:**

Based on the findings, the diabetic retinopathy severity is likely **severe**. The presence of macular edema, hemorrhages, cotton wool spots, and vitreous hemorrhage all point to a high level of retinal damage.

**Important Considerations:**

*   **This is a preliminary assessment based on a single image.** A comprehensive evaluation by an ophthalmologist is necessary for an accurate diagnosis and treatment plan.
*   **The severity of diabetic retinopathy can vary.** The findings in this image may not be representative of the overall condition of the retina.
*   **The presence of macular edema can significantly impact vision.** It is important to address this issue promptly to prevent further vision loss.

**Recommendations:**

*   **Immediate referral to an ophthalmologist is crucial.** The ophthalmologist will perform a thorough examination, including optical coherence tomography (OCT) and fluorescein angiography (FA), to confirm the diagnosis and assess the extent of the damage.
*   **Treatment options may include:**
    *   **Anti-VEGF injections:** To reduce macular edema and prevent further vision loss.
    *   **Laser photocoagulation:** To seal leaking blood vessels and reduce macular edema",46.6
36213_right,3,zero_shot,"Okay, based on the retinal fundus image provided, here's a description of the findings and an assessment of the diabetic retinopathy severity:

**Findings:**

*   **Widespread Retinal Edema:** There is significant retinal edema, particularly in the nerve fiber layer and the outer retinal layers. This is indicated by the hazy, indistinct appearance of the retinal vessels and the overall blurring of the fundus details.
*   **Microaneurysms:** Numerous microaneurysms are present, particularly in the superficial capillary network. These are small, red dots that represent weakened capillary walls.
*   **Hemorrhages:** There are several hemorrhages present, including flame-shaped hemorrhages and dot-blot hemorrhages. These are areas of blood leakage from damaged blood vessels.
*   **Cotton Wool Spots:** Cotton wool spots are visible, indicating areas of retinal nerve fiber layer infarction. These appear as fluffy, white patches.
*   **Hard Exudates:** Hard exudates are present, which are yellowish, waxy deposits of lipid and protein that leak from damaged blood vessels.
*   **Macular Edema:** The macula, the central part of the retina responsible for central vision, appears to be affected by edema. This is indicated by the blurring of the fovea and the presence of hard exudates in the macula.
*   **Vessel Occlusion:** There are signs of vessel occlusion, such as areas of retinal whitening and the presence of cotton wool spots.

**Diabetic Retinopathy Severity Assessment:**

Based on the findings, the diabetic retinopathy severity is likely **severe**.

*   The presence of widespread retinal edema, numerous microaneurysms, hemorrhages, cotton wool spots, and hard exudates all point to a high level of retinal damage.
*   The macular edema further complicates the situation, as it can lead to significant vision loss.
*   The presence of vessel occlusion indicates a more advanced stage of the disease.

**Important Considerations:**

*   This assessment is based solely on the provided image. A comprehensive evaluation would require a complete ophthalmologic examination, including visual acuity testing, fundus photography, and potentially other diagnostic tests.
*   The severity of diabetic retinopathy can vary depending on the individual's glycemic control, blood pressure, and other factors.
*   The presence of macular edema can significantly impact visual acuity and quality of life.

**Recommendations:**

*   The patient should be referred to an",46.6
12881_left,3,zero_shot,"Okay, based on the retinal fundus image provided, here's a description of the findings and an assessment of the diabetic retinopathy severity:

**Description of Findings:**

The image shows significant retinal changes consistent with a severe form of diabetic retinopathy. Key features include:

*   **Widespread Retinal Hemorrhages:** There are numerous hemorrhages present throughout the fundus, indicating leakage from damaged blood vessels. These appear as bright red spots.
*   **Cotton Wool Spots:** These are fluffy, white lesions representing areas of retinal nerve fiber layer infarction (ischemia). They are also present throughout the fundus.
*   **Microaneurysms:** These are small, red, roundish lesions that represent outpouchings of the retinal capillaries. They are present, but their density is difficult to assess precisely in this image.
*   **Macular Edema:** The macula, the central part of the retina responsible for sharp central vision, appears to have edema (swelling). This is indicated by the blurring of the details in the center of the image.
*   **Vitreous Hemorrhage:** There is a significant amount of blood in the vitreous humor (the gel-like substance that fills the eye). This is indicated by the presence of blood in the vitreous cavity.
*   **Possible Neovascularization:** While not definitively confirmed in this image, there are some areas that could potentially represent neovascularization (the growth of new, abnormal blood vessels). These appear as darker, more irregular areas.

**Assessment of Diabetic Retinopathy Severity:**

Based on these findings, the diabetic retinopathy severity is likely **Severe Diabetic Retinopathy with Vitreous Hemorrhage and Macular Edema.**

Here's a breakdown of why:

*   **Presence of Hemorrhages and Cotton Wool Spots:** These indicate significant retinal damage and vascular dysfunction.
*   **Macular Edema:** This is a critical finding that can lead to significant vision loss.
*   **Vitreous Hemorrhage:** This is a serious complication that can cause blurred vision, floaters, and even vision loss.
*   **Possible Neovascularization:** This is a very serious complication that can lead to neovascular glaucoma and further vision loss.

**Important Considerations:**

*   **This is a preliminary assessment based on a single image.** A complete evaluation requires a comprehensive examination, including a detailed history, clinical examination, and potentially additional imaging (e.g.,",46.8
2577_left,3,zero_shot,"Okay, based on the retinal fundus image provided, here's a description of the findings and an assessment of the diabetic retinopathy severity:

**Findings:**

*   **Macular Edema:** There is evidence of macular edema, indicated by the blurring of the central retinal details and the presence of fluid in the macula.
*   **Microaneurysms:** Numerous microaneurysms are present, particularly in the nerve fiber layer. These are small, red dots that represent weakened blood vessel walls.
*   **Hemorrhages:** There are several hemorrhages present, including flame-shaped hemorrhages and dot-blot hemorrhages. These are areas of blood leakage from damaged blood vessels.
*   **Cotton Wool Spots:** Cotton wool spots are visible, indicating areas of retinal nerve fiber layer infarction (ischemia). These appear as fluffy, white patches.
*   **Hard Exudates:** There are some hard exudates present, which are yellowish, waxy deposits of lipid and protein that leak from damaged blood vessels.
*   **Retinal Vein Occlusion:** There is evidence of a retinal vein occlusion, likely a branch retinal vein occlusion, given the location of the hemorrhages and cotton wool spots. The vein appears narrowed and tortuous.
*   **Arteriolar Narrowing:** The retinal arterioles are narrowed, which is a common finding in diabetic retinopathy.

**Diabetic Retinopathy Severity Assessment:**

Based on these findings, the diabetic retinopathy severity is likely **severe**.

Here's why:

*   **Presence of Macular Edema:** Macular edema significantly impacts vision and is a major cause of visual impairment in diabetic retinopathy.
*   **Multiple Hemorrhages and Cotton Wool Spots:** The presence of numerous hemorrhages and cotton wool spots indicates significant retinal damage and ischemia.
*   **Retinal Vein Occlusion:** A retinal vein occlusion is a serious complication of diabetic retinopathy and can lead to rapid vision loss.
*   **Hard Exudates:** The presence of hard exudates indicates chronic leakage from damaged blood vessels, further contributing to retinal damage.

**Important Considerations:**

*   This assessment is based solely on the provided image. A comprehensive evaluation would require a complete ophthalmologic examination, including visual acuity testing, fundus photography, and potentially optical coherence tomography (OCT) and fluorescein angiography.
*   The severity of diabetic retinopathy can vary significantly from person to person, depending on factors such as the duration of diabetes",46.3
3748_right,3,zero_shot,"Okay, based on the retinal fundus image provided, here's a detailed description and assessment of the diabetic retinopathy severity:

**Findings:**

*   **Widespread Retinal Edema:** The image shows significant retinal edema throughout the fundus. This is indicated by the presence of fluid accumulation in the outer retinal layers, often appearing as a hazy or cloudy appearance.
*   **Microaneurysms:** Numerous microaneurysms are present, which are small, abnormal bulges in the walls of retinal capillaries. These are a hallmark of diabetic retinopathy.
*   **Hemorrhages:** There are widespread hemorrhages throughout the retina. These can be dot-blot hemorrhages (small hemorrhages within the inner retinal layers) and flame-shaped hemorrhages (larger hemorrhages that extend into the outer retinal layers).
*   **Cotton Wool Spots:** These are fluffy, white patches that represent areas of retinal nerve fiber layer infarction (damage due to lack of blood supply). They are also a sign of diabetic retinopathy.
*   **Hard Exudates:** These are yellowish, waxy deposits that represent lipid and protein leakage from damaged blood vessels. They are a sign of more advanced diabetic retinopathy.
*   **Macular Edema:** The macula, the central part of the retina responsible for central vision, appears to be affected by edema. This can lead to blurred or distorted central vision.
*   **Vitreous Hemorrhage:** There is evidence of blood in the vitreous humor (the gel-like substance that fills the eye). This can cause floaters or a hazy view of the fundus.
*   **Neovascularization:** The presence of new, abnormal blood vessels (neovascularization) is a significant finding. These vessels are fragile and prone to bleeding, which can lead to further vision loss.

**Diabetic Retinopathy Severity Assessment:**

Based on the findings described above, the diabetic retinopathy severity is likely **severe**.

*   The presence of widespread retinal edema, hemorrhages, cotton wool spots, hard exudates, and macular edema all indicate a high level of retinal damage.
*   The presence of neovascularization is a critical finding that signifies a high risk of vision loss.

**Important Considerations:**

*   **Clinical History:** The severity of diabetic retinopathy can also be influenced by the patient's overall health, blood sugar control, and other medical conditions.
*   **Further Evaluation:** A comprehensive eye exam, including optical",46.9
18046_left,3,zero_shot,"Okay, based on the retinal fundus image provided, here's a detailed description and assessment of the diabetic retinopathy severity:

**Findings:**

*   **Widespread Microaneurysms:** The image shows numerous small, red dots (microaneurysms) scattered throughout the retina. These are a hallmark of diabetic retinopathy.
*   **Hemorrhages:** There are significant areas of retinal hemorrhages, appearing as bright red spots. These are a sign of blood vessel damage and leakage.
*   **Cotton Wool Spots:** These are fluffy, white patches representing areas of nerve fiber layer infarction (ischemia). They are also indicative of diabetic retinopathy.
*   **Hard Exudates:** These are yellowish, waxy deposits that represent lipid and protein leakage from damaged blood vessels. They are a sign of more advanced diabetic retinopathy.
*   **Macular Edema:** The macula, the central part of the retina responsible for sharp, central vision, appears to have fluid accumulation. This is a common finding in diabetic retinopathy and can cause blurred vision.
*   **Retinal Vein Occlusion:** There is evidence of a retinal vein occlusion, which is a blockage of a retinal vein. This can lead to retinal hemorrhages and edema.
*   **Arteriolar Narrowing:** The retinal arterioles (small arteries) appear narrowed, which is a common finding in diabetic retinopathy due to damage to the vessel walls.

**Severity Assessment:**

Based on the findings described above, the diabetic retinopathy severity is **severe**.

**Explanation of Severity:**

The presence of widespread microaneurysms, significant hemorrhages, cotton wool spots, hard exudates, macular edema, and retinal vein occlusion all point to a high level of retinal damage and dysfunction. The presence of macular edema is particularly concerning as it can significantly impair central vision.

**Recommendations:**

Given the severity of the diabetic retinopathy, the following recommendations are crucial:

*   **Immediate Referral to a Retina Specialist:** This is essential for further evaluation and management.
*   **Intensive Blood Sugar Control:** Strict control of blood glucose levels is critical to slow the progression of the disease.
*   **Blood Pressure Control:** Maintaining optimal blood pressure is also important.
*   **Lipid Management:** Managing cholesterol levels can help reduce the risk of further vascular damage.
*   **Anti-VEGF Injections:** These medications can help reduce macular edema and improve vision.
*   **Laser Photocoagulation",46.9
21233_left,3,zero_shot,"Okay, based on the retinal fundus image, here's a description of the findings and an assessment of the diabetic retinopathy severity:

**Findings:**

*   **Significant Retinal Hemorrhages:** There are numerous hemorrhages present throughout the fundus, particularly in the nerve fiber layer and superficial retinal vessels. These appear as bright red spots.
*   **Cotton Wool Spots:** These are fluffy, white lesions representing areas of retinal nerve fiber layer infarction. They are scattered throughout the fundus.
*   **Hard Exudates:** These are yellowish, waxy lesions that represent lipid and protein deposits in the retina. They are also scattered throughout the fundus.
*   **Microaneurysms:** These are small, red, pinpoint lesions that represent outpouchings of the retinal capillaries. They are present, but their density is difficult to assess precisely in this image.
*   **Macular Edema:** There is evidence of fluid accumulation in the macula, which is the central part of the retina responsible for central vision. This is indicated by the blurring of the retinal details in the macula.
*   **Vitreous Hemorrhage:** There is a significant amount of blood in the vitreous humor, which is the clear gel that fills the space between the lens and the retina. This is indicated by the hazy appearance of the fundus.
*   **Arteriolar Narrowing:** The retinal arteries appear narrowed, which is a common finding in diabetic retinopathy.
*   **Flame-shaped hemorrhages:** These are hemorrhages that follow the nerve fiber layer, appearing as flame-like streaks.

**Diabetic Retinopathy Severity Assessment:**

Based on the findings, the diabetic retinopathy severity is likely **severe**.

Here's why:

*   **Presence of all major features:** The image shows a combination of significant hemorrhages, cotton wool spots, hard exudates, macular edema, and vitreous hemorrhage.
*   **Macular edema:** The presence of macular edema is a significant factor contributing to vision loss.
*   **Vitreous hemorrhage:** This can cause significant visual impairment and may require treatment to clear the blood from the vitreous.

**Important Considerations:**

*   **This is a preliminary assessment based on a single image.** A comprehensive evaluation by an ophthalmologist is necessary for a definitive diagnosis and treatment plan.
*   **The severity of diabetic retinopathy can vary.** The findings in this image may not be representative of the overall",47.0
18350_right,3,zero_shot,"Okay, based on the provided retinal fundus image, here's a description of the findings and an assessment of the diabetic retinopathy severity:

**Description of Findings:**

*   **Macular Edema:** There appears to be significant macular edema, indicated by the blurring and indistinctness of the central retinal details. The presence of fluid in the macula can cause blurry vision and distortion.
*   **Retinal Hemorrhages:** There are several retinal hemorrhages present, which are small, red spots on the retina. These are a sign of damage to the blood vessels.
*   **Cotton Wool Spots:** There are also cotton wool spots, which are small, white or yellowish patches on the retina. These represent areas of nerve fiber layer infarction due to ischemia.
*   **Hyperpigmentation:** There is some hyperpigmentation in the macula, which can be a sign of chronic retinal damage.
*   **Optic Disc:** The optic disc appears relatively normal in appearance.

**Diabetic Retinopathy Severity Assessment:**

Based on the findings, the diabetic retinopathy severity is likely **severe**.

**Reasoning:**

*   The presence of macular edema, retinal hemorrhages, and cotton wool spots all indicate significant damage to the retinal blood vessels.
*   Macular edema is a particularly concerning finding, as it can lead to significant vision loss.
*   The combination of these findings suggests that the patient has progressed to a more advanced stage of diabetic retinopathy.

**Important Considerations:**

*   This assessment is based solely on the provided image. A comprehensive evaluation would require a full dilated fundus examination, including assessment of the peripheral retina, optic disc, and other structures.
*   The severity of diabetic retinopathy can vary depending on the individual's blood sugar control, other medical conditions, and the duration of diabetes.
*   The presence of macular edema can be confirmed with optical coherence tomography (OCT) or fluorescein angiography.

**Recommendations:**

*   The patient should be referred to an ophthalmologist for a comprehensive evaluation and management plan.
*   Management options may include laser photocoagulation, intravitreal injections of anti-VEGF medications, and/or observation.
*   Strict blood sugar control is essential to prevent further progression of diabetic retinopathy.

**Disclaimer:** This information is for educational purposes only and should not be considered medical advice. It is essential to consult with a qualified ophthalmologist for diagnosis and treatment of any eye condition.
",46.6
16759_left,3,zero_shot,"Okay, based on the retinal fundus image provided, here's a detailed description and assessment of the diabetic retinopathy severity:

**Description of Findings:**

*   **Widespread Retinal Edema:** There is significant retinal edema, particularly in the nerve fiber layer and inner retinal layers. This is evident as a hazy, indistinct appearance of the retinal details.
*   **Microaneurysms:** Numerous microaneurysms are present, particularly in the superficial capillary network. These are small, red dots that represent weakened capillary walls.
*   **Hemorrhages:** There are multiple hemorrhages, including:
    *   **Dot-blot hemorrhages:** These are small, deep hemorrhages within the inner retinal layers.
    *   **Flame-shaped hemorrhages:** These are longer, linear hemorrhages that follow the nerve fiber layer.
    *   **Cotton wool spots:** These are fluffy, white lesions that represent areas of retinal nerve fiber layer infarction.
*   **Hard Exudates:** There are also hard exudates present, which are yellowish, waxy deposits that represent lipid and protein leakage from damaged blood vessels. These are often seen in the macula and periphery.
*   **Macular Edema:** The macula appears to be affected by edema, which can cause blurred central vision.
*   **Vitreous Hemorrhage:** There is a vitreous hemorrhage, which is blood in the vitreous cavity. This can cause significant vision loss.
*   **Arteriolar Narrowing:** The retinal arterioles appear narrowed, which is a sign of chronic hyperglycemia and vascular damage.
*   **Venous Beading:** There is evidence of venous beading, which is a sign of significant retinal ischemia.

**Diabetic Retinopathy Severity Assessment:**

Based on the findings, the diabetic retinopathy severity is **severe**.

**Specific Severity Grades (using the simplified scale):**

*   **Severe Non-Proliferative Diabetic Retinopathy (NPDR):** This is the most likely diagnosis. The presence of vitreous hemorrhage, significant retinal edema, multiple hemorrhages, cotton wool spots, and hard exudates all point to this.
*   **Proliferative Diabetic Retinopathy (PDR):** While not explicitly stated, the presence of vitreous hemorrhage and the overall severity of the disease raises the possibility of PDR. The presence of neovascularization (new blood vessel growth) would be the definitive sign of PDR",47.0
15450_left,3,zero_shot,"Okay, based on the retinal fundus image provided, here's a detailed description and assessment of the diabetic retinopathy severity:

**Findings:**

*   **Widespread Retinal Hemorrhages:** There are numerous hemorrhages present throughout the retina, particularly in the nerve fiber layer and inner retinal layers. These appear as bright red spots.
*   **Cotton Wool Spots:** These are fluffy, white lesions representing areas of retinal nerve fiber layer infarction. They are scattered throughout the retina.
*   **Microaneurysms:** These are small, red, roundish lesions that represent outpouchings of the retinal capillaries. They are present, but their density is difficult to precisely quantify in this image.
*   **Macular Edema:** There is evidence of fluid accumulation in the macula, which is the central part of the retina responsible for sharp, central vision. This is indicated by the blurring of the retinal details in the macula.
*   **Vitreous Hemorrhage:** There is a significant amount of blood in the vitreous humor, the clear gel that fills the space between the lens and the retina. This is indicated by the dark, cloudy appearance in the vitreous.
*   **Retinal Vein Occlusion:** There is evidence of a retinal vein occlusion, likely a branch retinal vein occlusion, given the location of the hemorrhages and cotton wool spots.
*   **Possible Neovascularization:** While not definitively confirmed in this image, there are some areas that could potentially represent neovascularization (new blood vessel growth). These appear as more dense, darker areas.

**Severity Assessment:**

Based on these findings, the diabetic retinopathy severity is **severe**.

*   The presence of vitreous hemorrhage, widespread hemorrhages, cotton wool spots, and macular edema indicates a high level of retinal damage and dysfunction.
*   The retinal vein occlusion further contributes to the severity of the condition.
*   The potential for neovascularization is a serious complication that can lead to further vision loss.

**Differential Diagnosis:**

While the findings are highly suggestive of diabetic retinopathy, it's important to consider other potential causes of retinal hemorrhages and vascular occlusions, such as:

*   Hypertensive retinopathy
*   Retinal vein occlusion (non-diabetic)
*   Central retinal vein occlusion (CRVO)
*   Other vascular diseases

**Recommendations:**

Given the severity of the diabetic retinopathy, the following recommendations are crucial:

1.  **",46.8
15954_left,3,zero_shot,"Okay, based on the provided retinal fundus image, here's a description of the findings and an assessment of the diabetic retinopathy severity:

**Description of Findings:**

*   **Dark Image:** The image is significantly dark, which can be due to several factors, including poor lighting during the examination, media opacities (like cataracts), or a lack of contrast enhancement.
*   **Macular Edema:** There appears to be some evidence of macular edema, which is swelling of the macula (the central part of the retina responsible for sharp, central vision). This is suggested by the presence of fluid in the macula.
*   **Microaneurysms:** There are several small, red dots (microaneurysms) scattered throughout the retina. These are small, abnormal bulges in the walls of the retinal blood vessels, a hallmark of diabetic retinopathy.
*   **Hemorrhages:** There are some areas of bleeding (hemorrhages) visible in the retina. These can be dot-blot hemorrhages (small, deep hemorrhages) or flame-shaped hemorrhages (longer, more superficial hemorrhages).
*   **Cotton Wool Spots:** There are some white, fluffy patches (cotton wool spots) present. These represent areas of nerve fiber layer infarction (damage to the nerve fibers in the retina due to lack of blood supply).
*   **Vitreous Hemorrhage:** There is a significant amount of blood in the vitreous humor (the clear gel that fills the space between the lens and the retina). This is a serious finding that can significantly impair vision.
*   **Retinal Vein Occlusion:** There is a possible retinal vein occlusion.

**Diabetic Retinopathy Severity Assessment:**

Based on the findings, the diabetic retinopathy severity is likely **severe**.

Here's why:

*   **Vitreous Hemorrhage:** This is a significant finding and indicates a high level of retinal damage.
*   **Macular Edema:** This can cause significant vision loss and is a major concern.
*   **Multiple Microaneurysms, Hemorrhages, and Cotton Wool Spots:** These indicate significant retinal vascular damage and ischemia (lack of blood supply).

**Important Considerations:**

*   **Image Quality:** The poor image quality makes it difficult to make a definitive assessment. A better-quality image would be needed for a more accurate diagnosis.
*   **Clinical History:** The patient's history of",46.8
29604_right,3,zero_shot,"Okay, I've reviewed the retinal fundus image. Here's a description of the findings and an assessment of the diabetic retinopathy severity:

**Description of Findings:**

*   **Macular Edema:** There is evidence of macular edema, characterized by fluid accumulation in the macula. This is indicated by the blurring of the central retinal details.
*   **Microaneurysms:** Numerous microaneurysms are present, particularly in the nerve fiber layer. These are small, red dots that represent weakened blood vessel walls.
*   **Cotton Wool Spots:** There are cotton wool spots, which are white, fluffy patches indicating nerve fiber layer infarcts.
*   **Hemorrhages:** There are hemorrhages present, which are areas of bleeding within the retina.
*   **Venous Beading:** There is evidence of venous beading, which is a sign of retinal ischemia.

**Diabetic Retinopathy Severity Assessment:**

Based on the findings, the diabetic retinopathy severity is likely **moderate to severe**.

*   The presence of microaneurysms, cotton wool spots, hemorrhages, and macular edema all indicate a significant level of retinal damage.
*   The macular edema is a particularly concerning finding, as it can lead to vision loss.

**Important Considerations:**

*   This assessment is based solely on the provided image. A comprehensive evaluation would require a complete ophthalmologic examination, including visual acuity testing, fundus photography, and potentially optical coherence tomography (OCT) and fluorescein angiography.
*   The severity of diabetic retinopathy can vary depending on the individual's glycemic control, blood pressure, and other factors.
*   The presence of macular edema can be a significant cause of vision loss in diabetic retinopathy.

**Recommendations:**

*   The patient should be referred to an ophthalmologist for a comprehensive evaluation and management plan.
*   Management options may include laser photocoagulation, intravitreal injections of anti-VEGF medications, and/or observation.
*   Strict glycemic control is essential to prevent further progression of diabetic retinopathy.

**Disclaimer:** This information is for educational purposes only and should not be considered medical advice. It is essential to consult with a qualified ophthalmologist for diagnosis and treatment of any eye condition.
",43.4
33374_left,3,zero_shot,"Okay, I've reviewed the retinal fundus image. Here's a description of the findings and an assessment of the diabetic retinopathy severity:

**Description of Findings:**

*   **Macular Edema:** There is evidence of macular edema, characterized by fluid accumulation in the macula. This is indicated by the blurring of the central retinal details and the presence of a ""cotton wool spot"" in the macula.
*   **Microaneurysms:** There are numerous microaneurysms present, which are small, abnormal bulges in the walls of retinal capillaries. These are a hallmark of diabetic retinopathy.
*   **Hemorrhages:** There are several hemorrhages present, which are bleeding spots in the retina. These are also a sign of diabetic retinopathy.
*   **Cotton Wool Spots:** There are cotton wool spots, which are white, fluffy patches on the retina. These represent areas of retinal nerve fiber layer infarction due to ischemia.
*   **Vitreous Hemorrhage:** There is a vitreous hemorrhage, which is bleeding into the vitreous gel, the clear fluid that fills the eye. This can cause significant vision loss.
*   **Retinal Vein Occlusion:** There is a retinal vein occlusion, which is a blockage of a retinal vein. This can lead to retinal edema and ischemia.

**Diabetic Retinopathy Severity Assessment:**

Based on the findings, the diabetic retinopathy severity is likely **severe**.

*   The presence of macular edema, hemorrhages, cotton wool spots, and vitreous hemorrhage all indicate a high level of retinal damage and dysfunction.
*   The retinal vein occlusion further contributes to the severity of the condition.

**Important Considerations:**

*   This assessment is based solely on the provided image. A comprehensive evaluation would require a complete ophthalmologic examination, including visual acuity testing, fundus photography, and potentially other diagnostic tests.
*   The severity of diabetic retinopathy can vary significantly from person to person, depending on factors such as the duration and control of diabetes, genetics, and other health conditions.
*   The presence of macular edema can significantly impact visual acuity and quality of life.

**Recommendations:**

Given the severity of the diabetic retinopathy, the patient should be referred to an ophthalmologist for further evaluation and management. Treatment options may include:

*   **Anti-VEGF injections:** To reduce macular edema and improve vision.
*   **Laser photocoagulation:** To seal leaking blood vessels and reduce",46.8
27773_right,3,zero_shot,"Okay, I've reviewed the retinal fundus image. Here's a description of the findings and an assessment of the diabetic retinopathy severity:

**Description of Findings:**

*   **Macula:** The macula appears relatively normal in size and shape. There is no obvious macular edema or significant drusen noted.
*   **Retinal Vessels:** The retinal vessels appear to be somewhat attenuated (narrowed) in the nerve fiber layer, which is a common finding in diabetic retinopathy. There are some signs of microaneurysms, which are small, abnormal bulges in the walls of the retinal blood vessels.
*   **Cotton Wool Spots:** There are some small, white fluffy patches (cotton wool spots) seen in the nerve fiber layer. These indicate areas of retinal nerve fiber layer infarction, which are a sign of ischemia (lack of blood flow).
*   **Hemorrhages:** There are some small hemorrhages (bleeding) present in the retina.
*   **Optic Disc:** The optic disc appears normal in appearance.

**Diabetic Retinopathy Severity Assessment:**

Based on the findings, the diabetic retinopathy severity is likely **Mild to Moderate**.

Here's the reasoning:

*   **Mild:** The presence of microaneurysms and some hemorrhages are consistent with mild diabetic retinopathy.
*   **Moderate:** The presence of cotton wool spots indicates a more advanced stage of diabetic retinopathy.

**Important Considerations:**

*   **This is a preliminary assessment based on a single image.** A comprehensive evaluation requires a full dilated fundus examination, including assessment of the peripheral retina, and potentially other imaging modalities like OCT (Optical Coherence Tomography) or fluorescein angiography.
*   **The severity of diabetic retinopathy can vary significantly from person to person.** Factors such as the duration of diabetes, blood sugar control, blood pressure control, and other health conditions can influence the progression of the disease.
*   **This assessment is for informational purposes only and should not be used to self-diagnose or treat any medical condition.** It is essential to consult with an ophthalmologist for a proper diagnosis and management plan.

**Recommendations:**

*   **Consult with an ophthalmologist for a comprehensive dilated fundus examination.**
*   **Discuss the findings with your ophthalmologist to determine the appropriate management plan.** This may include monitoring the condition, lifestyle modifications (such as diet and exercise), and/or medication.
*   **Maintain good blood sugar, blood",47.0
14129_right,3,zero_shot,"Based on the retinal fundus image, the findings are highly suggestive of **severe diabetic retinopathy, likely with a component of diabetic maculopathy and vitreous hemorrhage.**

Here's a breakdown of the key observations:

*   **Widespread Retinal Edema:** There is significant retinal edema throughout the fundus, appearing as a hazy, diffuse opacity. This is a hallmark of diabetic retinopathy and can be caused by increased vascular permeability.
*   **Microaneurysms:** Small, red dots (microaneurysms) are present, indicating damage to the retinal capillaries.
*   **Hemorrhages:** There are numerous hemorrhages throughout the retina, including flame-shaped hemorrhages and dot-blot hemorrhages. These are caused by leakage from damaged blood vessels.
*   **Cotton Wool Spots:** These are fluffy, white patches representing areas of retinal nerve fiber layer infarction. They indicate ischemia.
*   **Vitreous Hemorrhage:** The presence of blood in the vitreous humor (vitreous hemorrhage) is a significant finding. This can cause significant vision loss.
*   **Macular Edema:** The macula, the central part of the retina responsible for sharp central vision, appears to be affected by edema, which can lead to blurred central vision.
*   **Neovascularization:** The presence of new blood vessel growth (neovascularization) is a serious complication of diabetic retinopathy. These new vessels are fragile and prone to bleeding.

**Severity Assessment:**

Given the combination of these findings, the diabetic retinopathy severity is likely **severe**. The presence of vitreous hemorrhage, significant retinal edema, and neovascularization all point to a high-risk condition.

**Important Considerations:**

*   **Differential Diagnosis:** While the findings are highly suggestive of diabetic retinopathy, other conditions can cause similar findings.
*   **Clinical History:** The patient's history of diabetes, blood sugar control, and other relevant medical conditions are crucial for accurate diagnosis and management.
*   **Further Evaluation:** This image alone is not sufficient for a definitive diagnosis. Further evaluation, including optical coherence tomography (OCT), fluorescein angiography (FA), and possibly ultrasound, is necessary to confirm the diagnosis and assess the extent of the disease.

**Management:**

The management of severe diabetic retinopathy with vitreous hemorrhage and neovascularization typically involves:

*   **Intravitreal Anti-VEGF Injections:** These injections help to reduce neovascularization and macular edema.",46.9
12014_left,3,zero_shot,"Okay, based on the retinal fundus image provided, here's a detailed description and assessment of the diabetic retinopathy severity:

**Findings:**

*   **Extensive Retinal Edema:** There is significant retinal edema, particularly in the nerve fiber layer and inner retinal layers. This is indicated by the hazy, indistinct appearance of the retinal vessels and the overall blurring of the fundus details.
*   **Cotton Wool Spots:** Numerous cotton wool spots are present throughout the retina. These represent areas of retinal nerve fiber layer infarction due to ischemia.
*   **Microaneurysms:** Microaneurysms are visible, indicating early diabetic retinopathy.
*   **Hemorrhages:** There are widespread hemorrhages, including flame-shaped hemorrhages and dot-blot hemorrhages. These are signs of blood vessel damage and leakage.
*   **Macular Edema:** The macula, the central part of the retina responsible for sharp central vision, appears to be affected by edema. This is a critical finding as macular edema can lead to significant visual impairment.
*   **Vitreous Hemorrhage:** There is a vitreous hemorrhage, which is the presence of blood in the vitreous cavity (the clear gel that fills the eye). This is a serious finding that can significantly impair vision.
*   **Neovascularization:** The presence of new blood vessel growth (neovascularization) is evident. This is a hallmark of proliferative diabetic retinopathy (PDR), a severe stage of the disease. The new vessels are often fragile and prone to bleeding.
*   **Glaucoma:** The optic disc appears to be cupped, suggesting glaucoma.

**Diabetic Retinopathy Severity Assessment:**

Based on the findings, the diabetic retinopathy severity is **severe, likely proliferative diabetic retinopathy (PDR) with vitreous hemorrhage.**

**Explanation of Severity:**

*   **Proliferative Diabetic Retinopathy (PDR):** The presence of neovascularization is the defining feature of PDR. This indicates a significant level of retinal ischemia and a high risk of further complications.
*   **Vitreous Hemorrhage:** The vitreous hemorrhage is a serious complication of PDR. It can cause significant vision loss and may require surgical intervention (vitrectomy) to clear the blood.
*   **Macular Edema:** Macular edema further contributes to vision loss and can be difficult to treat.
*   **Extensive Retinal Edema and Hemorrhages:**",47.0
32821_left,3,zero_shot,"Okay, based on the retinal fundus image provided, here's a detailed description and assessment of the diabetic retinopathy severity:

**Findings:**

*   **Significant Retinal Edema:** There is widespread retinal edema, particularly in the nerve fiber layer and the outer retinal layers. This is evident as a hazy, indistinct appearance of the retinal vessels and the overall retinal architecture.
*   **Microaneurysms:** Numerous microaneurysms are present, particularly in the superficial capillary network. These are small, red, and dot-like lesions.
*   **Hemorrhages:** There are several hemorrhages present, including flame-shaped hemorrhages and dot-blot hemorrhages. These are areas of blood leakage from damaged blood vessels.
*   **Cotton Wool Spots:** There are cotton wool spots, which are fluffy, white lesions representing areas of retinal nerve fiber layer infarction.
*   **Hard Exudates:** There are hard exudates, which are yellowish, waxy lesions representing lipid deposits from leaking blood vessels.
*   **Vitreous Hemorrhage:** There is a vitreous hemorrhage, which is blood in the vitreous cavity. This is causing obscuration of the fundus view.
*   **Macular Edema:** The macula, the central part of the retina responsible for central vision, appears to be affected by edema. This is indicated by the blurring of the central retinal details.
*   **Retinal Vein Occlusion:** There is evidence of retinal vein occlusion, which is indicated by the dilated and tortuous retinal veins.

**Diabetic Retinopathy Severity Assessment:**

Based on these findings, the diabetic retinopathy severity is likely **severe**.

*   The presence of vitreous hemorrhage, significant retinal edema, multiple hemorrhages, cotton wool spots, and hard exudates all point to a high level of retinal damage.
*   The macular edema further complicates the situation, as it can lead to significant visual impairment.
*   The retinal vein occlusion is also a significant finding, as it can lead to further retinal damage and vision loss.

**Important Considerations:**

*   This assessment is based solely on the provided image. A comprehensive evaluation would require a complete ophthalmic examination, including visual acuity testing, fundus photography, and potentially other imaging modalities (e.g., optical coherence tomography (OCT), fluorescein angiography).
*   The severity of diabetic retinopathy can vary depending on the individual's glycemic control, blood pressure, and",46.8
3343_right,3,zero_shot,"Okay, based on the retinal fundus image provided, here's a description of the findings and an assessment of the diabetic retinopathy severity:

**Findings:**

*   **Microaneurysms:** These are small, red dots representing ruptures in the capillary walls. They are a hallmark of diabetic retinopathy. I see several scattered throughout the image, particularly in the nerve fiber layer.
*   **Hemorrhages:** There are some areas of bleeding visible, which could be from microaneurysms or other vascular damage.
*   **Cotton Wool Spots:** These are fluffy, white patches representing areas of nerve fiber layer infarction (ischemia). I see some of these, particularly in the nerve fiber layer.
*   **Hard Exudates:** These are yellowish, waxy deposits that represent lipid and protein leakage from damaged blood vessels. They are often seen in the macula and periphery.
*   **Retinal Vein Occlusion:** There is a possible retinal vein occlusion, which is a blockage of a retinal vein.
*   **Macular Edema:** There is some evidence of fluid accumulation in the macula, which can cause blurry vision.

**Diabetic Retinopathy Severity Assessment:**

Based on the findings, the diabetic retinopathy severity is likely **Moderate to Severe**.

Here's why:

*   The presence of microaneurysms, hemorrhages, and cotton wool spots indicates significant retinal damage.
*   The presence of hard exudates suggests chronic leakage and damage to the retinal vasculature.
*   The possible retinal vein occlusion is a serious finding that can lead to further vision loss.
*   The macular edema is a significant concern as it can cause central vision loss.

**Important Considerations:**

*   This assessment is based solely on the provided image. A comprehensive evaluation would require a complete ophthalmologic examination, including visual acuity testing, fundus photography, and potentially optical coherence tomography (OCT) and fluorescein angiography.
*   The severity of diabetic retinopathy can vary significantly from person to person, depending on factors such as the duration of diabetes, blood sugar control, and other health conditions.
*   The presence of macular edema can significantly impact visual acuity and quality of life.

**Recommendations:**

*   **Immediate referral to an ophthalmologist is crucial.**
*   The ophthalmologist will perform a thorough examination to confirm the diagnosis and assess the extent of the damage.
*   Treatment options may include laser photocoagulation, intrav",46.8
34445_right,3,zero_shot,"Okay, based on the retinal fundus image, here's a detailed description and assessment of the diabetic retinopathy severity:

**Description of Findings:**

*   **Widespread Microaneurysms:** The image shows numerous small, red dots (microaneurysms) scattered throughout the retina. These are a hallmark of diabetic retinopathy.
*   **Hemorrhages:** There are significant areas of retinal hemorrhages, appearing as bright red patches. These are a sign of blood vessel damage and leakage.
*   **Cotton Wool Spots:** These are fluffy, white patches representing areas of retinal nerve fiber layer infarction (tissue death due to lack of blood supply). They are also a sign of significant vascular damage.
*   **Hard Exudates:** These are yellowish, waxy deposits that represent lipid and protein leakage from damaged blood vessels. They are a sign of chronic retinal damage.
*   **Vitreous Hemorrhage:** There appears to be blood in the vitreous humor (the gel-like substance that fills the eye). This is a serious finding that can cause vision loss.
*   **Macular Edema:** The macula (the central part of the retina responsible for sharp, central vision) appears to be swollen, indicated by the presence of fluid. This can significantly impair central vision.
*   **Retinal Vein Occlusion:** There are signs of retinal vein occlusion, which is a blockage of a retinal vein. This can lead to retinal hemorrhages and edema.
*   **Arteriole Occlusion:** There are signs of arteriole occlusion, which is a blockage of a retinal artery. This can lead to retinal ischemia and infarction.

**Assessment of Diabetic Retinopathy Severity:**

Based on the findings, this image demonstrates **severe diabetic retinopathy**. Specifically, it appears to be a case of **Diabetic Retinopathy with Macular Edema and Vitreous Hemorrhage**.

**Severity Justification:**

*   The presence of widespread microaneurysms, hemorrhages, cotton wool spots, and hard exudates indicates significant retinal damage.
*   The vitreous hemorrhage is a serious complication that can cause significant vision loss.
*   The macular edema further compromises central vision.
*   The presence of retinal vein occlusion and arteriole occlusion indicates a high level of vascular damage.

**Clinical Implications:**

This patient requires immediate and comprehensive ophthalmological evaluation and management. The following steps are typically taken:

*   **Intensive",46.6
18819_right,3,zero_shot,"Okay, based on the retinal fundus image provided, here's a detailed description and assessment of the diabetic retinopathy severity:

**Description of Findings:**

*   **Significant Retinal Edema:** There is extensive retinal edema, particularly in the macula and surrounding areas. This is indicated by the blurred appearance of the retinal vessels and the presence of fluid accumulation.
*   **Microaneurysms:** Numerous microaneurysms are present, which are small, abnormal bulges in the walls of the retinal capillaries.
*   **Hemorrhages:** There are widespread hemorrhages throughout the retina, including flame-shaped hemorrhages and dot-blot hemorrhages.
*   **Cotton Wool Spots:** Cotton wool spots, which are areas of retinal nerve fiber layer infarction, are visible.
*   **Macular Edema:** The macula, the central part of the retina responsible for sharp central vision, appears to be significantly affected by edema.
*   **Vitreous Hemorrhage:** There is evidence of vitreous hemorrhage, which is bleeding into the vitreous gel (the clear, jelly-like substance that fills the eye). This is indicated by the obscuration of the fundus view.
*   **Possible Retinal Detachment:** The image quality is poor, but there is a possibility of a retinal detachment, particularly in the peripheral retina.

**Assessment of Diabetic Retinopathy Severity:**

Based on these findings, the diabetic retinopathy severity is likely **Severe Diabetic Retinopathy with Macular Edema and Vitreous Hemorrhage.**

**Specific Grading:**

*   **Diabetic Retinopathy (DR) Stage:** This image likely represents a DR stage of **P4 (Proliferative Diabetic Retinopathy)** or **P5 (Proliferative Diabetic Retinopathy with Neovascularization)**. The presence of neovascularization (new blood vessel growth) is not definitively visible in this image, but the extensive retinal changes and vitreous hemorrhage suggest a high risk of neovascularization.
*   **Macular Edema (ME):** The presence of significant macular edema is a key factor in the severity assessment.
*   **Vitreous Hemorrhage (VH):** The vitreous hemorrhage is a significant finding that can lead to vision loss if not treated.

**Clinical Implications:**

This presentation indicates a high risk of vision loss. The macular edema and vitreous hemorrhage can significantly impair central vision. Prompt ophthalmological evaluation and treatment",46.9
36740_right,3,zero_shot,"Okay, based on the retinal fundus image provided, here's a description of the findings and an assessment of the diabetic retinopathy severity:

**Description of Findings:**

*   **Dark Fundus:** The image appears to be relatively dark, which can be due to several factors, including poor lighting conditions during the image capture, the patient's pupil size, or the presence of media opacities (clouding of the lens).
*   **Retinal Hemorrhages:** There are several areas of retinal hemorrhages present. These appear as red or reddish-brown spots within the retina. The distribution and density of these hemorrhages are important for assessing severity.
*   **Cotton Wool Spots:** These are fluffy, white patches that represent areas of retinal nerve fiber layer infarction (ischemia). They are also a sign of diabetic retinopathy.
*   **Microaneurysms:** These are small, red, and dot-like lesions that represent outpouchings of the retinal capillaries. They are a hallmark of diabetic retinopathy.
*   **Macular Edema:** The macula is the central part of the retina responsible for central vision. The presence of edema (swelling) in the macula can cause blurred vision.
*   **Possible Retinal Vein Occlusion:** There is a possible sign of retinal vein occlusion, which can be seen as a ""blood and thunder"" appearance.

**Diabetic Retinopathy Severity Assessment:**

Based on the findings, the diabetic retinopathy severity appears to be **moderate to severe**.

Here's why:

*   **Presence of Hemorrhages:** The presence of multiple hemorrhages indicates a significant level of retinal damage.
*   **Cotton Wool Spots:** The presence of cotton wool spots suggests retinal ischemia, which is a sign of more advanced diabetic retinopathy.
*   **Microaneurysms:** The presence of microaneurysms indicates that the retinal capillaries are damaged.
*   **Macular Edema:** Macular edema can significantly impair central vision and is a major cause of vision loss in diabetic retinopathy.

**Important Considerations:**

*   **This assessment is based solely on the provided image.** A complete evaluation requires a comprehensive examination by an ophthalmologist, including:
    *   Detailed assessment of the retinal vasculature.
    *   Measurement of the macula's thickness (OCT).
    *   Assessment of the visual field.
    *   Evaluation of the patient's visual acuity.
*",46.8
40731_left,3,zero_shot,"Based on the retinal fundus image, the findings are highly suggestive of **severe diabetic retinopathy (DR)**, likely with a component of diabetic macular edema (DME) and potentially vitreous hemorrhage.

Here's a breakdown of the key findings:

*   **Widespread Retinal Hemorrhages:** There are numerous, dense hemorrhages throughout the retina, particularly in the nerve fiber layer and superficial capillary network. This indicates significant vascular damage and leakage.
*   **Cotton Wool Spots:** These are fluffy, white lesions representing areas of retinal nerve fiber layer infarction due to ischemia. Their presence further supports the diagnosis of diabetic retinopathy.
*   **Hard Exudates:** These are yellowish, waxy lesions that represent lipid and protein deposits in the retina. They are a hallmark of diabetic macular edema (DME).
*   **Microaneurysms:** These are small, red dots representing outpouchings of retinal capillaries. While they can be seen in early DR, their presence in this image suggests a more advanced stage.
*   **Vitreous Hemorrhage:** The presence of blood in the vitreous cavity is a significant finding. It can cause significant visual impairment and may require intervention.
*   **Macular Edema:** The presence of hard exudates in the macula suggests macular edema, which can lead to central vision loss.

**Severity Assessment:**

Given the combination of these findings, the diabetic retinopathy severity is likely **severe**. The presence of vitreous hemorrhage and macular edema significantly impacts the visual prognosis.

**Important Considerations:**

*   **Confirmation:** This assessment is based solely on the fundus image. A comprehensive ophthalmological examination, including visual acuity testing, optical coherence tomography (OCT), and possibly fluorescein angiography, is necessary for a definitive diagnosis and management plan.
*   **Individual Variability:** The severity of DR can vary significantly between individuals, even with similar clinical findings.
*   **Management:** The management of severe DR with vitreous hemorrhage and DME typically involves a multidisciplinary approach, including laser photocoagulation, intravitreal injections of anti-VEGF medications, and possibly vitrectomy surgery.

**Disclaimer:** This is an expert opinion based on the provided image. A definitive diagnosis and treatment plan should be determined by a qualified ophthalmologist after a comprehensive examination.
",43.9
3422_right,3,zero_shot,"Okay, based on the retinal fundus image provided, I can assess the severity of diabetic retinopathy.

**Findings:**

The image shows a severe and widespread retinal vascular occlusion with significant hemorrhages, cotton wool spots, and microaneurysms. The retinal vessels appear engorged and tortuous. There is evidence of significant retinal edema. The optic disc appears swollen.

**Diabetic Retinopathy Severity Assessment:**

Based on these findings, the diabetic retinopathy is classified as **Severe Diabetic Retinopathy, likely with a component of Diabetic Retinopathy with Macular Edema (DRME)**.

Here's a breakdown of why:

*   **Severe Hemorrhages:** The presence of numerous hemorrhages throughout the retina indicates a high level of vascular damage.
*   **Cotton Wool Spots:** These represent areas of retinal nerve fiber layer infarction due to ischemia, further supporting the diagnosis of severe vascular compromise.
*   **Microaneurysms:** While microaneurysms are a hallmark of diabetic retinopathy, their presence in this image, along with the other findings, suggests a more advanced stage.
*   **Retinal Edema:** The swelling of the retina indicates fluid accumulation due to vascular leakage, which is a common feature of severe diabetic retinopathy.
*   **Optic Disc Swelling:** This suggests significant retinal vascular occlusion and edema, potentially leading to optic nerve involvement.

**Important Considerations:**

*   **Macular Edema:** The presence of macular edema is a significant concern, as it can lead to vision loss. The image does not definitively show macular edema, but the overall picture suggests it is likely present.
*   **Other Factors:** The severity of diabetic retinopathy can be influenced by factors such as the duration of diabetes, glycemic control, and other medical conditions.

**Recommendations:**

Given the severity of the findings, prompt ophthalmological evaluation and management are crucial. This may include:

*   **Intensive Blood Sugar Control:** Optimizing glycemic control is essential to reduce further vascular damage.
*   **Anti-VEGF Injections:** These medications can help reduce macular edema and improve vision.
*   **Laser Photocoagulation:** This procedure can be used to treat retinal hemorrhages and neovascularization.
*   **Vitrectomy:** In cases of severe vitreous hemorrhage or tractional retinal detachment, a vitrectomy may be necessary.

**Disclaimer:**

This assessment is based solely on the provided retinal fundus image and is for",47.0
4366_right,3,zero_shot,"Okay, based on the retinal fundus image provided, here's a detailed description and assessment of the diabetic retinopathy severity:

**Findings:**

*   **Widespread Retinal Edema:** There is significant retinal edema, indicated by the presence of fluid accumulation in the outer retinal layers. This is evident as a hazy, indistinct appearance of the retinal vessels and the overall retinal architecture.
*   **Microaneurysms:** Numerous microaneurysms are present throughout the retina. These are small, red, and dot-like lesions that represent weakened capillary walls.
*   **Hemorrhages:** There are widespread hemorrhages, including dot-blot hemorrhages and flame-shaped hemorrhages. These indicate bleeding from damaged blood vessels.
*   **Cotton Wool Spots:** Cotton wool spots are present, which are white, fluffy lesions that represent areas of retinal nerve fiber layer infarction (ischemia).
*   **Hard Exudates:** Hard exudates are present, which are yellowish, waxy lesions that represent lipid and protein deposits in the retina. These are a sign of chronic leakage from damaged blood vessels.
*   **Vessel Occlusion:** There are signs of vessel occlusion, such as areas of retinal whitening and the presence of cotton wool spots. This indicates that blood flow to certain areas of the retina has been compromised.
*   **Macular Edema:** The macula, the central part of the retina responsible for sharp central vision, appears to be affected by edema. This can lead to blurred central vision.

**Diabetic Retinopathy Severity Assessment:**

Based on the findings described above, the diabetic retinopathy severity is likely **severe**.

**Justification:**

*   The presence of widespread retinal edema, numerous microaneurysms, hemorrhages, cotton wool spots, and hard exudates all point to a high level of retinal damage and vascular dysfunction.
*   The presence of macular edema further complicates the situation, as it can significantly impair central vision.
*   The presence of vessel occlusion indicates a more advanced stage of diabetic retinopathy.

**Important Considerations:**

*   This assessment is based solely on the provided image. A comprehensive evaluation would require a complete ophthalmologic examination, including visual acuity testing, fundus photography, and potentially other diagnostic tests.
*   The severity of diabetic retinopathy can vary depending on the individual's glycemic control, blood pressure, and other factors.
*   The presence of diabetic retinopathy can lead to vision loss if not properly",46.8
22930_left,3,zero_shot,"Okay, based on the retinal fundus image provided, here's a detailed description and assessment of the diabetic retinopathy severity:

**Findings:**

*   **Widespread Retinal Edema:** There is significant retinal edema, appearing as a hazy, indistinct appearance of the retinal vessels and the overall fundus. This is a hallmark of diabetic retinopathy.
*   **Microaneurysms:** Numerous microaneurysms are present, which are small, red, and dot-like lesions. These are a sign of early diabetic retinopathy.
*   **Hemorrhages:** There are numerous hemorrhages, appearing as red spots or streaks. These can be dot-blot hemorrhages (small, deep hemorrhages) or flame-shaped hemorrhages (longer, more superficial hemorrhages).
*   **Cotton Wool Spots:** These are fluffy, white patches representing areas of retinal nerve fiber layer infarction. They indicate ischemia.
*   **Hard Exudates:** These are yellowish, waxy deposits that represent lipid and protein leakage from damaged blood vessels. They are a sign of more advanced diabetic retinopathy.
*   **Vitreous Hemorrhage:** There is evidence of vitreous hemorrhage, which is bleeding into the vitreous gel of the eye. This can cause significant vision loss.
*   **Macular Edema:** The macula, the central part of the retina responsible for sharp central vision, appears to be affected by edema. This can lead to blurred or distorted central vision.
*   **Arteriolar Narrowing:** The retinal arterioles appear narrowed, which is a common finding in diabetic retinopathy due to damage to the blood vessel walls.
*   **Beading:** The retinal vessels may show a beaded appearance, which is a sign of arteriolar narrowing and occlusion.

**Severity Assessment:**

Based on the findings, the diabetic retinopathy severity is **severe**.

**Explanation of Severity:**

The presence of vitreous hemorrhage, macular edema, and extensive retinal edema, along with numerous hemorrhages and cotton wool spots, indicates a high level of retinal damage and dysfunction. This level of severity can lead to significant vision loss if not treated promptly.

**Important Considerations:**

*   **This is a preliminary assessment based on a single image.** A comprehensive evaluation by an ophthalmologist is necessary for a definitive diagnosis and treatment plan.
*   **The severity of diabetic retinopathy can vary.** The specific findings and their extent can differ from person to person.
*   **Treatment options are available",47.0
15319_left,3,zero_shot,"Okay, I've reviewed the retinal fundus image. Here's a description of the findings and an assessment of the diabetic retinopathy severity:

**Findings:**

*   **Macular Edema:** There appears to be some evidence of macular edema, indicated by a slightly blurred appearance of the central macula. This is a common finding in diabetic retinopathy.
*   **Microaneurysms:** Several small, red dots are visible, which are characteristic of microaneurysms. These are small, abnormal bulges in the walls of the retinal capillaries.
*   **Hemorrhages:** There are some small hemorrhages present, which are also indicative of diabetic retinopathy.
*   **Cotton Wool Spots:** There are some white, fluffy patches visible, which are known as cotton wool spots. These represent areas of retinal nerve fiber layer infarction (ischemia).
*   **Blood Vessel Changes:** The retinal blood vessels appear somewhat irregular and may show signs of thickening and narrowing, which are typical of diabetic retinopathy.

**Diabetic Retinopathy Severity Assessment:**

Based on the findings, the diabetic retinopathy severity appears to be **Mild to Moderate**.

*   The presence of microaneurysms, hemorrhages, and cotton wool spots suggests that the disease is present.
*   The macular edema is a significant finding that can affect vision.
*   The overall picture indicates that the disease is not severe, but it is present and requires monitoring and management.

**Important Considerations:**

*   This assessment is based solely on the provided image. A comprehensive evaluation would require a complete ophthalmologic examination, including visual acuity testing, fundus photography, and potentially other diagnostic tests.
*   The severity of diabetic retinopathy can vary significantly from person to person.
*   The presence of macular edema can significantly impact vision.
*   Regular follow-up with an ophthalmologist is crucial for managing diabetic retinopathy and preventing vision loss.

**Disclaimer:** This information is for educational purposes only and should not be considered medical advice. It is essential to consult with a qualified ophthalmologist for a proper diagnosis and treatment plan.
",40.7
40366_right,3,zero_shot,"Okay, I've reviewed the retinal fundus image. Here's a description of the findings and an assessment of the diabetic retinopathy severity:

**Findings:**

*   **Microaneurysms:** These are small, red dots representing ruptures in the capillary walls. They are the hallmark of diabetic retinopathy. I see numerous microaneurysms scattered throughout the fundus, particularly in the nerve fiber layer.
*   **Dot and blot hemorrhages:** These are small, red, and sometimes yellowish spots or blotches representing bleeding from damaged blood vessels. I observe these in the nerve fiber layer and in the outer retina.
*   **Cotton wool spots:** These are fluffy, white patches representing areas of retinal nerve fiber layer infarction (tissue death due to lack of blood supply). I see several cotton wool spots, particularly in the nerve fiber layer.
*   **Hard Exudates:** These are yellowish, waxy deposits that represent lipid and protein leakage from damaged blood vessels. I see some hard exudates, particularly in the perifoveal region (around the fovea, the central part of the macula responsible for sharp central vision).
*   **Macular edema:** There is evidence of macular edema, which is fluid accumulation in the macula. The hard exudates in the perifoveal region are suggestive of this.
*   **Vitreous Hemorrhage:** There is a vitreous hemorrhage, which is bleeding into the vitreous gel that fills the eye. This is a significant finding.
*   **Retinal Vein Occlusion:** There is a retinal vein occlusion, which is a blockage of a retinal vein. This is a significant finding.

**Diabetic Retinopathy Severity Assessment:**

Based on the findings, the diabetic retinopathy severity is **severe**.

**Explanation:**

The presence of multiple microaneurysms, dot and blot hemorrhages, cotton wool spots, hard exudates, macular edema, vitreous hemorrhage, and retinal vein occlusion all indicate a high level of retinal damage and dysfunction. The vitreous hemorrhage is a particularly concerning finding, as it can significantly impair vision.

**Recommendations:**

Given the severity of the diabetic retinopathy, the following recommendations are crucial:

1.  **Immediate referral to a retinal specialist:** This is essential for further evaluation and management.
2.  **Intravitreal injections:** The patient will likely need intravitreal injections of anti-VEGF (vascular endothelial growth factor) medications to reduce",47.3
35850_right,3,zero_shot,"Okay, based on the retinal fundus image provided, here's a description of the findings and an assessment of the diabetic retinopathy severity:

**Description of Findings:**

*   **Macular Edema:** There appears to be some evidence of macular edema, indicated by the blurring of the central retinal details.
*   **Microaneurysms:** The image shows numerous microaneurysms, which are small, abnormal bulges in the walls of retinal blood vessels. These are a hallmark of diabetic retinopathy.
*   **Hemorrhages:** There are several hemorrhages present, which are bleeding spots within the retina. These can be dot-blot hemorrhages (small, deep hemorrhages) or flame-shaped hemorrhages (larger, more superficial hemorrhages).
*   **Cotton Wool Spots:** The image shows some cotton wool spots, which are white, fluffy patches on the retina. These represent areas of nerve fiber layer infarction (damage to the nerve fibers due to lack of blood supply).
*   **Vitreous Hemorrhage:** There is a vitreous hemorrhage, which is bleeding into the vitreous gel (the clear, jelly-like substance that fills the eye). This can cause blurred vision and floaters.
*   **Retinal Vein Occlusion:** There is a retinal vein occlusion, which is a blockage of a retinal vein. This can lead to swelling and bleeding in the retina.

**Diabetic Retinopathy Severity Assessment:**

Based on the findings described above, the diabetic retinopathy severity is likely **severe**.

**Justification:**

*   The presence of multiple microaneurysms, hemorrhages, cotton wool spots, and macular edema all indicate a significant level of retinal damage.
*   The vitreous hemorrhage is a particularly concerning finding, as it can lead to significant vision loss if not treated promptly.
*   The retinal vein occlusion further contributes to the severity of the condition.

**Important Considerations:**

*   This assessment is based solely on the provided image. A comprehensive evaluation would require a complete ophthalmological examination, including visual acuity testing, fundus photography, and potentially other diagnostic tests.
*   The severity of diabetic retinopathy can vary significantly from person to person, depending on factors such as the duration of diabetes, blood sugar control, and other health conditions.
*   The presence of these findings does not necessarily mean that the patient is legally blind. However, it does indicate a high risk of vision loss if the condition is not",46.8
8678_left,3,zero_shot,"Okay, based on the retinal fundus image provided, here's a detailed description and assessment of the diabetic retinopathy severity:

**Description of Findings:**

The image shows significant retinal changes consistent with severe diabetic retinopathy. Key findings include:

*   **Widespread Retinal Edema:** There is extensive retinal edema, particularly in the nerve fiber layer and inner retinal layers. This is indicated by the hazy, indistinct appearance of the retinal vessels and the presence of fluid in the spaces between the retinal cells.
*   **Microaneurysms:** Numerous microaneurysms are present throughout the retina, particularly in the nerve fiber layer. These are small, dilated blood vessels that are a hallmark of diabetic retinopathy.
*   **Hemorrhages:** There are numerous hemorrhages of varying sizes, including flame-shaped hemorrhages, dot-blot hemorrhages, and larger, more confluent areas of bleeding. These hemorrhages are a result of damaged blood vessels leaking blood into the retina.
*   **Cotton Wool Spots:** These are fluffy, white patches representing areas of retinal nerve fiber layer infarction (ischemia). They are a sign of significant retinal ischemia.
*   **Hard Exudates:** These are yellowish, waxy deposits that represent lipid and protein leakage from damaged blood vessels. They are often found in the macula and can cause vision loss.
*   **Vitreous Hemorrhage:** There is evidence of vitreous hemorrhage, which is bleeding into the vitreous gel (the clear gel that fills the eye). This can cause significant vision loss.
*   **Macular Edema:** The macula, the central part of the retina responsible for sharp, central vision, is likely affected by edema. This can cause blurred or distorted central vision.
*   **Neovascularization:** The presence of new, abnormal blood vessels (neovascularization) is highly suggestive of proliferative diabetic retinopathy (PDR). These new vessels are fragile and prone to bleeding, which can lead to vitreous hemorrhage and tractional retinal detachment.

**Assessment of Diabetic Retinopathy Severity:**

Based on the findings described above, the diabetic retinopathy severity is most likely **Severe Diabetic Retinopathy, likely with Proliferative Diabetic Retinopathy (PDR)**.

Here's why:

*   **Presence of Hemorrhages, Edema, and Cotton Wool Spots:** These findings indicate significant retinal damage and ischemia.
*   **Vitreous Hemorrhage:** This is a serious complication",47.5
11267_left,3,zero_shot,"Okay, based on the retinal fundus image provided, here's a description of the findings and an assessment of the diabetic retinopathy severity:

**Description of Findings:**

*   **Widespread Microaneurysms:** The image shows numerous small, red dots (microaneurysms) scattered throughout the retina. These are a hallmark of diabetic retinopathy.
*   **Hemorrhages:** There are also visible hemorrhages (bleeding) present in the retina. These are often described as dot-blot hemorrhages, which are small, deep hemorrhages within the retina.
*   **Cotton Wool Spots:** The image also shows cotton wool spots, which are fluffy, white patches representing areas of nerve fiber layer infarction (ischemia).
*   **Macular Edema:** The macula, the central part of the retina responsible for sharp, central vision, appears to have some edema (swelling). This is indicated by the blurring of the details in the center of the image.
*   **Blood Vessel Changes:** The retinal blood vessels appear to be thickened and irregular, which is characteristic of diabetic retinopathy.

**Diabetic Retinopathy Severity Assessment:**

Based on the findings described above, the diabetic retinopathy severity is likely **severe**.

**Reasoning:**

*   The presence of widespread microaneurysms, hemorrhages, and cotton wool spots indicates significant retinal damage.
*   The presence of macular edema further complicates the situation, as it can lead to vision loss.
*   The overall appearance of the retina suggests a high level of vascular damage and dysfunction.

**Important Considerations:**

*   This assessment is based solely on the provided image. A comprehensive evaluation would require a complete ophthalmologic examination, including visual acuity testing, fundus photography, and potentially other diagnostic tests.
*   The severity of diabetic retinopathy can vary from person to person, and the specific findings may differ depending on the individual's history and other factors.
*   The presence of macular edema can significantly impact vision, and treatment options are available to help manage it.

**Disclaimer:**

This information is for educational purposes only and should not be considered medical advice. It is essential to consult with a qualified ophthalmologist for a proper diagnosis and treatment plan.
",42.9
8302_left,3,zero_shot,"Okay, I've reviewed the retinal fundus image. Here's a description of the findings and an assessment of the diabetic retinopathy severity:

**Findings:**

*   **Macular Edema:** There appears to be some evidence of macular edema, indicated by the hazy appearance of the macula and the presence of fluid in the outer retinal layers.
*   **Microaneurysms:** Several microaneurysms are visible, particularly in the nerve fiber layer.
*   **Hemorrhages:** There are several hemorrhages present, including flame-shaped hemorrhages and dot-blot hemorrhages.
*   **Cotton Wool Spots:** Cotton wool spots are present, indicating areas of retinal nerve fiber layer infarction.
*   **Optic Disc:** The optic disc appears relatively normal in appearance.

**Diabetic Retinopathy Severity Assessment:**

Based on these findings, the diabetic retinopathy severity is likely **moderate to severe**.

**Explanation:**

*   The presence of microaneurysms, hemorrhages, and cotton wool spots indicates a significant level of retinal damage.
*   The macular edema further complicates the picture and can lead to vision loss if not treated.
*   The combination of these findings suggests that the patient has progressed beyond mild or moderate diabetic retinopathy.

**Important Considerations:**

*   This assessment is based solely on the provided image. A comprehensive evaluation would require a complete ophthalmologic examination, including visual acuity testing, fundus photography, and potentially optical coherence tomography (OCT) to assess the extent of macular edema.
*   The severity of diabetic retinopathy can vary significantly from person to person, depending on factors such as the duration of diabetes, glycemic control, and other health conditions.
*   The presence of macular edema can significantly impact visual acuity and quality of life.

**Recommendations:**

*   The patient should be referred to an ophthalmologist for a comprehensive evaluation and management plan.
*   Management may include laser photocoagulation, intravitreal injections of anti-VEGF medications, and/or other treatments to reduce macular edema and prevent further vision loss.
*   Strict glycemic control is essential to prevent further progression of diabetic retinopathy.

**Disclaimer:** This assessment is for informational purposes only and should not be considered a substitute for professional medical advice. A qualified ophthalmologist should be consulted for diagnosis and treatment of any eye condition.
",44.9
9598_right,4,zero_shot,"Okay, based on the provided retinal fundus image, here's a description of the findings and an assessment of the diabetic retinopathy severity:

**Description of Findings:**

*   **Extensive Retinal Hemorrhages:** The image shows widespread retinal hemorrhages, appearing as bright red spots throughout the fundus. These are a hallmark of diabetic retinopathy.
*   **Cotton Wool Spots:** These appear as fluffy, white patches, representing areas of retinal nerve fiber layer infarction. They are also a sign of diabetic retinopathy.
*   **Macular Edema:** The macula, the central part of the retina responsible for sharp, central vision, appears to have significant swelling. This is indicated by the blurring and indistinctness of the details in the macula.
*   **Microaneurysms:** These are tiny, red, spherical lesions that represent weakened blood vessel walls. They are often present in the early stages of diabetic retinopathy, but their presence in this image suggests a more advanced stage.
*   **Vitreous Hemorrhage:** The vitreous humor, the clear gel that fills the eye, appears to be filled with blood. This is a serious finding that can cause significant vision loss.
*   **Overall Appearance:** The image is generally hazy and difficult to interpret due to the extensive hemorrhages and edema.

**Assessment of Diabetic Retinopathy Severity:**

Based on the findings described above, the diabetic retinopathy severity is likely **severe**.

Here's why:

*   **Presence of Vitreous Hemorrhage:** This is a significant finding that indicates a high level of retinal damage.
*   **Macular Edema:** Macular edema is a major cause of vision loss in diabetic retinopathy and is a sign of advanced disease.
*   **Extensive Hemorrhages and Cotton Wool Spots:** These indicate significant retinal vascular damage and ischemia.

**Important Considerations:**

*   **This assessment is based solely on the provided image.** A complete evaluation would require a comprehensive examination, including a detailed history, clinical examination, and potentially additional imaging studies (e.g., OCT, fluorescein angiography).
*   **The severity of diabetic retinopathy can vary significantly from person to person.** Factors such as the duration of diabetes, glycemic control, and other health conditions can influence the progression of the disease.
*   **This information is for educational purposes only and should not be considered medical advice.** It is essential to consult with a qualified ophthalmologist for a proper diagnosis and treatment",47.0
4688_right,4,zero_shot,"Okay, based on the retinal fundus image provided, here's a detailed description and assessment of the diabetic retinopathy severity:

**Findings:**

*   **Macular Edema:** There is significant macular edema, indicated by the fluid accumulation in the macula. This is a common complication of diabetic retinopathy and can cause blurred central vision.
*   **Retinal Hemorrhages:** There are multiple retinal hemorrhages present, which are small, red spots of blood within the retina. These are a sign of damage to the blood vessels.
*   **Cotton Wool Spots:** There are cotton wool spots, which are fluffy, white patches on the retina. These represent areas of nerve fiber layer infarction due to ischemia.
*   **Microaneurysms:** There are microaneurysms, which are tiny, abnormal bulges in the walls of the retinal blood vessels. These are a hallmark of diabetic retinopathy.
*   **Neovascularization:** There is evidence of neovascularization, which is the growth of new, abnormal blood vessels. This is a sign of proliferative diabetic retinopathy, a more severe form of the disease.
*   **Glaucoma:** There is a large, elevated intraocular pressure (IOP) in the eye, which is consistent with glaucoma. The elevated IOP can contribute to the development of diabetic retinopathy.
*   **Other findings:** There are also some signs of retinal detachment, which is a serious condition that can cause vision loss.

**Diabetic Retinopathy Severity Assessment:**

Based on the findings, the diabetic retinopathy severity is **severe**. The presence of macular edema, retinal hemorrhages, cotton wool spots, microaneurysms, and neovascularization all indicate a high level of retinal damage. The glaucoma also contributes to the overall severity of the condition.

**Important Considerations:**

*   This assessment is based solely on the provided image. A comprehensive evaluation would require a complete ophthalmological examination, including visual acuity testing, fundus examination, and possibly other diagnostic tests.
*   The severity of diabetic retinopathy can vary depending on the individual's overall health, blood sugar control, and other factors.
*   The presence of neovascularization is a particularly concerning finding, as it can lead to vision loss and other complications.

**Recommendations:**

Given the severity of the diabetic retinopathy, the patient should be referred to a retinal specialist for further evaluation and management. Treatment options may include:

*   **Anti-VEGF injections:** To",46.8
20432_right,4,zero_shot,"Okay, I've reviewed the retinal fundus image. Here's a description of the findings and an assessment of the diabetic retinopathy severity:

**Findings:**

*   **Macular Edema:** There appears to be some evidence of macular edema, indicated by the blurring of the central retinal details.
*   **Microaneurysms:** There are several microaneurysms present, which are small, red dots that represent weakened blood vessel walls.
*   **Hemorrhages:** There are some hemorrhages present, which are areas of bleeding within the retina.
*   **Cotton Wool Spots:** There are some cotton wool spots present, which are white, fluffy patches that represent areas of nerve fiber layer infarction.
*   **Hard Exudates:** There are some hard exudates present, which are yellowish deposits of lipid and protein that leak from damaged blood vessels.

**Diabetic Retinopathy Severity Assessment:**

Based on the findings, the diabetic retinopathy severity is likely **moderate to severe**.

*   The presence of microaneurysms, hemorrhages, cotton wool spots, and hard exudates all indicate a significant level of retinal damage.
*   The macular edema further complicates the situation, as it can lead to vision loss.

**Important Considerations:**

*   This assessment is based solely on the provided image. A comprehensive evaluation would require a complete ophthalmologic examination, including visual acuity testing, fundus photography, and potentially other imaging modalities (e.g., OCT, fluorescein angiography).
*   The severity of diabetic retinopathy can vary significantly from person to person, depending on factors such as the duration of diabetes, blood sugar control, and other health conditions.
*   The presence of macular edema can significantly impact vision, and treatment options may be necessary to reduce the edema and preserve vision.

**Disclaimer:** This information is for educational purposes only and should not be considered medical advice. It is essential to consult with a qualified ophthalmologist for a proper diagnosis and treatment plan.
",38.6
43050_left,4,zero_shot,"Based on the retinal fundus image, the findings are highly suggestive of **severe, proliferative diabetic retinopathy with vitreous hemorrhage and retinal detachment.**

Here's a breakdown of the key findings:

*   **Extensive Hemorrhages:** There are numerous areas of retinal hemorrhages, indicating significant vascular damage. The hemorrhages appear to be both intraretinal and subretinal.
*   **Vitreous Hemorrhage:** The presence of blood in the vitreous humor is a critical finding. This is likely due to the retinal hemorrhages bleeding into the vitreous cavity. The blood obscures the view of the retina, making it difficult to assess the extent of the damage.
*   **Retinal Detachment:** The image shows a clear separation of the retina from the underlying retinal pigment epithelium (RPE). This is a serious complication of proliferative diabetic retinopathy.
*   **Neovascularization:** The presence of new blood vessel growth (neovascularization) is indicated by the presence of cotton wool spots and flame-shaped hemorrhages. These are signs of ischemia and the body's attempt to compensate by forming new blood vessels.
*   **Significant Inflammation:** The presence of inflammatory cells and debris suggests a significant inflammatory response within the eye.
*   **Macular Edema:** The presence of fluid in the macula can cause blurred vision.

**Severity Assessment:**

Given the presence of vitreous hemorrhage, retinal detachment, and extensive hemorrhages, the diabetic retinopathy is classified as **severe**. The proliferative nature of the disease, with neovascularization, further contributes to the severity.

**Clinical Implications:**

This presentation is a medical emergency. The vitreous hemorrhage and retinal detachment can lead to significant vision loss. Prompt ophthalmological intervention is required to:

*   Control the bleeding.
*   Address the retinal detachment.
*   Manage the neovascularization.
*   Preserve or restore vision.

**Disclaimer:** This assessment is based solely on the provided retinal fundus image. A comprehensive ophthalmological examination, including visual acuity testing, fundus examination, and potentially other diagnostic tests, is necessary for a definitive diagnosis and treatment plan.
",40.9
17749_left,4,zero_shot,"Okay, based on the retinal fundus image provided, here's a description of the findings and an assessment of the diabetic retinopathy severity:

**Description of Findings:**

*   **Macular Edema:** There is evidence of macular edema, indicated by the presence of fluid accumulation in the macula. This is a common complication of diabetic retinopathy.
*   **Microaneurysms:** Microaneurysms are small, red dots that represent weakened blood vessel walls. They are a hallmark of diabetic retinopathy.
*   **Hemorrhages:** There are several hemorrhages present, which are areas of bleeding within the retina. These can be dot-blot hemorrhages (small, round hemorrhages) or flame-shaped hemorrhages (longer, more linear hemorrhages).
*   **Cotton Wool Spots:** Cotton wool spots are white, fluffy patches that represent areas of nerve fiber layer infarction (damage to the nerve fibers).
*   **Retinal Vein Occlusion:** There is a retinal vein occlusion, which is a blockage of a retinal vein. This can lead to retinal hemorrhages and edema.
*   **Arteriolar Narrowing:** The retinal arterioles (small arteries) appear narrowed, which is a sign of chronic hypertension and diabetes.

**Diabetic Retinopathy Severity Assessment:**

Based on the findings described above, the diabetic retinopathy severity is likely **severe**.

**Reasoning:**

*   The presence of macular edema, hemorrhages, cotton wool spots, and a retinal vein occlusion all indicate a significant level of retinal damage.
*   The combination of these findings suggests that the patient has progressed beyond the early stages of diabetic retinopathy and is experiencing complications that can threaten vision.

**Important Considerations:**

*   This assessment is based solely on the provided image. A comprehensive evaluation would require a complete ophthalmologic examination, including visual acuity testing, fundus photography, and potentially other diagnostic tests.
*   The severity of diabetic retinopathy can vary from person to person, and the specific findings may differ depending on the individual's history and other factors.
*   The presence of macular edema can significantly impact vision, and treatment options are available to help reduce the edema and preserve vision.

**Disclaimer:** This information is for educational purposes only and should not be considered medical advice. It is essential to consult with a qualified ophthalmologist for a proper diagnosis and treatment plan.
",45.2
20144_right,4,zero_shot,"Okay, based on the retinal fundus image provided, here's a detailed description and assessment of the diabetic retinopathy severity:

**Description of Findings:**

*   **Widespread Retinal Changes:** The image shows extensive retinal changes, including microaneurysms, hemorrhages, cotton wool spots, and hard exudates. These findings are characteristic of diabetic retinopathy.
*   **Microaneurysms:** These are small, red dots that represent weakened blood vessel walls. They are a hallmark of diabetic retinopathy.
*   **Hemorrhages:** There are numerous areas of bleeding within the retina. These can be dot-blot hemorrhages (small, localized bleeding) or flame-shaped hemorrhages (larger, more diffuse bleeding).
*   **Cotton Wool Spots:** These are white or yellowish-white patches that represent areas of nerve fiber layer infarction (ischemia). They are a sign of retinal ischemia.
*   **Hard Exudates:** These are yellowish, waxy deposits that represent lipid and protein leakage from damaged blood vessels. They are a sign of more advanced diabetic retinopathy.
*   **Macular Edema:** The macula, the central part of the retina responsible for central vision, appears to be affected by edema (swelling). This can cause blurred vision.
*   **Optic Disc:** The optic disc appears relatively normal, but it's important to note that optic disc changes can also occur in diabetic retinopathy.

**Assessment of Diabetic Retinopathy Severity:**

Based on the findings described above, the diabetic retinopathy severity is likely **severe**.

**Reasoning:**

*   The presence of numerous microaneurysms, hemorrhages, cotton wool spots, and hard exudates indicates significant retinal damage.
*   The presence of macular edema further complicates the situation and can lead to vision loss.
*   The overall picture suggests that the patient has progressed to a stage where the retina is severely compromised.

**Important Considerations:**

*   **This is a preliminary assessment based on a single image.** A comprehensive evaluation would require a complete dilated fundus examination, including assessment of the optic disc, retinal vessels, and the macula.
*   **The severity of diabetic retinopathy can vary.** The specific findings and their distribution can influence the overall severity.
*   **Other factors can affect the severity of diabetic retinopathy.** These include the duration of diabetes, blood sugar control, blood pressure control, and the presence of other medical conditions.
*   **",46.7
41339_right,4,zero_shot,"Okay, I've examined the retinal fundus image. Here's a description of the findings and an assessment of the diabetic retinopathy severity:

**Description of Findings:**

*   **Macular Edema:** There appears to be some evidence of macular edema. The central area of the macula (the part of the retina responsible for sharp, central vision) shows some blurring and indistinctness. This could be due to fluid accumulation in the macula.
*   **Cotton Wool Spots:** There are several small, white fluffy patches scattered throughout the fundus, particularly in the nerve fiber layer. These are indicative of microinfarcts, which are small areas of retinal tissue death due to lack of blood supply.
*   **Microaneurysms:** There are some small, red dots present, which are microaneurysms. These are tiny bulges in the walls of the retinal blood vessels, a hallmark of diabetic retinopathy.
*   **Retinal Vein Occlusion:** There is a possible retinal vein occlusion. The retinal veins appear to be narrowed and tortuous.
*   **Hyperpigmentation:** There is some hyperpigmentation in the fundus, which could be due to chronic inflammation or other factors.

**Diabetic Retinopathy Severity Assessment:**

Based on the findings, the diabetic retinopathy severity is likely **moderate to severe**.

*   The presence of cotton wool spots and microaneurysms indicates a significant level of retinal damage.
*   The macular edema further contributes to the severity, as it can lead to vision loss.
*   The possible retinal vein occlusion is also a concerning finding.

**Important Considerations:**

*   This assessment is based solely on the provided image. A comprehensive evaluation would require a complete ophthalmic examination, including visual acuity testing, fundus photography, and potentially other imaging modalities (e.g., OCT, fluorescein angiography).
*   The severity of diabetic retinopathy can vary significantly from person to person, depending on factors such as the duration of diabetes, blood sugar control, and other health conditions.
*   The presence of macular edema can be confirmed with Optical Coherence Tomography (OCT).

**Recommendations:**

Given the findings, I would recommend the following:

*   **Referral to an ophthalmologist:** A comprehensive eye exam is essential to confirm the diagnosis and assess the extent of the damage.
*   **Blood sugar control:** Strict blood sugar control is crucial to prevent further progression of diabetic retinopathy",46.7
9682_left,4,zero_shot,"Okay, based on the retinal fundus image provided, here's a detailed description and assessment of the diabetic retinopathy severity:

**Description of Findings:**

*   **Diffuse Retinal Changes:** The image shows widespread, diffuse retinal changes throughout the fundus. This is a key characteristic of advanced diabetic retinopathy.
*   **Microaneurysms:** Numerous small, red dots (microaneurysms) are visible throughout the retina. These are a hallmark of diabetic retinopathy and represent weakened capillary walls.
*   **Hemorrhages:** There are significant areas of retinal hemorrhages, appearing as red or dark areas. These indicate bleeding from damaged blood vessels.
*   **Cotton Wool Spots:** These are fluffy, white patches representing areas of retinal nerve fiber layer infarction (ischemia). They are also a sign of diabetic retinopathy.
*   **Hard Exudates:** These are yellowish, waxy deposits that represent lipid and protein leakage from damaged blood vessels. They are a sign of more advanced diabetic retinopathy.
*   **Macular Edema:** The macula, the central part of the retina responsible for sharp central vision, appears to have significant edema (swelling). This is a common complication of diabetic retinopathy and can lead to vision loss.
*   **Possible Vitreous Hemorrhage:** There is a possible vitreous hemorrhage, which is bleeding into the vitreous gel that fills the eye. This can cause significant vision loss.
*   **Possible Retinal Detachment:** There is a possible retinal detachment, which is when the retina separates from the back of the eye. This can cause significant vision loss.

**Assessment of Diabetic Retinopathy Severity:**

Based on the findings, the diabetic retinopathy severity is likely **severe**. The presence of widespread microaneurysms, hemorrhages, cotton wool spots, hard exudates, and macular edema all point to a high level of retinal damage. The possible vitreous hemorrhage and retinal detachment further increase the severity.

**Important Considerations:**

*   **This is a preliminary assessment based on a single image.** A comprehensive evaluation requires a complete ophthalmologic examination, including visual acuity testing, fundus photography, optical coherence tomography (OCT), and possibly fluorescein angiography.
*   **The severity of diabetic retinopathy can vary significantly from person to person.** Factors such as the duration of diabetes, blood sugar control, blood pressure control, and genetics can influence the progression of the disease.
*   **The presence of macular edema can significantly impact",46.6
11492_left,4,zero_shot,"Okay, based on the provided retinal fundus image, here's a detailed description and assessment of the diabetic retinopathy severity:

**Description of Findings:**

The image shows a fundus with widespread, extensive retinal changes. The following features are prominent:

*   **Widespread Retinal Edema:** There is significant retinal edema, appearing as a hazy, indistinct area, particularly in the periphery. This is a hallmark of diabetic retinopathy.
*   **Microaneurysms:** Numerous microaneurysms are present throughout the retina, particularly in the nerve fiber layer. These are small, red dots that represent weakened blood vessel walls.
*   **Hemorrhages:** There are numerous hemorrhages present, including flame-shaped hemorrhages and dot-blot hemorrhages. These are areas where blood has leaked from damaged blood vessels.
*   **Cotton Wool Spots:** These are white, fluffy patches that represent areas of retinal nerve fiber layer infarction (tissue death due to lack of blood supply). They are also present throughout the retina.
*   **Macular Edema:** The macula, the central part of the retina responsible for sharp, central vision, appears to have significant edema. This is a serious finding that can lead to central vision loss.
*   **Neovascularization:** The presence of new, abnormal blood vessels (neovascularization) is a key feature of proliferative diabetic retinopathy. These vessels are fragile and prone to bleeding.
*   **Vitreous Hemorrhage:** There is evidence of vitreous hemorrhage, which is bleeding into the vitreous gel (the clear, jelly-like substance that fills the eye). This can cause blurred vision or even complete vision loss.

**Assessment of Diabetic Retinopathy Severity:**

Based on the findings described above, the diabetic retinopathy severity is **severe**. Specifically, the image shows:

*   **Proliferative Diabetic Retinopathy (PDR):** The presence of neovascularization indicates PDR.
*   **Macular Edema:** The presence of macular edema is a significant finding that can cause vision loss.
*   **Vitreous Hemorrhage:** The presence of vitreous hemorrhage is a serious complication that can lead to vision loss.
*   **Extensive Retinal Changes:** The widespread presence of microaneurysms, hemorrhages, and cotton wool spots indicates a high degree of retinal damage.

**Overall Assessment:**

The image shows a very advanced stage of diabetic retinopathy with significant complications",46.8
11854_left,4,zero_shot,"Based on the retinal fundus image, the findings are highly suggestive of **severe diabetic retinopathy with extensive vitreous hemorrhage and retinal edema.**

Here's a breakdown of the key findings:

*   **Vitreous Hemorrhage:** The image shows significant blood within the vitreous cavity, obscuring the view of the retina. This is a major finding and indicates a high level of retinal damage.
*   **Retinal Edema:** The retina appears diffusely swollen, with a hazy appearance. This is a common consequence of diabetic retinopathy, where blood vessels leak fluid into the surrounding tissues.
*   **Cotton Wool Spots:** These are small, white fluffy lesions representing areas of retinal nerve fiber layer infarction. They are indicative of ischemia and are a sign of advanced diabetic retinopathy.
*   **Microaneurysms:** These are tiny, red dots representing weakened blood vessel walls. They are a hallmark of diabetic retinopathy.
*   **Flame-shaped hemorrhages:** These are linear areas of bleeding within the retina, also indicative of damaged blood vessels.
*   **Macular Edema:** The macula, the central part of the retina responsible for sharp central vision, appears to be affected by edema, which can lead to significant vision loss.
*   **Neovascularization:** The presence of new, abnormal blood vessels (neovascularization) is a serious complication of diabetic retinopathy. These vessels are fragile and prone to bleeding, contributing to the vitreous hemorrhage.
*   **Retinal Detachment:** The image shows signs of retinal detachment, which can occur as a result of the vitreous hemorrhage and traction on the retina.

**Severity Assessment:**

Given the presence of vitreous hemorrhage, retinal edema, cotton wool spots, microaneurysms, flame-shaped hemorrhages, macular edema, and neovascularization, the diabetic retinopathy severity is classified as **severe**. This stage of diabetic retinopathy poses a significant threat to vision and requires prompt and aggressive management.

**Management:**

The management of severe diabetic retinopathy with vitreous hemorrhage and retinal edema typically involves:

*   **Vitrectomy:** Surgical removal of the vitreous gel to clear the hemorrhage and allow for better visualization of the retina.
*   **Anti-VEGF Injections:** Medications that inhibit the growth of new blood vessels (vascular endothelial growth factor or VEGF) to reduce neovascularization and macular edema.
*   **Laser Photocoagulation:** Laser treatment to destroy abnormal blood vessels and reduce macular edema.",46.7
37232_left,4,zero_shot,"Okay, based on the retinal fundus image provided, here's a detailed description and assessment of the diabetic retinopathy severity:

**Description of Findings:**

*   **Widespread Retinal Edema:** There is significant retinal edema, particularly in the nerve fiber layer and outer plexiform layer. This is indicated by the hazy, indistinct appearance of the retinal vessels and the presence of fluid accumulation.
*   **Vitreous Hemorrhage:** There is evidence of vitreous hemorrhage, which is the presence of blood in the vitreous cavity. This is visible as a hazy, opaque area obscuring the view of the retina.
*   **Cotton Wool Spots:** Numerous cotton wool spots are present, which are small, white fluffy lesions representing microinfarcts of the nerve fiber layer.
*   **Hemorrhages:** There are numerous hemorrhages throughout the retina, including flame-shaped hemorrhages and dot-blot hemorrhages.
*   **Microaneurysms:** Microaneurysms are present, which are small, red, and dot-like lesions representing outpouchings of the retinal capillaries.
*   **Neovascularization:** There is evidence of neovascularization, which is the growth of new, abnormal blood vessels. This is indicated by the presence of flame-shaped hemorrhages and cotton wool spots.
*   **Macular Edema:** The macula, the central part of the retina responsible for central vision, appears to be affected by edema, which is indicated by the blurring of the central retinal details.

**Assessment of Diabetic Retinopathy Severity:**

Based on the findings described above, the diabetic retinopathy severity is likely **severe**.

**Justification:**

*   **Presence of vitreous hemorrhage:** This is a significant finding that indicates a high level of retinal damage and vascular leakage.
*   **Widespread retinal edema:** This suggests a significant disruption of the retinal blood supply and fluid balance.
*   **Neovascularization:** This is a hallmark of proliferative diabetic retinopathy and indicates a high risk of vision loss.
*   **Macular edema:** This can cause significant visual impairment and is a major cause of vision loss in diabetic retinopathy.

**Recommendations:**

Given the severity of the diabetic retinopathy, the following recommendations are made:

*   **Immediate referral to a retinal specialist:** This is crucial for further evaluation and management.
*   **Intravitreal anti-VEGF injections:** These injections can help to reduce neovascularization",46.8
35861_left,4,zero_shot,"Okay, based on the provided retinal fundus image, here's a description of the findings and an assessment of the diabetic retinopathy severity:

**Description of Findings:**

*   **Overall Appearance:** The image appears to be a fundus photograph, showing the back of the eye. The image quality is somewhat limited, making a detailed assessment challenging.
*   **Macula:** The macula, the central part of the retina responsible for sharp, central vision, is visible.
*   **Retinal Vessels:** The retinal vessels are present, but their appearance is not clearly defined due to the image quality.
*   **Presence of Hyperpigmentation:** There is a significant amount of hyperpigmentation present throughout the fundus. This is a common finding in diabetic retinopathy, particularly in the later stages.
*   **Possible Hemorrhages:** There are some areas that appear to be hemorrhages, but it is difficult to determine the exact location and size due to the image quality.

**Assessment of Diabetic Retinopathy Severity:**

Based on the limited information and the presence of hyperpigmentation, the following assessment is possible:

*   **Diabetic Retinopathy (DR):** The presence of hyperpigmentation strongly suggests the presence of diabetic retinopathy.
*   **Severity:** The severity of DR is difficult to determine with certainty from this single image. However, the presence of hyperpigmentation indicates that the condition is likely at least **moderate** in severity.
*   **Possible Complications:** The hyperpigmentation could be due to chronic retinal ischemia and vascular damage, which can lead to complications such as neovascularization (new blood vessel growth) and vitreous hemorrhage.

**Important Considerations:**

*   **Image Quality:** The image quality is a significant limitation. A higher-resolution image would be necessary for a more accurate assessment.
*   **Clinical History:** The patient's medical history, including the duration and control of diabetes, is crucial for determining the severity of DR.
*   **Other Findings:** Other fundus findings, such as microaneurysms, hemorrhages, exudates, and neovascularization, would be needed to provide a more complete assessment.

**Recommendations:**

*   **Further Evaluation:** A comprehensive dilated fundus examination by an ophthalmologist is essential to accurately diagnose and stage the diabetic retinopathy.
*   **Optical Coherence Tomography (OCT):** OCT imaging can provide detailed information about the retinal layers and help to assess",46.7
27251_left,4,zero_shot,"Okay, based on the retinal fundus image, here's a detailed description and assessment of the diabetic retinopathy severity:

**Findings:**

*   **Widespread Retinal Edema:** There is significant retinal edema throughout the fundus. This is indicated by the hazy, indistinct appearance of the retinal vessels and the presence of fluid in the outer retinal layers.
*   **Microaneurysms:** Numerous microaneurysms are present, particularly in the nerve fiber layer. These are small, red, and dot-like lesions that represent weakened capillary walls.
*   **Hemorrhages:** There are widespread hemorrhages throughout the retina, including flame-shaped hemorrhages, dot-blot hemorrhages, and cotton wool spots.
*   **Cotton Wool Spots:** These are fluffy, white lesions that represent areas of retinal nerve fiber layer infarction. They are a sign of ischemia.
*   **Hard Exudates:** There are hard, yellow exudates present, which are lipid deposits that have leaked from damaged blood vessels.
*   **Vitreous Hemorrhage:** There is a vitreous hemorrhage, which is bleeding into the vitreous gel of the eye. This is a significant finding that can cause vision loss.
*   **Macular Edema:** The macula, the central part of the retina responsible for sharp central vision, appears to be affected by edema. This can lead to blurred or distorted central vision.
*   **Arteriolar Narrowing:** The retinal arterioles appear narrowed, which is a sign of chronic hypertension and diabetes.
*   **Optic Disc Swelling:** The optic disc appears swollen, which can be a sign of papilledema or optic nerve damage.

**Diabetic Retinopathy Severity Assessment:**

Based on these findings, the diabetic retinopathy severity is **severe**.

*   **Diabetic Macular Edema (DME):** The presence of macular edema is a major factor contributing to the severity.
*   **Vitreous Hemorrhage:** This is a significant finding that can cause vision loss.
*   **Widespread Retinal Edema and Hemorrhages:** The extensive edema and hemorrhages indicate a high level of retinal damage.
*   **Cotton Wool Spots:** These indicate significant ischemia and nerve fiber layer damage.

**Overall Impression:**

This image shows a very advanced stage of diabetic retinopathy. The patient is likely experiencing significant vision loss due to macular edema and vitreous hemorrhage. Prompt treatment is necessary",46.9
41174_right,4,zero_shot,"Based on the retinal fundus image, the findings are highly suggestive of **proliferative diabetic retinopathy (PDR) with significant vitreous hemorrhage and neovascularization.**

Here's a breakdown of the key findings and their implications:

*   **Extensive Neovascularization:** The image shows widespread new blood vessel growth (neovascularization) throughout the retina and potentially the vitreous. This is a hallmark of PDR. The vessels are often fragile and prone to bleeding.

*   **Vitreous Hemorrhage:** The presence of blood within the vitreous cavity (vitreous hemorrhage) is a significant finding. This can be caused by the fragile new vessels leaking blood or from tractional retinal detachment. The blood obscures the view of the retina, making it difficult to assess the extent of the neovascularization.

*   **Tractional Retinal Detachment:** The neovascularization can cause traction on the retina, leading to a retinal detachment. The image shows signs of this, with the retina appearing to be pulled away from the underlying structures.

*   **Cotton Wool Spots:** These are small, white fluffy lesions that represent areas of retinal nerve fiber layer infarction. They are a sign of retinal ischemia and are common in diabetic retinopathy.

*   **Microaneurysms:** These are small, red dots that represent abnormal blood vessel dilation. They are a sign of diabetic microangiopathy.

*   **Hard Exudates:** These are yellowish, waxy lesions that represent lipid deposits. They are a sign of chronic retinal damage.

**Severity Assessment:**

Given the extensive neovascularization, vitreous hemorrhage, and tractional retinal detachment, the diabetic retinopathy severity is **severe**. This condition poses a significant risk of vision loss due to complications such as:

*   **Vision Loss:** The vitreous hemorrhage can cause significant visual impairment.
*   **Retinal Detachment:** The tractional retinal detachment can lead to permanent vision loss.
*   **Glaucoma:** Neovascularization can lead to neovascular glaucoma, a painful and vision-threatening condition.
*   **Macular Edema:** Fluid leakage from the new vessels can cause macular edema, which can also lead to vision loss.

**Recommendations:**

The patient needs immediate ophthalmological evaluation and management. The following interventions may be considered:

*   **Vitrectomy:** Surgical removal of the vitreous hemorrhage and the neovascularization. This is often the definitive treatment for PDR.
*",47.0
9353_right,4,zero_shot,"Okay, based on the provided retinal fundus image, here's a description of the findings and an assessment of the diabetic retinopathy severity:

**Description of Findings:**

*   **Darkness:** The image is very dark, making it difficult to visualize fine details.
*   **Macular Edema:** There appears to be significant macular edema, indicated by the blurring and indistinctness of the central retinal details.
*   **Retinal Hemorrhages:** There are numerous retinal hemorrhages present, which are small, dot-like, and flame-shaped.
*   **Cotton Wool Spots:** There are also cotton wool spots, which are fluffy, white lesions representing areas of retinal nerve fiber layer infarction.
*   **Vitreous Hemorrhage:** There is a vitreous hemorrhage, which is the presence of blood in the vitreous cavity, obscuring the view of the retina.
*   **Neovascularization:** There is evidence of neovascularization, which is the growth of new, abnormal blood vessels. This is indicated by the presence of flame-shaped hemorrhages and cotton wool spots.
*   **Optic Disc:** The optic disc appears to be somewhat obscured by the surrounding findings.

**Assessment of Diabetic Retinopathy Severity:**

Based on the findings, the diabetic retinopathy severity is likely **severe**.

*   **Presence of Neovascularization:** The presence of neovascularization is a key indicator of severe diabetic retinopathy.
*   **Macular Edema:** Significant macular edema further contributes to the severity.
*   **Vitreous Hemorrhage:** The vitreous hemorrhage is a serious complication that can lead to significant vision loss.
*   **Retinal Hemorrhages and Cotton Wool Spots:** These findings indicate significant retinal damage.

**Important Considerations:**

*   **Limited Image Quality:** The poor image quality makes it difficult to make a definitive assessment.
*   **Clinical Context:** The severity of diabetic retinopathy can also be influenced by the patient's overall health, blood sugar control, and other factors.
*   **Further Evaluation:** A comprehensive evaluation by an ophthalmologist is necessary to confirm the diagnosis and determine the best course of treatment.

**Disclaimer:** This assessment is based solely on the provided image and should not be considered a substitute for a professional ophthalmological examination.
",44.3
17489_right,4,zero_shot,"Okay, based on the retinal fundus image provided, here's a detailed description and assessment of the diabetic retinopathy severity:

**Description of Findings:**

*   **Extensive Retinal Hemorrhages:** The image shows widespread retinal hemorrhages, appearing as bright red spots throughout the fundus. These are a hallmark of diabetic retinopathy.
*   **Cotton Wool Spots:** These appear as fluffy, white patches, representing areas of retinal nerve fiber layer infarction. They are also a common finding in diabetic retinopathy.
*   **Microaneurysms:** These are tiny, red, spherical lesions, often seen in the early stages of diabetic retinopathy. They are caused by weakening of the capillary walls.
*   **Macular Edema:** The macula, the central part of the retina responsible for sharp, central vision, appears to have significant swelling. This is indicated by the blurred appearance and the presence of fluid in the macula.
*   **Vitreous Hemorrhage:** The vitreous humor, the clear gel that fills the eye, appears to be filled with blood. This is a serious finding that can significantly impair vision.
*   **Neovascularization:** The presence of new, abnormal blood vessels (neovascularization) is evident. These vessels are fragile and prone to bleeding, leading to further complications.
*   **Overall Appearance:** The image shows a very high-grade, severe diabetic retinopathy. The widespread hemorrhages, cotton wool spots, macular edema, and neovascularization indicate a significant level of retinal damage.

**Assessment of Diabetic Retinopathy Severity:**

Based on the findings, the diabetic retinopathy severity is likely **Severe Diabetic Retinopathy with Neovascularization**.

Here's a breakdown of why:

*   **Presence of Neovascularization:** This is the key factor that elevates the severity. Neovascularization indicates a significant level of retinal ischemia (lack of blood flow) and is associated with a high risk of vision loss.
*   **Macular Edema:** Macular edema is a major cause of vision loss in diabetic retinopathy. The presence of significant macular edema further contributes to the severity.
*   **Vitreous Hemorrhage:** This is a serious complication that can cause significant visual impairment.
*   **Extensive Hemorrhages and Cotton Wool Spots:** These indicate significant retinal damage and ischemia.

**Recommendations:**

This patient requires immediate ophthalmological evaluation and management. The following steps are typically recommended:

*   **Comprehensive",46.6
19061_left,4,zero_shot,"Okay, based on the retinal fundus image provided, here's a detailed description and assessment of the diabetic retinopathy severity:

**Description of Findings:**

*   **Widespread Retinal Changes:** The image shows significant retinal changes, indicating a high degree of diabetic retinopathy.
*   **Microaneurysms:** Numerous microaneurysms are present throughout the retina. These are small, abnormal bulges in the walls of retinal blood vessels, a hallmark of diabetic retinopathy.
*   **Hemorrhages:** There are several hemorrhages visible, indicating bleeding from damaged blood vessels. These can be dot-blot hemorrhages (small, deep hemorrhages) and flame-shaped hemorrhages (larger, more superficial hemorrhages).
*   **Cotton Wool Spots:** Cotton wool spots (soft exudates) are present, representing areas of retinal nerve fiber layer infarction due to ischemia.
*   **Hard Exudates:** Hard exudates are also present, which are yellowish deposits of lipid and protein that leak from damaged blood vessels.
*   **Macular Edema:** The macula, the central part of the retina responsible for sharp central vision, appears to have some degree of edema (swelling). This can cause blurred vision.
*   **Vitreous Hemorrhage:** There is evidence of vitreous hemorrhage, which is bleeding into the vitreous gel (the clear, jelly-like substance that fills the eye). This can significantly impair vision.
*   **Neovascularization:** The presence of neovascularization (new, abnormal blood vessel growth) is a significant finding. This is a sign of proliferative diabetic retinopathy, a more advanced stage of the disease. The new vessels are fragile and prone to bleeding.
*   **Iris Neovascularization:** There is also evidence of neovascularization in the iris, which is the colored part of the eye. This is called rubeosis iridis and can lead to glaucoma and vision loss.

**Assessment of Diabetic Retinopathy Severity:**

Based on the findings described above, the diabetic retinopathy severity is likely **severe**.

*   **Proliferative Diabetic Retinopathy (PDR):** The presence of neovascularization (both in the retina and the iris) indicates proliferative diabetic retinopathy.
*   **High Risk of Vision Loss:** PDR is a high-risk condition for vision loss due to vitreous hemorrhage, tractional retinal detachment, and neovascular glaucoma.

**Recommendations:**

Given the severity of the",47.0
17453_left,4,zero_shot,"Okay, based on the provided retinal fundus image, here's a description of the findings and an assessment of the diabetic retinopathy severity:

**Description of Findings:**

*   **Overall Appearance:** The image shows a relatively clear view of the fundus, although the image quality is not ideal.
*   **Macula:** The macula appears to be relatively clear, with no obvious signs of significant macular edema or drusen.
*   **Retinal Vessels:** The retinal vessels appear to be somewhat attenuated (narrowed) and may show some signs of microaneurysms.
*   **Cotton Wool Spots:** There are some cotton wool spots present, which are indicative of retinal nerve fiber layer infarcts.
*   **Hemorrhages:** There are some hemorrhages present, which are indicative of bleeding in the retina.
*   **Other:** There are some signs of retinal thickening.

**Diabetic Retinopathy Severity Assessment:**

Based on the findings, the diabetic retinopathy severity is likely **Mild to Moderate**.

**Reasoning:**

*   **Mild:** The presence of some cotton wool spots and hemorrhages suggests some degree of retinal damage.
*   **Moderate:** The presence of cotton wool spots and hemorrhages suggests some degree of retinal damage.

**Important Considerations:**

*   **Image Quality:** The image quality is not ideal, which can make it difficult to accurately assess the severity of diabetic retinopathy.
*   **Clinical History:** A complete assessment requires a thorough clinical history, including the patient's blood sugar control, duration of diabetes, and any other relevant medical conditions.
*   **Further Evaluation:** Further evaluation, such as optical coherence tomography (OCT) and fluorescein angiography (FA), may be necessary to confirm the diagnosis and assess the extent of the disease.

**Disclaimer:**

This assessment is based solely on the provided retinal fundus image and is for informational purposes only. It should not be considered a substitute for a comprehensive ophthalmological examination by a qualified healthcare professional. A proper diagnosis and treatment plan can only be determined after a thorough evaluation of the patient's clinical history and a complete retinal examination.
",41.3
14844_left,4,zero_shot,"Okay, based on the retinal fundus image provided, here's a detailed description and assessment of the diabetic retinopathy severity:

**Findings:**

*   **Extensive Retinal Hemorrhages:** There are numerous, widespread hemorrhages throughout the retina. These appear as bright red spots or streaks.
*   **Cotton Wool Spots:** These are fluffy, white lesions representing areas of retinal nerve fiber layer infarction. They are scattered throughout the retina.
*   **Microaneurysms:** These are small, red dots that represent outpouchings of the retinal capillaries. They are present, but their density is difficult to precisely assess due to the overall hemorrhage burden.
*   **Macular Edema:** The macula, the central part of the retina responsible for central vision, appears to have significant edema. This is indicated by the blurring and indistinctness of the details in the macula.
*   **Neovascularization:** There is evidence of neovascularization, which is the growth of new, abnormal blood vessels. These vessels are often fragile and prone to bleeding.
*   **Vitreous Hemorrhage:** There is a significant amount of blood in the vitreous humor, the clear gel that fills the space between the lens and the retina. This is causing significant obscuration of the fundus view.
*   **Possible Retinal Detachment:** The image quality is poor due to the vitreous hemorrhage, but there is a possibility of a retinal detachment.

**Diabetic Retinopathy Severity Assessment:**

Based on these findings, the diabetic retinopathy severity is likely **Severe**.

Here's why:

*   **Presence of Neovascularization:** This is a hallmark of proliferative diabetic retinopathy (PDR), which is the most severe form of the disease.
*   **Vitreous Hemorrhage:** This is a serious complication of PDR and can lead to significant vision loss.
*   **Macular Edema:** This can cause significant visual impairment, especially central vision.
*   **Extensive Hemorrhages and Cotton Wool Spots:** These indicate significant retinal damage and ischemia.

**Important Considerations:**

*   **Image Quality:** The poor image quality due to the vitreous hemorrhage makes it difficult to accurately assess the extent of the disease.
*   **Clinical History:** The patient's history of diabetes, blood sugar control, and other relevant factors are crucial for a complete assessment.
*   **Further Evaluation:** This image requires further evaluation by a",47.0
28929_right,4,zero_shot,"Okay, based on the retinal fundus image provided, here's a detailed description and assessment of the diabetic retinopathy severity:

**Findings:**

*   **Widespread Retinal Edema:** There is significant retinal edema, particularly in the nerve fiber layer and inner retinal layers. This is indicated by the hazy, indistinct appearance of the retinal vessels and the presence of fluid in the spaces between the retinal cells.
*   **Microaneurysms:** Numerous microaneurysms are present throughout the retina, particularly in the superficial capillary network. These are small, red, and dot-like lesions.
*   **Hemorrhages:** There are widespread hemorrhages, including dot-blot hemorrhages and flame-shaped hemorrhages. The hemorrhages are located in the nerve fiber layer and inner retinal layers.
*   **Cotton Wool Spots:** Cotton wool spots are present, indicating areas of retinal nerve fiber layer infarction. These appear as fluffy, white patches.
*   **Hard Exudates:** Hard exudates are present, which are yellowish, waxy lesions that represent lipid deposits. They are typically found in the outer retinal layers.
*   **Vitreous Hemorrhage:** There is a vitreous hemorrhage, which is the presence of blood in the vitreous cavity. This is indicated by the dark, cloudy appearance of the vitreous.
*   **Macular Edema:** The macula, the central part of the retina responsible for central vision, is likely affected by edema. This can cause blurred or distorted central vision.
*   **Blood Vessel Occlusion:** There are signs of blood vessel occlusion, such as areas of retinal whitening and the presence of cotton wool spots.

**Diabetic Retinopathy Severity Assessment:**

Based on these findings, the diabetic retinopathy severity is **severe**.

*   **Diabetic Macular Edema (DME):** The presence of macular edema is a significant finding and contributes to the overall severity.
*   **Vitreous Hemorrhage:** The vitreous hemorrhage is a serious complication that can lead to vision loss.
*   **Widespread Hemorrhages and Edema:** The extensive retinal edema, hemorrhages, and cotton wool spots indicate a high level of retinal damage.

**Overall:**

The image shows a very advanced stage of diabetic retinopathy. The presence of vitreous hemorrhage, macular edema, and widespread retinal changes indicates a high risk of vision loss.

**Important Considerations:**

*   This assessment is",46.8
13938_left,4,zero_shot,"Okay, based on the retinal fundus image provided, here's a description of the findings and an assessment of the diabetic retinopathy severity:

**Description of Findings:**

*   **Macular Edema:** There is significant macular edema present. The macula appears hazy and indistinct, with a characteristic ""swelling"" or blurring of the central retinal area. This is a key finding in diabetic retinopathy.
*   **Retinal Vein Occlusion (RVO):** The image shows evidence of retinal vein occlusion. The retinal veins appear dilated and tortuous, and there may be areas of retinal hemorrhages.
*   **Retinal Hemorrhages:** There are multiple retinal hemorrhages present, which are small and dot-like.
*   **Cotton Wool Spots:** There are also cotton wool spots, which are small, white fluffy patches representing areas of retinal nerve fiber layer infarction.
*   **Neovascularization:** The presence of extensive, widespread neovascularization (new blood vessel growth) is a significant finding. This is a hallmark of proliferative diabetic retinopathy. The new vessels are often fragile and prone to bleeding.
*   **Glaucoma:** There is a possible glaucoma. The optic disc appears cupped.

**Diabetic Retinopathy Severity Assessment:**

Based on the findings, the diabetic retinopathy severity is **severe**.

**Justification:**

*   **Macular Edema:** This is a major indicator of advanced diabetic retinopathy and can significantly impair vision.
*   **Retinal Vein Occlusion (RVO):** RVO is a significant complication of diabetic retinopathy and can lead to further retinal damage.
*   **Neovascularization:** The presence of extensive neovascularization indicates a high risk of vision-threatening complications such as vitreous hemorrhage and tractional retinal detachment.

**Important Considerations:**

*   **Clinical History:** This assessment is based solely on the fundus image. A complete evaluation requires a thorough clinical history, including the patient's diabetes control, other medical conditions, and visual acuity.
*   **Further Evaluation:** Further evaluation, such as optical coherence tomography (OCT) and fluorescein angiography (FA), would be necessary to confirm the diagnosis and assess the extent of the disease.
*   **Management:** Management of severe diabetic retinopathy typically involves laser photocoagulation to reduce neovascularization, intravitreal injections of anti-VEGF medications to reduce macular edema, and sometimes vitrectomy surgery to remove blood and scar tissue.

**",47.1
13308_right,4,zero_shot,"Okay, based on the retinal fundus image provided, here's a detailed description and assessment of the diabetic retinopathy severity:

**Findings:**

*   **Extensive Retinal Hemorrhages:** There are numerous, widespread hemorrhages throughout the retina. These appear as bright red areas. The distribution is not uniform, suggesting a more advanced stage of the disease.
*   **Cotton Wool Spots:** These are fluffy, white patches representing areas of retinal nerve fiber layer infarction. They are scattered throughout the retina, further indicating retinal ischemia.
*   **Macular Edema:** The macula, the central part of the retina responsible for sharp central vision, appears to have significant edema. This is evidenced by the blurring and indistinctness of the details in the central area.
*   **Microaneurysms:** Small, red dots representing microaneurysms (dilated blood vessels) are present, although their density is difficult to assess precisely due to the overall hemorrhage and edema.
*   **Neovascularization:** There is evidence of neovascularization, which is the growth of new, abnormal blood vessels. This is indicated by the presence of blood vessel tortuosity and the overall appearance of the vessels.
*   **Significant Retinal Detachment:** The image shows a significant amount of retinal detachment, which is a serious complication of diabetic retinopathy. The detached retina is likely contributing to the overall distortion and blurring of the fundus view.
*   **Overall Appearance:** The image is dominated by a red, hazy appearance due to the extensive hemorrhages and edema. The retinal vessels are distorted and tortuous.

**Diabetic Retinopathy Severity Assessment:**

Based on these findings, the diabetic retinopathy severity is likely **Severe**.

Here's why:

*   **Presence of Neovascularization:** This is a key indicator of advanced diabetic retinopathy.
*   **Significant Hemorrhages and Edema:** The widespread hemorrhages and macular edema indicate a high level of retinal damage.
*   **Retinal Detachment:** This is a serious complication that can lead to significant vision loss.
*   **Cotton Wool Spots:** These indicate retinal ischemia, which is a sign of advanced disease.

**Important Considerations:**

*   **This assessment is based solely on the provided image.** A complete evaluation would require a comprehensive ophthalmologic examination, including visual acuity testing, fundus photography, and potentially other imaging modalities (e.g., OCT, fluorescein angiography).
*   **The",46.8
7945_left,4,zero_shot,"Okay, I've reviewed the retinal fundus image. Here's a description of the findings and an assessment of the diabetic retinopathy severity:

**Findings:**

*   **Macular Edema:** There appears to be some evidence of macular edema, indicated by the blurring of the central retinal details.
*   **Microaneurysms:** There are several microaneurysms present, which are small, red dots that represent weakened blood vessel walls.
*   **Hemorrhages:** There are several hemorrhages present, which are areas of bleeding within the retina.
*   **Cotton Wool Spots:** There are several cotton wool spots present, which are white, fluffy patches that represent areas of nerve fiber layer infarction.
*   **Hard Exudates:** There are several hard exudates present, which are yellowish, waxy deposits that represent lipid and protein leakage from damaged blood vessels.
*   **Retinal Vein Occlusion:** There is a retinal vein occlusion present.

**Diabetic Retinopathy Severity Assessment:**

Based on the findings, the diabetic retinopathy severity is likely **Moderate to Severe**.

Here's why:

*   The presence of microaneurysms, hemorrhages, cotton wool spots, and hard exudates indicates significant retinal damage.
*   The macular edema further complicates the situation, as it can lead to vision loss.
*   The presence of a retinal vein occlusion is also a significant finding.

**Important Considerations:**

*   This assessment is based solely on the provided image. A comprehensive evaluation would require a complete ophthalmologic examination, including visual acuity testing, fundus photography, and potentially optical coherence tomography (OCT) and fluorescein angiography.
*   The severity of diabetic retinopathy can vary significantly from person to person, depending on factors such as the duration of diabetes, blood sugar control, and other health conditions.
*   The presence of macular edema can significantly impact vision, and treatment options are available to help reduce its severity.

**Disclaimer:** This information is for educational purposes only and should not be considered medical advice. It is essential to consult with a qualified ophthalmologist for a proper diagnosis and treatment plan.
",41.8
28948_left,4,zero_shot,"Okay, based on the retinal fundus image provided, here's a detailed description and assessment of the diabetic retinopathy severity:

**Findings:**

*   **Widespread Retinal Hemorrhages:** There are numerous, small to medium-sized retinal hemorrhages present throughout the fundus. These are often described as ""dot and blot"" hemorrhages.
*   **Cotton Wool Spots:** These are fluffy, white lesions representing areas of retinal nerve fiber layer infarction. They are also widespread throughout the fundus.
*   **Microaneurysms:** These are small, red, roundish lesions that represent outpouchings of the retinal capillaries. They are present, but their density is difficult to precisely quantify in this image.
*   **Macular Edema:** There is evidence of fluid accumulation in the macula, which is the central part of the retina responsible for sharp, central vision. This is indicated by the blurring of the retinal details in the macula.
*   **Neovascularization:** This is the most significant finding. There is widespread neovascularization, which means the growth of new, abnormal blood vessels. These vessels are often fragile and prone to bleeding.
*   **Calcification:** There are areas of calcification present, which can be associated with chronic diabetic retinopathy.

**Diabetic Retinopathy Severity Assessment:**

Based on these findings, the diabetic retinopathy severity is **severe**.

*   **The presence of neovascularization is the key indicator of severe diabetic retinopathy.** This indicates a significant level of retinal ischemia (lack of blood flow) and is a major cause of vision loss.
*   The widespread hemorrhages, cotton wool spots, and macular edema further support the diagnosis of severe diabetic retinopathy.

**Additional Considerations:**

*   **Prognosis:** Severe diabetic retinopathy with neovascularization carries a high risk of vision loss due to vitreous hemorrhage (bleeding into the vitreous gel), tractional retinal detachment, and neovascular glaucoma.
*   **Management:** The management of severe diabetic retinopathy with neovascularization typically involves panretinal photocoagulation (PRP) to destroy the abnormal blood vessels and reduce the risk of vision loss. Other treatments may include intravitreal injections of anti-VEGF medications to reduce neovascularization and macular edema.

**Disclaimer:**

This assessment is based solely on the provided retinal fundus image. A comprehensive evaluation by an ophthalmologist is necessary to confirm the diagnosis, assess the severity, and determine the",46.6
15038_left,4,zero_shot,"Okay, based on the provided retinal fundus image, here's a description of the findings and an assessment of the diabetic retinopathy severity:

**Description of Findings:**

*   **Dark Image:** The image is very dark, making it difficult to visualize the retinal details clearly. This could be due to several factors, including poor lighting conditions during the image capture, a high-powered microscope used, or a specific imaging technique.
*   **Possible Presence of Retinal Vessels:** Although the image is dark, there are some faint structures that appear to be retinal vessels. These are likely the blood vessels that supply the retina.
*   **Possible Presence of Macular Edema:** There is a possible presence of macular edema, which is a common complication of diabetic retinopathy. Macular edema is a condition in which fluid builds up in the macula, the central part of the retina responsible for sharp, central vision.

**Assessment of Diabetic Retinopathy Severity:**

Given the limited visibility of the image, it is difficult to provide a definitive assessment of the diabetic retinopathy severity. However, based on the available information, the following is a possible assessment:

*   **Diabetic Retinopathy Present:** The presence of retinal vessels suggests that diabetic retinopathy is present.
*   **Severity:** The image is too dark to determine the severity of the diabetic retinopathy. It is possible that the diabetic retinopathy is mild, moderate, or severe.

**Recommendations:**

*   **Further Evaluation:** A more detailed examination of the retina is needed to accurately assess the severity of the diabetic retinopathy. This may involve using a different imaging technique, such as optical coherence tomography (OCT) or fluorescein angiography.
*   **Consultation with an Ophthalmologist:** It is important to consult with an ophthalmologist to receive a proper diagnosis and treatment plan.

**Disclaimer:**

This assessment is based solely on the provided image and is not a substitute for a comprehensive eye examination by a qualified ophthalmologist. The actual severity of the diabetic retinopathy may vary.
",38.7
27251_right,4,zero_shot,"Okay, based on the retinal fundus image provided, here's a detailed description and assessment of the diabetic retinopathy severity:

**Description of Findings:**

*   **Widespread Retinal Edema:** There is significant retinal edema throughout the fundus. This is evident as the blurring of the retinal details and the presence of fluid accumulation in the outer retinal layers.
*   **Microaneurysms:** Numerous microaneurysms are present, which are small, abnormal bulges in the walls of retinal capillaries. These are a hallmark of diabetic retinopathy.
*   **Hemorrhages:** There are widespread hemorrhages, including dot-blot hemorrhages and flame-shaped hemorrhages. These indicate bleeding from damaged blood vessels.
*   **Cotton Wool Spots:** Cotton wool spots (soft exudates) are present, representing areas of retinal nerve fiber layer infarction due to ischemia.
*   **Hard Exudates:** Hard exudates are also present, which are yellowish deposits of lipid and protein that leak from damaged blood vessels.
*   **Macular Edema:** The macula, the central part of the retina responsible for sharp central vision, appears to be affected by edema. This could lead to vision loss.
*   **Vitreous Hemorrhage:** There is a vitreous hemorrhage, which is bleeding into the vitreous gel (the clear, jelly-like substance that fills the eye). This can cause significant visual impairment.
*   **Retinal Vein Occlusion:** There is evidence of retinal vein occlusion, which is a blockage of a retinal vein. This can lead to retinal edema and hemorrhages.
*   **Arteriolar Narrowing:** The retinal arterioles appear narrowed, which is a sign of chronic hypertension and diabetes.

**Assessment of Diabetic Retinopathy Severity:**

Based on the findings, the diabetic retinopathy severity is **severe**.

**Specific Severity Grades (using the International Clinical Diabetic Retinopathy (ICDR) grading system):**

*   **Prognostic Severity:** The presence of vitreous hemorrhage, macular edema, and significant retinal edema indicates a high risk of vision loss.
*   **Overall Severity:** The combination of microaneurysms, hemorrhages, cotton wool spots, hard exudates, and retinal vein occlusion points to a very advanced stage of diabetic retinopathy.

**Recommendations:**

*   **Immediate Referral:** This patient requires an urgent referral to a retinal specialist for further evaluation and management.
*   **Treatment",47.0
26772_left,4,zero_shot,"Okay, based on the provided retinal fundus image, here's a description of the findings and an assessment of the diabetic retinopathy severity:

**Description of Findings:**

*   **Diffuse Retinopathy:** The image shows a widespread and diffuse pattern of retinal changes. This is a key characteristic of proliferative diabetic retinopathy (PDR).
*   **Cotton Wool Spots:** There are numerous cotton wool spots present throughout the retina. These are areas of retinal nerve fiber layer infarction, indicating ischemia.
*   **Microaneurysms:** Microaneurysms are small, red dots that represent leakage from damaged capillaries. They are also present throughout the retina.
*   **Hemorrhages:** There are several hemorrhages visible, which are areas of blood leakage from damaged blood vessels.
*   **Neovascularization:** The presence of numerous cotton wool spots and hemorrhages, along with the diffuse nature of the changes, strongly suggests the presence of neovascularization. Neovascularization is the growth of new, abnormal blood vessels.
*   **Macular Edema:** The image is difficult to interpret due to the diffuse nature of the changes, but there is a possibility of macular edema, which is fluid accumulation in the macula (the central part of the retina responsible for central vision).

**Assessment of Diabetic Retinopathy Severity:**

Based on the findings, the diabetic retinopathy severity is likely **severe proliferative diabetic retinopathy (PDR)**.

**Justification:**

*   **Proliferative:** The presence of neovascularization is the defining characteristic of PDR.
*   **Severe:** The numerous cotton wool spots, hemorrhages, and the diffuse nature of the changes indicate a high level of retinal damage and ischemia.

**Important Considerations:**

*   **Image Quality:** The image quality is poor, making it difficult to assess the extent of the disease accurately. A high-resolution fundus image would be necessary for a more detailed evaluation.
*   **Clinical History:** The patient's history of diabetes, duration of diabetes, and other relevant medical conditions are crucial for accurate diagnosis and management.
*   **Further Evaluation:** This image alone is not sufficient for a definitive diagnosis. A comprehensive ophthalmologic examination, including optical coherence tomography (OCT) and fluorescein angiography (FA), is necessary to confirm the diagnosis and assess the extent of the disease.

**Disclaimer:**

This assessment is based solely on the provided image and is for informational purposes only. It should not be considered a",46.7
24019_right,4,zero_shot,"Okay, based on the retinal fundus image provided, here's a detailed description and assessment of the diabetic retinopathy severity:

**Description of Findings:**

*   **Extensive Retinal Edema:** The most striking feature is the widespread retinal edema. This is evident as a hazy, indistinct appearance of the retinal vasculature, particularly in the peripheral retina. The edema appears to be more pronounced in the periphery.
*   **Cotton Wool Spots:** Numerous cotton wool spots are present throughout the retina. These appear as fluffy, white lesions representing areas of retinal nerve fiber layer infarction.
*   **Microaneurysms:** Microaneurysms are also present, although they are difficult to visualize clearly in this image due to the edema. They appear as small, red dots.
*   **Hard Exudates:** Hard exudates are present, appearing as yellowish, waxy lesions. These represent lipid deposits that have leaked from damaged blood vessels.
*   **Vitreous Hemorrhage:** There is a significant vitreous hemorrhage, obscuring the view of the retina. This is a major finding and contributes to the overall severity.
*   **Macular Edema:** The macula, the central part of the retina responsible for central vision, is likely affected by edema, although it is difficult to assess definitively due to the vitreous hemorrhage.
*   **Optic Disc:** The optic disc appears relatively normal in terms of its appearance, but the surrounding retinal changes are more prominent.

**Assessment of Diabetic Retinopathy Severity:**

Based on these findings, the diabetic retinopathy severity is **severe**.

**Justification:**

*   **Presence of Vitreous Hemorrhage:** This is a significant finding that indicates a high level of retinal damage and leakage.
*   **Extensive Retinal Edema:** The widespread edema suggests significant vascular dysfunction and leakage.
*   **Cotton Wool Spots and Hard Exudates:** These indicate areas of retinal ischemia and leakage, further supporting a high level of severity.
*   **Macular Edema:** If present, macular edema would significantly impact central vision.

**Additional Considerations:**

*   **Fundus View:** The vitreous hemorrhage severely limits the ability to fully assess the extent of the disease. A clearer view would be necessary for a more definitive assessment.
*   **Patient History:** The patient's history of diabetes, duration of diabetes, and glycemic control are crucial for understanding the progression of the disease.
*   ",46.7
21373_right,4,zero_shot,"Okay, based on the provided retinal fundus image, here's a description of the findings and an assessment of the diabetic retinopathy severity:

**Description of Findings:**

*   **Overall Appearance:** The image is somewhat difficult to interpret due to the poor image quality and the presence of artifacts. The fundus appears to be somewhat hazy and the details are not very clear.
*   **Macula:** The macula, the central part of the retina responsible for sharp, central vision, is not clearly visible.
*   **Retinal Vessels:** The retinal vessels are not well-defined.
*   **Other Structures:** The optic disc and other retinal structures are not easily discernible.

**Assessment of Diabetic Retinopathy Severity:**

Based on the limited information available, it is difficult to definitively assess the severity of diabetic retinopathy. However, I can provide a preliminary assessment:

*   **Diabetic Retinopathy (DR) is a possibility:** Given the patient's history of diabetes, diabetic retinopathy is a strong possibility.
*   **Severity cannot be determined:** The image quality is insufficient to determine the specific stage or severity of DR.
*   **Further evaluation is needed:** A comprehensive dilated fundus examination with optical coherence tomography (OCT) and/or fluorescein angiography (FA) is required to accurately assess the extent and severity of DR.

**Important Considerations:**

*   **Image Quality:** The poor image quality significantly limits the ability to make a definitive diagnosis.
*   **Clinical History:** The patient's medical history, including the duration and control of diabetes, is crucial for accurate assessment.
*   **Other Factors:** Other factors, such as the presence of other eye conditions, can also influence the diagnosis and management.

**In summary, while diabetic retinopathy is a possibility, a definitive assessment requires a thorough examination with appropriate imaging techniques.**

**Disclaimer:** This assessment is based solely on the provided image and is for informational purposes only. It should not be considered a substitute for a professional medical evaluation by a qualified ophthalmologist.
",39.3
37332_right,4,zero_shot,"Okay, based on the retinal fundus image provided, here's a detailed description and assessment of the diabetic retinopathy severity:

**Description of Findings:**

*   **Widespread Retinal Edema:** There is significant retinal edema, indicated by the hazy, indistinct appearance of the retinal vessels and the presence of fluid in the outer retinal layers. This is a hallmark of diabetic retinopathy.
*   **Microaneurysms:** Numerous microaneurysms are present, which are small, red, and dot-like lesions on the retinal surface. These are a sign of early diabetic retinopathy.
*   **Hemorrhages:** There are numerous hemorrhages throughout the retina, appearing as red spots or streaks. These are a result of damaged blood vessels leaking blood.
*   **Cotton Wool Spots:** These are fluffy, white patches representing areas of retinal nerve fiber layer infarction (ischemia). They are a sign of more advanced diabetic retinopathy.
*   **Hard Exudates:** These are yellowish, waxy deposits that represent lipid and protein leakage from damaged blood vessels. They are a sign of more advanced diabetic retinopathy.
*   **Vitreous Hemorrhage:** There is evidence of vitreous hemorrhage, indicated by the presence of blood in the vitreous cavity (the space between the lens and the retina). This can cause significant vision loss.
*   **Macular Edema:** The macula, the central part of the retina responsible for sharp, central vision, appears to be affected by edema. This can lead to blurred central vision.
*   **Blood Vessel Occlusion:** There are signs of blood vessel occlusion, which can lead to retinal ischemia and infarction.

**Assessment of Diabetic Retinopathy Severity:**

Based on the findings, this patient has **severe diabetic retinopathy**. The presence of vitreous hemorrhage, widespread retinal edema, numerous hemorrhages, cotton wool spots, and macular edema all point to a high level of retinal damage.

**Specific Severity Classification (Based on the International Clinical Diabetic Retinopathy (ICDR) Guidelines):**

Given the findings, this patient likely falls into the **proliferative diabetic retinopathy (PDR)** category, with the following characteristics:

*   **Severe Non-Proliferative Diabetic Retinopathy (NPDR):** The presence of vitreous hemorrhage, macular edema, and significant retinal edema indicates a high level of retinal damage.
*   **Proliferative Diabetic Retinopathy (PDR):** The presence of neovascular",46.6
34901_left,4,zero_shot,"Okay, based on the retinal fundus image, here's a detailed description and assessment of the diabetic retinopathy severity:

**Description of Findings:**

*   **Widespread Retinal Hemorrhages:** There are numerous, widespread hemorrhages throughout the retina. These appear as bright red spots or streaks.
*   **Cotton Wool Spots:** These are fluffy, white patches representing areas of retinal nerve fiber layer infarction. They are scattered throughout the retina.
*   **Microaneurysms:** These are tiny, red dots that represent weakened blood vessel walls. They are present in clusters, indicating a high level of microvascular damage.
*   **Macular Edema:** The macula, the central part of the retina responsible for sharp central vision, appears to have significant swelling. This is indicated by the blurring and indistinctness of the details in the macula.
*   **Vitreous Hemorrhage:** There is a significant amount of blood in the vitreous humor, the clear gel that fills the space between the lens and the retina. This is causing a hazy or cloudy appearance in the fundus view.
*   **Neovascularization:** There is evidence of new, abnormal blood vessel growth (neovascularization) in the retina and potentially the choroid. These vessels are often fragile and prone to bleeding.
*   **Significant Retinal Vascular Occlusion:** There are signs of widespread retinal vascular occlusion, with areas of retinal ischemia (lack of blood supply).

**Assessment of Diabetic Retinopathy Severity:**

Based on these findings, the diabetic retinopathy severity is **Severe**.

**Specific Severity Grades (using the modified Airlie House grading system):**

*   **Severe Non-Proliferative Diabetic Retinopathy (NPDR):** This is the most likely grade, given the presence of significant hemorrhages, cotton wool spots, microaneurysms, and macular edema.
*   **Proliferative Diabetic Retinopathy (PDR):** The presence of neovascularization strongly suggests PDR.

**Additional Considerations:**

*   **Systemic Involvement:** The widespread nature of the retinal findings suggests significant systemic diabetic complications.
*   **Visual Acuity:** The presence of macular edema and vitreous hemorrhage would likely be causing significant visual impairment.
*   **Treatment:** This level of diabetic retinopathy requires prompt and aggressive treatment to prevent further vision loss. Treatment options may include:
    *   **Anti-VEGF injections:** To reduce neovascularization",47.0
34708_left,4,zero_shot,"Okay, based on the retinal fundus image provided, here's a detailed description and assessment of the diabetic retinopathy severity:

**Description of Findings:**

The image shows a severely advanced stage of diabetic retinopathy.  The fundus is almost entirely filled with a dense, widespread exudative process.  Key features include:

*   **Extensive Retinal Edema:** The retina appears diffusely swollen, with a hazy, indistinct appearance. This is a hallmark of diabetic retinopathy, particularly in the advanced stages.
*   **Cotton Wool Spots:** These are small, white fluffy lesions representing areas of retinal nerve fiber layer infarction. They are scattered throughout the fundus.
*   **Hard Exudates:** These are yellowish, waxy lesions that represent lipid and protein deposits. They are present in multiple locations.
*   **Microaneurysms:** These are small, red dots representing weakened blood vessel walls. They are present, but their visibility is obscured by the extensive edema and exudates.
*   **Vitreous Hemorrhage:** The vitreous humor (the gel-like substance that fills the eye) is likely filled with blood, causing a hazy or opaque appearance. This is a common finding in advanced diabetic retinopathy.
*   **Macular Edema:** The macula (the central part of the retina responsible for sharp, central vision) is likely affected by edema, which can lead to significant vision loss.
*   **Neovascularization:** The presence of new blood vessel growth (neovascularization) is highly likely, given the widespread exudates and the overall appearance of the fundus. These new vessels are fragile and prone to bleeding.
*   **Possible Retinal Detachment:** The overall appearance of the fundus, with the vitreous hemorrhage and extensive edema, raises the possibility of a retinal detachment.

**Assessment of Diabetic Retinopathy Severity:**

Based on these findings, the diabetic retinopathy severity is **Severe, likely with a high risk of vision loss.**

Here's a breakdown of the severity levels and why this image fits:

*   **Non-Proliferative Diabetic Retinopathy (NPDR):** This stage is characterized by microaneurysms, hemorrhages, and exudates, but without neovascularization. This image clearly shows extensive edema, cotton wool spots, and hard exudates, indicating a significant level of retinal damage.
*   **Proliferative Diabetic Retinopathy (PDR):** This stage is characterized",46.5
15870_right,4,zero_shot,"Okay, based on the retinal fundus image provided, here's a description of the findings and an assessment of the diabetic retinopathy severity:

**Description of Findings:**

*   **Macular Edema:** There is evidence of macular edema, characterized by a hazy, indistinct appearance of the macula. This is a common finding in diabetic retinopathy and can cause blurred central vision.
*   **Microaneurysms:** Numerous microaneurysms are present, particularly in the nerve fiber layer. These are small, red dots that represent weakened blood vessels.
*   **Hemorrhages:** There are several hemorrhages present, including dot-blot hemorrhages and flame-shaped hemorrhages. These are areas of bleeding within the retina.
*   **Cotton Wool Spots:** Cotton wool spots are visible, indicating areas of retinal nerve fiber layer infarction. These appear as fluffy, white patches.
*   **Dilated and Tortuous Retinal Vessels:** The retinal vessels appear dilated (enlarged) and tortuous (twisted). This is a sign of chronic retinal ischemia (lack of blood flow).
*   **Optic Disc:** The optic disc appears relatively normal in size and shape, but may show some signs of edema or swelling.

**Diabetic Retinopathy Severity Assessment:**

Based on the findings described above, the diabetic retinopathy severity is likely **Moderate to Severe**.

Here's a breakdown of why:

*   **Presence of Microaneurysms, Hemorrhages, and Cotton Wool Spots:** These are all indicators of significant retinal damage and vascular dysfunction.
*   **Macular Edema:** This is a major factor contributing to vision loss in diabetic retinopathy.
*   **Dilated and Tortuous Vessels:** This indicates chronic ischemia and further damage to the retinal blood vessels.

**Important Considerations:**

*   **This assessment is based solely on the provided image.** A comprehensive evaluation requires a complete ophthalmologic examination, including visual acuity testing, fundus photography, and potentially other diagnostic tests (e.g., optical coherence tomography (OCT), fluorescein angiography).
*   **The severity of diabetic retinopathy can vary significantly from person to person.** Factors such as the duration of diabetes, glycemic control, and other health conditions can influence the progression of the disease.
*   **The presence of macular edema can significantly impact visual acuity.**

**Recommendations:**

Given the findings, I would recommend the following:

*   **Referral to a comprehensive ophthalmologist",46.5
10904_right,4,zero_shot,"Okay, based on the retinal fundus image provided, here's a description of the findings and an assessment of the diabetic retinopathy severity:

**Findings:**

*   **Macular Edema:** There is evidence of macular edema, which is characterized by fluid accumulation in the macula, the central part of the retina responsible for sharp, central vision. This is indicated by the blurred or hazy appearance of the macula.
*   **Microaneurysms:** Small, red dots (microaneurysms) are visible throughout the retina, particularly in the nerve fiber layer. These are a hallmark of diabetic retinopathy.
*   **Cotton Wool Spots:** White, fluffy patches (cotton wool spots) are present, indicating areas of retinal nerve fiber layer infarction (ischemia).
*   **Hemorrhages:** There are some hemorrhages present, which are small areas of bleeding within the retina.
*   **Retinal Vein Occlusion:** There is a retinal vein occlusion, which is a blockage of a retinal vein.

**Diabetic Retinopathy Severity Assessment:**

Based on the findings, the diabetic retinopathy severity is likely **severe**.

**Explanation:**

*   The presence of macular edema, cotton wool spots, and hemorrhages indicates significant retinal damage and dysfunction.
*   The retinal vein occlusion further contributes to the severity of the condition.

**Important Considerations:**

*   This assessment is based solely on the provided image. A comprehensive evaluation requires a complete ophthalmological examination, including visual acuity testing, fundus photography, and potentially other imaging modalities (e.g., OCT, fluorescein angiography).
*   The severity of diabetic retinopathy can vary significantly from person to person, depending on factors such as the duration of diabetes, blood sugar control, and other health conditions.
*   The presence of macular edema can significantly impact vision and quality of life.

**Recommendations:**

*   The patient should be referred to an ophthalmologist for a comprehensive evaluation and management plan.
*   Management options may include laser photocoagulation, intravitreal injections of anti-VEGF medications, and/or observation.
*   Strict blood sugar control is crucial to prevent further progression of diabetic retinopathy.

**Disclaimer:** This information is for educational purposes only and should not be considered medical advice. It is essential to consult with a qualified ophthalmologist for diagnosis and treatment of any eye condition.",45.2
13022_right,4,zero_shot,"Okay, based on the provided retinal fundus image, here's a description of the findings and an assessment of the diabetic retinopathy severity:

**Description of Findings:**

*   **Dark Image:** The image is very dark, making it difficult to visualize fine details. This is typical for fundus photography, especially in low-light conditions.
*   **Diffuse Retinal Edema:** There appears to be significant retinal edema (swelling) throughout the fundus. This is indicated by the hazy, indistinct appearance of the retinal vessels and the overall lack of sharp demarcation between the retina and the vitreous.
*   **Vitreous Hemorrhage:** There is evidence of vitreous hemorrhage, which is the presence of blood in the vitreous cavity (the space between the lens and the retina). This is suggested by the dark, opaque areas within the fundus.
*   **Microaneurysms:** While difficult to definitively identify in this image due to the darkness and edema, there may be microaneurysms (small, abnormal bulges in the retinal blood vessels) present. These are often the earliest sign of diabetic retinopathy.
*   **Cotton Wool Spots:** These are areas of retinal nerve fiber layer infarction (damage) and are visible as fluffy, white patches. They are also difficult to see clearly in this image.
*   **Flame-shaped Hemorrhages:** These are linear hemorrhages that follow the nerve fiber layer. They appear as bright red streaks.
*   **Macular Edema:** The macula is the central part of the retina responsible for sharp, central vision. The presence of macular edema is indicated by the hazy appearance of the macula.

**Assessment of Diabetic Retinopathy Severity:**

Based on the findings, this image likely represents **severe diabetic retinopathy**. The presence of vitreous hemorrhage, diffuse retinal edema, and significant hemorrhages suggests a high level of retinal damage and vascular dysfunction.

**Specific Severity Considerations:**

*   **Diabetic Macular Edema (DME):** The hazy appearance of the macula strongly suggests DME, which can significantly impair central vision.
*   **Vitreous Hemorrhage:** This can cause significant visual impairment and may require treatment to clear the blood from the vitreous cavity.
*   **Overall Retinal Damage:** The widespread edema, hemorrhages, and potential for microaneurysms indicate extensive retinal damage.

**Important Considerations:**

*   **Clinical History:** The severity of",46.5
14495_right,4,zero_shot,"Okay, based on the retinal fundus image provided, here's a detailed description and assessment of the diabetic retinopathy severity:

**Description of Findings:**

*   **Widespread Retinal Hemorrhages:** There are numerous retinal hemorrhages present throughout the fundus. These appear as bright red spots or streaks.
*   **Cotton Wool Spots:** These are fluffy, white lesions representing areas of retinal nerve fiber layer infarction. They are also present throughout the fundus.
*   **Microaneurysms:** These are small, red, pinpoint-sized lesions that represent outpouchings of the retinal capillaries. They are present, but their density is difficult to assess precisely in this image.
*   **Macular Edema:** The macula, the central part of the retina responsible for sharp central vision, appears to have some degree of swelling. This is indicated by the blurring of the details in the central area.
*   **Neovascularization:** This is the most concerning finding. There is evidence of new blood vessel growth (neovascularization) on the optic disc and potentially elsewhere in the fundus. These new vessels are fragile and prone to bleeding.
*   **Other Findings:** There may be some signs of retinal thickening and fluid accumulation.

**Assessment of Diabetic Retinopathy Severity:**

Based on these findings, the diabetic retinopathy severity is likely **Severe**.

**Justification:**

*   **Presence of Neovascularization:** The presence of neovascularization is the hallmark of proliferative diabetic retinopathy (PDR), which is the most severe form of diabetic retinopathy.
*   **Widespread Hemorrhages and Cotton Wool Spots:** These indicate significant retinal damage and ischemia.
*   **Macular Edema:** This can lead to significant vision loss.
*   **Overall Appearance:** The image shows a fundus that is significantly altered by diabetic retinopathy.

**Important Considerations:**

*   **This is a preliminary assessment based on a single image.** A complete evaluation requires a comprehensive examination, including assessment of the patient's history, clinical findings, and potentially additional imaging (e.g., OCT).
*   **The exact severity can vary.** The presence and extent of neovascularization, the degree of macular edema, and the presence of other complications can influence the final classification.
*   **The patient's visual acuity and other clinical factors are crucial.**

**Recommendations:**

*   **Immediate referral to a retinal specialist is essential.** The patient needs prompt evaluation",46.7
1663_left,4,zero_shot,"Okay, based on the retinal fundus image provided, here's a detailed description and assessment of the diabetic retinopathy severity:

**Findings:**

*   **Widespread Retinal Hemorrhages:** There are numerous, dense retinal hemorrhages present throughout the fundus. These appear as bright red spots or streaks.
*   **Cotton Wool Spots:** These are fluffy, white lesions representing areas of retinal nerve fiber layer infarction. They are scattered throughout the image.
*   **Microaneurysms:** These are small, red dots representing outpouchings of the retinal capillaries. They are present, but their density is difficult to assess precisely due to the overall hemorrhage burden.
*   **Macular Edema:** The macula, the central part of the retina responsible for sharp central vision, appears to have significant edema. This is indicated by the blurring and indistinctness of the details in the central area.
*   **Vitreous Hemorrhage:** There is a significant amount of blood in the vitreous humor, the clear gel that fills the space between the lens and the retina. This is indicated by the hazy appearance of the fundus and the presence of blood in the vitreous.
*   **Intraretinal Microvascular Hemorrhages (IRMH):** These are hemorrhages that occur within the inner retinal layers. They are present and contribute to the overall picture of retinal damage.
*   **Arteriolar Occlusions:** There are signs of arteriolar occlusions, which are blockages in the retinal arteries. This is indicated by the narrowed or absent appearance of the arterioles.
*   **Dilated and Tortuous Retinal Veins:** The retinal veins appear dilated (enlarged) and tortuous (twisted). This is a sign of venous congestion and increased pressure.
*   **Optic Disc Swelling:** The optic disc, the location where the optic nerve enters the eye, appears swollen. This is a sign of optic nerve ischemia.

**Diabetic Retinopathy Severity Assessment:**

Based on these findings, the diabetic retinopathy severity is **Severe**.

**Justification:**

*   The presence of widespread retinal hemorrhages, cotton wool spots, macular edema, vitreous hemorrhage, and arteriolar occlusions indicates a high degree of retinal damage.
*   The presence of optic disc swelling further suggests significant retinal ischemia and potential optic nerve involvement.
*   The overall picture is one of extensive retinal vascular damage and leakage, leading to significant visual impairment.",46.7
28077_right,4,zero_shot,"Okay, based on the retinal fundus image provided, here's a detailed description and assessment of the diabetic retinopathy severity:

**Findings:**

*   **Extensive Retinal Hemorrhages:** There are numerous, widespread retinal hemorrhages present throughout the fundus. These appear as bright red areas.
*   **Cotton Wool Spots:** These are fluffy, white lesions representing areas of retinal nerve fiber layer infarction. They are also present throughout the fundus.
*   **Microaneurysms:** These are small, red dots representing weakened blood vessel walls. They are present, but their density is difficult to assess precisely due to the overall hemorrhage burden.
*   **Macular Edema:** The macula, the central part of the retina responsible for sharp central vision, appears to have significant edema (swelling). This is indicated by the blurring and indistinctness of the details in the macula.
*   **Vitreous Hemorrhage:** There is a significant amount of blood in the vitreous humor (the gel-like substance that fills the eye). This is causing a hazy appearance and obscuring the view of the retina.
*   **Neovascularization:** There is evidence of neovascularization, which is the growth of new, abnormal blood vessels. These vessels are often fragile and prone to bleeding.
*   **Inflammation:** The overall appearance suggests significant inflammation within the eye.

**Diabetic Retinopathy Severity Assessment:**

Based on these findings, the diabetic retinopathy severity is likely **Severe**.

**Justification:**

*   The presence of extensive hemorrhages, cotton wool spots, macular edema, and vitreous hemorrhage all point to a high level of retinal damage.
*   The presence of neovascularization indicates a significant progression of the disease.
*   The overall appearance of the fundus is very concerning and suggests a high risk of vision loss.

**Important Considerations:**

*   **Clinical Context:** This assessment is based solely on the fundus image. A complete evaluation requires a thorough clinical history, including the patient's diabetes control, other medical conditions, and visual acuity.
*   **Differential Diagnosis:** While the findings are highly suggestive of diabetic retinopathy, other conditions can cause similar findings.
*   **Treatment:** The patient likely requires prompt and aggressive treatment to prevent further vision loss. This may include intravitreal injections of anti-VEGF medications to reduce neovascularization and macular edema, as well as laser photocoagulation to",46.6
6707_right,4,zero_shot,"Okay, based on the retinal fundus image provided, here's a description of the findings and an assessment of the diabetic retinopathy severity:

**Description of Findings:**

*   **Macular Edema:** There is evidence of macular edema, characterized by fluid accumulation in the macula. This is indicated by the blurring of the central vision and the presence of a ""watery"" appearance in the macula.
*   **Microaneurysms:** Numerous microaneurysms are present throughout the retina. These are small, abnormal bulges in the walls of retinal capillaries, a hallmark of diabetic retinopathy.
*   **Hemorrhages:** There are several hemorrhages visible in the retina. These are areas of bleeding within the retinal tissue.
*   **Cotton Wool Spots:** Cotton wool spots, which are areas of nerve fiber layer infarction, are also present. These appear as fluffy, white patches.
*   **Hyperpigmentation:** There is some hyperpigmentation in the retina, which can be associated with chronic retinal damage.
*   **Foveal Changes:** The fovea, the central part of the macula responsible for sharp central vision, may show signs of damage or altered structure.

**Diabetic Retinopathy Severity Assessment:**

Based on the findings described above, the diabetic retinopathy severity is likely **severe**.

**Reasoning:**

*   The presence of macular edema, hemorrhages, and cotton wool spots indicates significant retinal damage and dysfunction.
*   The number of microaneurysms also suggests a high level of diabetic retinopathy.
*   The overall appearance of the retina is consistent with a high-grade diabetic retinopathy.

**Important Considerations:**

*   This assessment is based solely on the provided image. A comprehensive evaluation would require a complete ophthalmologic examination, including visual acuity testing, fundus photography, and potentially other diagnostic tests.
*   The severity of diabetic retinopathy can vary depending on the individual's glycemic control, duration of diabetes, and other factors.
*   The presence of macular edema can significantly impact vision and quality of life.

**Recommendations:**

*   The patient should be referred to an ophthalmologist for a comprehensive evaluation and management plan.
*   Management options for severe diabetic retinopathy may include laser photocoagulation, intravitreal injections of anti-VEGF medications, and/or vitrectomy surgery.
*   Strict glycemic control is essential to prevent further progression of diabetic retinopathy.

**Disclaimer:**",47.2
33358_right,4,zero_shot,"Based on the retinal fundus image, the findings are highly suggestive of **severe diabetic retinopathy with extensive retinal hemorrhages and neovascularization.**

Here's a breakdown of the key findings:

*   **Extensive Retinal Hemorrhages:** The image shows widespread areas of bleeding throughout the retina. This indicates significant damage to the retinal blood vessels.
*   **Neovascularization:** The presence of new, abnormal blood vessels (neovascularization) is a hallmark of proliferative diabetic retinopathy (PDR). These vessels are fragile and prone to bleeding, further contributing to the hemorrhages.
*   **Cotton Wool Spots:** These are small, white patches representing areas of retinal nerve fiber layer infarction (ischemia). They are a sign of retinal ischemia.
*   **Macular Edema:** The macula, the central part of the retina responsible for sharp, central vision, appears to be swollen. This is often associated with diabetic retinopathy and can significantly impair vision.
*   **Overall Appearance:** The image shows a diffuse, widespread pattern of abnormalities, indicating a severe and advanced stage of diabetic retinopathy.

**Assessment of Diabetic Retinopathy Severity:**

Given the presence of extensive hemorrhages, neovascularization, cotton wool spots, and macular edema, the diabetic retinopathy severity is classified as **severe proliferative diabetic retinopathy (PDR)**. This is a sight-threatening condition that requires prompt and aggressive treatment to prevent further vision loss.

**Important Considerations:**

*   This assessment is based solely on the provided retinal fundus image. A comprehensive evaluation would also include a detailed history of the patient's diabetes, blood sugar control, and other relevant factors.
*   The presence of neovascularization is a critical finding that necessitates immediate intervention to prevent further complications such as vitreous hemorrhage, tractional retinal detachment, and neovascular glaucoma.

**Disclaimer:** This information is for educational purposes only and should not be considered medical advice. A qualified ophthalmologist should be consulted for diagnosis and treatment of any eye condition.",39.0
9863_left,4,zero_shot,"Okay, based on the retinal fundus image provided, here's a description and assessment of the diabetic retinopathy severity:

**Description of Findings:**

*   **Macular Edema:** There appears to be some evidence of macular edema, indicated by the blurring of the central retinal details.
*   **Microaneurysms:** There are some microaneurysms present, which are small, abnormal bulges in the walls of the retinal capillaries.
*   **Cotton Wool Spots:** There are some cotton wool spots, which are white, fluffy patches that represent areas of nerve fiber layer infarction (ischemia).
*   **Hemorrhages:** There are some hemorrhages present, which are areas of bleeding within the retina.
*   **Retinal Vein Occlusion:** There is a retinal vein occlusion, which is a blockage of a retinal vein.

**Diabetic Retinopathy Severity Assessment:**

Based on the findings, the diabetic retinopathy severity is likely **moderate to severe**.

*   The presence of microaneurysms, cotton wool spots, and hemorrhages indicates a significant level of retinal damage.
*   The macular edema further complicates the situation, as it can lead to vision loss.
*   The retinal vein occlusion is a serious finding that can cause further retinal damage.

**Important Considerations:**

*   This assessment is based solely on the provided image. A comprehensive evaluation would require a complete ophthalmologic examination, including visual acuity testing, fundus photography, and potentially other imaging modalities (e.g., OCT, fluorescein angiography).
*   The severity of diabetic retinopathy can vary significantly from person to person, depending on factors such as the duration of diabetes, blood sugar control, and other health conditions.
*   The presence of macular edema can significantly impact visual acuity and quality of life.

**Recommendations:**

*   The patient should be referred to an ophthalmologist for a comprehensive evaluation and management plan.
*   The ophthalmologist will likely recommend monitoring the condition with regular fundus examinations.
*   Management options may include laser photocoagulation, intravitreal injections of anti-VEGF medications, and/or other treatments to reduce macular edema and prevent further vision loss.
*   Strict blood sugar control is essential to prevent further progression of diabetic retinopathy.

**Disclaimer:** This information is for educational purposes only and should not be considered medical advice. It is essential to consult with a qualified ophthalmologist for diagnosis and treatment of any eye condition.",47.4
18017_left,4,zero_shot,"Okay, based on the provided image, here's a description of the findings and an assessment of the diabetic retinopathy severity:

**Description of Findings:**

*   **Bright, Reflective Image:** The image is dominated by a very bright, reflective area. This is likely a specular reflection, which can occur from the lens, the retina itself, or even a foreign object in the eye.
*   **Limited View of the Retina:** Due to the strong reflection, it's difficult to see the retinal details clearly. The fundus is not well-defined.
*   **Possible Peripheral Findings:** There are some faint, blurry structures visible in the periphery, but they are not easily discernible.

**Assessment of Diabetic Retinopathy Severity:**

Based on the limited information available, it is impossible to definitively assess the severity of diabetic retinopathy. However, here's a preliminary assessment:

*   **Cannot Determine Severity:** The image is not clear enough to assess for the presence of microaneurysms, hemorrhages, exudates, or neovascularization, which are key indicators of diabetic retinopathy severity.
*   **Possible Early Stage:** If the reflection is due to a specular reflection from the lens, it could be a sign of early diabetic retinopathy. However, this is just a speculation.

**Recommendations:**

*   **Repeat Examination:** A repeat examination with a better-quality fundus image is crucial.
*   **Clinical History:** The patient's medical history, including their diabetes control, duration of diabetes, and any previous eye exams, is essential for accurate assessment.
*   **Dilated Fundus Examination:** A dilated fundus examination is necessary to visualize the retina in detail and assess for diabetic retinopathy.

**Disclaimer:** This assessment is based solely on the provided image and is not a substitute for a comprehensive ophthalmologic examination by a qualified professional.
",36.6
12108_left,4,zero_shot,"Okay, based on the retinal fundus image provided, here's a detailed assessment of the findings and a diabetic retinopathy severity assessment:

**Findings:**

*   **Extensive Retinal Changes:** The image shows widespread retinal changes, including areas of hyperpigmentation, edema, and hemorrhage.
*   **Macular Edema:** There is evidence of macular edema, which is a common complication of diabetic retinopathy. The edema appears as a hazy, indistinct area in the macula.
*   **Microaneurysms:** Microaneurysms are small, abnormal bulges in the walls of retinal blood vessels. They are a hallmark of diabetic retinopathy.
*   **Hemorrhages:** There are numerous hemorrhages throughout the retina, indicating bleeding from damaged blood vessels.
*   **Cotton Wool Spots:** These are white, fluffy patches that represent areas of retinal nerve fiber layer infarction (tissue death due to lack of blood supply).
*   **Neovascularization:** The presence of new, abnormal blood vessels (neovascularization) is a significant finding. These vessels are fragile and prone to bleeding, leading to further vision loss.
*   **Iris Pigmentation:** The iris appears to have a significant amount of pigmentation, which can be associated with certain types of diabetes or other conditions.

**Diabetic Retinopathy Severity Assessment:**

Based on the findings, the diabetic retinopathy severity is likely **Severe**.

**Justification:**

*   **Neovascularization:** The presence of neovascularization is a key indicator of severe diabetic retinopathy.
*   **Macular Edema:** Macular edema significantly impacts central vision and can lead to severe visual impairment.
*   **Extensive Hemorrhages and Cotton Wool Spots:** These findings suggest significant retinal damage and vascular dysfunction.
*   **Overall Appearance:** The image shows a very abnormal and widespread appearance of the retina, indicating a high level of disease severity.

**Important Considerations:**

*   **This assessment is based solely on the provided image.** A comprehensive evaluation requires a complete ophthalmologic examination, including visual acuity testing, fundus photography, and potentially other diagnostic tests.
*   **The severity of diabetic retinopathy can vary.** The specific findings and their extent can influence the overall severity.
*   **The presence of neovascularization is a critical factor in determining the severity.**

**Recommendations:**

Given the likely severity of diabetic retinopathy, the following recommendations are crucial:

*   **Immediate Referral to a Retina Specialist:**",47.4
24773_left,4,zero_shot,"Okay, based on the retinal fundus image provided, here's a detailed description and assessment of the diabetic retinopathy severity:

**Description of Findings:**

*   **Macular Edema:** There is significant macular edema, indicated by the blurring and indistinctness of the central retinal details. The fluid accumulation is obscuring the normal retinal architecture.
*   **Retinal Hemorrhages:** Numerous retinal hemorrhages are present, both dot-blot and flame-shaped. These are indicative of damaged blood vessels and leakage.
*   **Cotton Wool Spots:** These are white, fluffy lesions representing areas of retinal nerve fiber layer infarction. They are scattered throughout the fundus.
*   **Neovascularization:** There is evidence of neovascularization (new blood vessel growth) in the periphery of the retina. This is a hallmark of proliferative diabetic retinopathy. The new vessels are often fragile and prone to bleeding.
*   **Vitreous Hemorrhage:** There is a significant vitreous hemorrhage, obscuring the view of the retina. This is a complication of neovascularization, where blood leaks into the vitreous cavity.
*   **Retinal Detachment:** There is evidence of retinal detachment, likely due to the neovascularization and vitreous hemorrhage. The detached retina is not clearly visible due to the vitreous hemorrhage.
*   **Overall Fundus Appearance:** The fundus appears hazy and edematous, with significant obscuration of the retinal details.

**Assessment of Diabetic Retinopathy Severity:**

Based on these findings, the diabetic retinopathy severity is **severe**. Specifically, this appears to be a case of **proliferative diabetic retinopathy (PDR) with vitreous hemorrhage and retinal detachment.**

**Severity Justification:**

*   **Proliferative Diabetic Retinopathy (PDR):** The presence of neovascularization is the defining feature of PDR.
*   **Vitreous Hemorrhage:** This is a serious complication of PDR and can lead to significant vision loss.
*   **Retinal Detachment:** This is a sight-threatening complication of PDR and requires prompt treatment.
*   **Macular Edema:** This contributes to vision loss and can be difficult to treat.
*   **Hemorrhages and Cotton Wool Spots:** These indicate significant retinal damage and vascular dysfunction.

**Recommendations:**

This patient requires urgent ophthalmological evaluation and management. The following interventions are likely to be considered:

*   **Vitrectomy:**",47.4
20752_right,4,zero_shot,"Based on the retinal fundus image, the findings are highly suggestive of **severe diabetic retinopathy with vitreous hemorrhage and likely neovascularization.**

Here's a breakdown of the key findings:

*   **Extensive Hemorrhages:** The image shows widespread, significant retinal hemorrhages throughout the fundus. These are likely due to the breakdown of the blood-retinal barrier, a common feature of diabetic retinopathy.
*   **Vitreous Hemorrhage:** The presence of blood within the vitreous humor (the gel-like substance that fills the eye) is a critical finding. This is often caused by the bleeding from the retinal hemorrhages. The vitreous hemorrhage obscures the view of the retina, making it difficult to assess the extent of the disease.
*   **Neovascularization:** The presence of new, abnormal blood vessels (neovascularization) is a hallmark of proliferative diabetic retinopathy (PDR). These vessels are fragile and prone to bleeding, contributing to the vitreous hemorrhage and retinal damage. The image shows these vessels in the periphery of the fundus.
*   **Cotton Wool Spots:** These are small, white patches representing areas of retinal nerve fiber layer infarction. They are also indicative of diabetic retinopathy.
*   **Macular Edema:** The presence of fluid in the macula (the central part of the retina responsible for sharp, central vision) is another common finding in diabetic retinopathy. It can cause blurred vision.
*   **Overall Appearance:** The image shows a very abnormal and destructive appearance of the retina, with widespread hemorrhages, neovascularization, and vitreous blood.

**Severity Assessment:**

Given the presence of vitreous hemorrhage, neovascularization, and extensive hemorrhages, this case represents **severe diabetic retinopathy.** The vitreous hemorrhage significantly impairs vision and can lead to tractional retinal detachment, which can cause permanent vision loss.

**Management:**

The management of severe diabetic retinopathy with vitreous hemorrhage typically involves:

*   **Vitrectomy:** Surgical removal of the vitreous blood is often necessary to clear the view of the retina and prevent further damage.
*   **Anti-VEGF Injections:** Medications that inhibit vascular endothelial growth factor (VEGF) can help to reduce neovascularization and bleeding.
*   **Laser Photocoagulation:** Laser treatment can be used to destroy neovascular vessels and reduce the risk of bleeding.
*   **Intravitreal Steroids:** Steroid injections can help to reduce inflammation and macular edema",47.4
13066_right,4,zero_shot,"Okay, I've reviewed the retinal fundus image. Here's a description of the findings and an assessment of the diabetic retinopathy severity:

**Findings:**

*   **Microaneurysms:** These are small, red dots representing ruptures in the capillary walls. They are present in multiple locations throughout the fundus.
*   **Hemorrhages:** There are several areas of bleeding visible, including dot-blot hemorrhages (small, deep hemorrhages) and flame-shaped hemorrhages (longer, more superficial hemorrhages).
*   **Cotton Wool Spots:** These are fluffy, white patches representing areas of retinal nerve fiber layer infarction (ischemia). They are present in the nerve fiber layer.
*   **Hard Exudates:** These are yellowish, waxy deposits that represent lipid and protein leakage from damaged blood vessels. They are present in the macula.
*   **Macular Edema:** There is evidence of fluid accumulation in the macula, which can cause blurred central vision.
*   **Retinal Vein Occlusion:** There is a possible retinal vein occlusion in the inferior retina.

**Diabetic Retinopathy Severity Assessment:**

Based on the findings, the diabetic retinopathy severity is likely **Moderate to Severe**.

**Explanation:**

*   The presence of microaneurysms, hemorrhages, cotton wool spots, and hard exudates indicates significant retinal damage.
*   The macular edema further complicates the situation, as it can lead to vision loss.
*   The presence of a possible retinal vein occlusion is also a significant finding.

**Important Considerations:**

*   This assessment is based solely on the provided image. A comprehensive evaluation would require a complete ophthalmologic examination, including visual acuity testing, fundus photography, and potentially other imaging modalities (e.g., OCT, fluorescein angiography).
*   The severity of diabetic retinopathy can vary significantly from person to person, depending on factors such as the duration of diabetes, glycemic control, and other health conditions.
*   The presence of macular edema can significantly impact visual acuity and quality of life.

**Recommendations:**

*   The patient should be referred to an ophthalmologist for a comprehensive evaluation and management plan.
*   The ophthalmologist will likely recommend monitoring the condition with regular fundus examinations.
*   Management options may include laser photocoagulation, intravitreal injections of anti-VEGF medications, and/or other treatments to reduce macular edema and prevent further vision",47.8
31461_right,4,zero_shot,"Okay, based on the retinal fundus image provided, here's a detailed description and assessment of the diabetic retinopathy severity:

**Findings:**

*   **Widespread Hemorrhages:** There are numerous, large, and confluent areas of retinal hemorrhages throughout the fundus. These are particularly prominent in the nerve fiber layer and the outer retinal layers.
*   **Cotton Wool Spots:**  These are fluffy, white lesions representing areas of retinal nerve fiber layer infarction. They are scattered throughout the fundus, particularly in the nerve fiber layer.
*   **Microaneurysms:**  These are small, red dots representing aneurysms in the retinal capillaries. They are present, but their density is difficult to precisely quantify in this image due to the overall severity of the other findings.
*   **Macular Edema:**  The macula, the central part of the retina responsible for sharp central vision, appears to have significant edema. This is indicated by the blurring and indistinctness of the retinal details in the macula.
*   **Vitreous Hemorrhage:** There is a significant amount of blood in the vitreous humor, obscuring the view of the retina. This is a major finding.
*   **Retinal Detachment:** There is evidence of a retinal detachment, with the detached retina appearing as a relatively flat, elevated area.
*   **Overall Appearance:** The fundus appears very inflamed and edematous. The overall appearance is one of severe retinal damage.

**Diabetic Retinopathy Severity Assessment:**

Based on these findings, the diabetic retinopathy severity is **Severe**. Specifically, this appears to be a case of **Diabetic Retinopathy with Proliferative Diabetic Retinopathy (PDR) and Vitreous Hemorrhage.**

**Explanation of Severity:**

*   **Severe Diabetic Retinopathy:** The presence of vitreous hemorrhage, retinal detachment, and significant macular edema indicates a very advanced stage of diabetic retinopathy.
*   **Proliferative Diabetic Retinopathy (PDR):** The presence of neovascularization (new blood vessel growth) is not explicitly visible in this image, but the retinal detachment and vitreous hemorrhage are strong indicators of PDR. PDR is a hallmark of proliferative diabetic retinopathy.
*   **Vitreous Hemorrhage:** This is a serious complication of diabetic retinopathy and can lead to significant vision loss.

**Clinical Implications:**

This patient requires urgent ophthalmological evaluation and management. The following",47.1
16392_left,4,zero_shot,"Okay, based on the retinal fundus image provided, here's a description of the findings and an assessment of the diabetic retinopathy severity:

**Description of Findings:**

*   **Widespread Retinal Edema:** There is significant retinal edema, appearing as a hazy, indistinct appearance of the retinal vessels and the overall fundus. This is a hallmark of diabetic retinopathy.
*   **Microaneurysms:** Numerous microaneurysms are present, which are small, red, and dot-like lesions on the retinal surface. These are a sign of early diabetic retinopathy.
*   **Hemorrhages:** There are numerous hemorrhages throughout the retina, appearing as red spots or blotches. These can be flame-shaped (linear) or dot-blot (small, round).
*   **Cotton Wool Spots:** These are fluffy, white patches representing areas of retinal nerve fiber layer infarction. They indicate ischemia (lack of blood flow).
*   **Hard Exudates:** These are yellowish, waxy deposits that represent lipid and protein leakage from damaged blood vessels. They are a sign of more advanced diabetic retinopathy.
*   **Vitreous Hemorrhage:** There is evidence of blood in the vitreous humor, which is the clear gel that fills the eye. This can cause blurred vision and floaters.
*   **Macular Edema:** The macula, the central part of the retina responsible for sharp, central vision, appears to be affected by edema. This can lead to significant vision loss.
*   **Neovascularization:** There is evidence of neovascularization, which is the growth of new, abnormal blood vessels. These vessels are fragile and prone to bleeding, leading to further complications.

**Assessment of Diabetic Retinopathy Severity:**

Based on the findings, this patient has **severe diabetic retinopathy**. The presence of vitreous hemorrhage, macular edema, and neovascularization indicates a high risk of vision loss.

**Specific Severity Grades (Based on the International Clinical Diabetic Retinopathy Disease Severity Scale):**

*   **Severe Non-Proliferative Diabetic Retinopathy (NPDR):** This is the most likely grade, given the presence of vitreous hemorrhage, macular edema, and hard exudates.
*   **Proliferative Diabetic Retinopathy (PDR):** The presence of neovascularization indicates PDR.

**Important Considerations:**

*   **This is a preliminary assessment based on a single image.** A comprehensive",47.4
38064_left,4,zero_shot,"Okay, based on the retinal fundus image provided, here's a detailed description and assessment of the diabetic retinopathy severity:

**Description of Findings:**

*   **Widespread Retinal Changes:** The image shows extensive retinal changes, including microaneurysms, hemorrhages, cotton wool spots, and hard exudates. These findings are indicative of diabetic retinopathy.
*   **Microaneurysms:** These are small, red dots representing weakened blood vessel walls. They are a hallmark of diabetic retinopathy.
*   **Hemorrhages:** These are areas of bleeding within the retina. They can be dot-blot hemorrhages (small, localized bleeding) or flame-shaped hemorrhages (larger, more diffuse bleeding).
*   **Cotton Wool Spots:** These are white or yellowish-white patches representing areas of nerve fiber layer infarction (ischemia). They are a sign of retinal ischemia.
*   **Hard Exudates:** These are yellowish, waxy deposits that represent lipid and protein leakage from damaged blood vessels. They are a sign of chronic diabetic retinopathy.
*   **Macular Edema:** The macula, the central part of the retina responsible for central vision, appears to be affected by edema (swelling). This can cause blurred vision.
*   **Overall Appearance:** The image shows a generally ""waxy"" or ""yellowish"" appearance, which is consistent with the presence of hard exudates.

**Assessment of Diabetic Retinopathy Severity:**

Based on the findings described above, the diabetic retinopathy severity is likely **severe**.

Here's why:

*   **Widespread Changes:** The presence of microaneurysms, hemorrhages, cotton wool spots, and hard exudates throughout the retina indicates a significant degree of retinal damage.
*   **Macular Edema:** Macular edema is a major cause of vision loss in diabetic retinopathy and is a sign of advanced disease.
*   **Presence of Hard Exudates:** Hard exudates are a sign of chronic diabetic retinopathy and indicate that the disease has been present for a long time.

**Important Considerations:**

*   **This is a preliminary assessment based on a single image.** A comprehensive evaluation requires a complete ophthalmologic examination, including visual acuity testing, fundus photography, and potentially other imaging modalities (e.g., optical coherence tomography (OCT), fluorescein angiography).
*   **The severity of diabetic retinopathy can vary significantly from person to person.** Factors such as the duration",47.4
7853_right,4,zero_shot,"Okay, based on the retinal fundus image provided, here's a description of the findings and an assessment of the diabetic retinopathy severity:

**Description of Findings:**

*   **Diffuse Retinal Hemorrhages:** There are numerous, widespread hemorrhages throughout the retina. These appear as bright red spots or streaks.
*   **Cotton Wool Spots:** These are fluffy, white patches representing areas of retinal nerve fiber layer infarction. They are also present throughout the retina.
*   **Macular Edema:** The macula, the central part of the retina responsible for sharp central vision, appears to have significant swelling. This is indicated by the blurred or indistinct appearance of the fovea (the central pit of the macula).
*   **Intraretinal Microvascular Abnormalities (IRMAs):** These are small, abnormal blood vessels that grow within the retina. They appear as small, red dots or streaks.
*   **Neovascularization:** The presence of new, abnormal blood vessels (neovascularization) is evident. These vessels are often fragile and prone to bleeding.
*   **Iris Granulation:** The iris (the colored part of the eye) shows signs of granulation tissue, which is a response to inflammation and neovascularization.
*   **Overall Appearance:** The image is characterized by a very high density of retinal abnormalities, resulting in a generally hazy and indistinct appearance.

**Diabetic Retinopathy Severity Assessment:**

Based on these findings, the diabetic retinopathy severity is **severe**.

**Justification:**

*   **Presence of Neovascularization:** The presence of new blood vessels (neovascularization) is a hallmark of proliferative diabetic retinopathy (PDR), which is the most severe form of diabetic retinopathy.
*   **Macular Edema:** Significant macular edema indicates that the abnormal blood vessels are leaking fluid into the macula, causing swelling and potentially vision loss.
*   **Extensive Hemorrhages and Cotton Wool Spots:** The widespread hemorrhages and cotton wool spots suggest significant retinal damage and ischemia (lack of blood flow).
*   **Iris Granulation:** The presence of granulation tissue on the iris is a sign of significant inflammation and neovascularization.

**Important Considerations:**

*   **This is a preliminary assessment based on a single image.** A comprehensive evaluation requires a full dilated fundus examination, including assessment of the optic disc, peripheral retina, and other relevant structures.
*   **The severity of diabetic retinopathy can vary significantly from",47.4
